{
"type": "FeatureCollection",
"name": "landuse_near_stations",
"crs": { "type": "name", "properties": { "name": "urn:ogc:def:crs:OGC:1.3:CRS84" } },
"features": [
{ "type": "Feature", "properties": { "land_use": "commercial" }, "geometry": { "type": "MultiPolygon", "coordinates": [ [ [ [ 101.4595231, 2.9745454 ], [ 101.4598441, 2.9744578 ], [ 101.4602182, 2.9742061 ], [ 101.4608524, 2.9733697 ], [ 101.4614459, 2.9724481 ], [ 101.461485791734987, 2.972245616737303 ], [ 101.46087108977575, 2.971929357025665 ], [ 101.4597917, 2.9734242 ], [ 101.4595041, 2.973694 ], [ 101.4574371, 2.9737497 ], [ 101.4573484, 2.9739966 ], [ 101.4573395, 2.9743491 ], [ 101.4574444, 2.9745341 ], [ 101.4595231, 2.9745454 ] ] ], [ [ [ 101.4576634, 2.9763151 ], [ 101.456710500000014, 2.9774779 ], [ 101.4569107, 2.9776433 ], [ 101.457942200000019, 2.9764265 ], [ 101.4576634, 2.9763151 ] ] ], [ [ [ 101.444666422853231, 2.988696533258357 ], [ 101.443830860966116, 2.989014848201938 ], [ 101.4442346, 2.9893345 ], [ 101.444666422853231, 2.988696533258357 ] ] ], [ [ [ 101.445289001199541, 2.988573507696581 ], [ 101.4447688, 2.9890039 ], [ 101.4444944, 2.9894826 ], [ 101.4453191, 2.9896124 ], [ 101.4457412, 2.9895016 ], [ 101.446835635582744, 2.988655282271618 ], [ 101.446263648648213, 2.988557390798831 ], [ 101.445289001199541, 2.988573507696581 ] ] ], [ [ [ 101.448350967894555, 2.989314069725689 ], [ 101.447627, 2.99054 ], [ 101.4481776, 2.990741 ], [ 101.4479809, 2.9914066 ], [ 101.450191814940993, 2.991972838448992 ], [ 101.4497928014937, 2.990916686514614 ], [ 101.44900458965671, 2.989853188068222 ], [ 101.448350967894555, 2.989314069725689 ] ] ], [ [ [ 101.572953490849812, 2.992394011498952 ], [ 101.5734927, 2.9924513 ], [ 101.5736202, 2.9926119 ], [ 101.5739752, 2.9931938 ], [ 101.5746893, 2.9947274 ], [ 101.575374700000012, 2.994365 ], [ 101.574148318732242, 2.991810476817969 ], [ 101.573363307086495, 2.992141156560127 ], [ 101.572953490849812, 2.992394011498952 ] ] ], [ [ [ 101.4456364, 2.993583 ], [ 101.4459305, 2.9925579 ], [ 101.4449108, 2.992085 ], [ 101.4443395, 2.9919189 ], [ 101.4439116, 2.9939091 ], [ 101.4430279, 2.9958872 ], [ 101.4433792, 2.9967001 ], [ 101.4441785, 2.9970684 ], [ 101.4443851, 2.9970014 ], [ 101.4450992, 2.9955162 ], [ 101.4458268, 2.9937411 ], [ 101.4456364, 2.993583 ] ] ], [ [ [ 101.571364417899247, 2.994338434366444 ], [ 101.571211625214005, 2.994750375798918 ], [ 101.5713608, 2.9947517 ], [ 101.571364417899247, 2.994338434366444 ] ] ], [ [ [ 101.4476677, 2.9929552 ], [ 101.4470772, 2.9926266 ], [ 101.446801, 2.99268 ], [ 101.4448404, 2.9971282 ], [ 101.4449521, 2.9973862 ], [ 101.445612008389446, 2.997564494058958 ], [ 101.4476677, 2.9929552 ] ] ], [ [ [ 101.574477, 2.9951849 ], [ 101.5741985, 2.9949765 ], [ 101.572297300000017, 2.995012 ], [ 101.5723551, 2.996558 ], [ 101.5742533, 2.9965472 ], [ 101.5744806, 2.9964319 ], [ 101.574477, 2.9951849 ] ] ], [ [ [ 101.57114375309186, 2.994995488654471 ], [ 101.570996584349047, 2.996132115309265 ], [ 101.571021712805205, 2.996591339375874 ], [ 101.571433700000014, 2.9966016 ], [ 101.5715324, 2.9964773 ], [ 101.5715238, 2.9949988 ], [ 101.57114375309186, 2.994995488654471 ] ] ], [ [ [ 101.571563500000011, 2.9976436 ], [ 101.571563500000011, 2.9971373 ], [ 101.571118063569017, 2.99714486166528 ], [ 101.571264314631335, 2.997641791303594 ], [ 101.571563500000011, 2.9976436 ] ] ], [ [ [ 101.4418879, 3.0019701 ], [ 101.4420856, 3.0018353 ], [ 101.4420588, 3.0017403 ], [ 101.4418126, 3.0018483 ], [ 101.4417137, 3.0020056 ], [ 101.4418811, 3.0025752 ], [ 101.44199380000002, 3.0024931 ], [ 101.4420087, 3.0023924 ], [ 101.4418614, 3.002083 ], [ 101.4418879, 3.0019701 ] ] ], [ [ [ 101.442989, 3.0017938 ], [ 101.4427732, 3.0027527 ], [ 101.4433177, 3.002734 ], [ 101.4434989, 3.0019054 ], [ 101.442989, 3.0017938 ] ] ], [ [ [ 101.4403876, 3.0066567 ], [ 101.4412782, 3.0073916 ], [ 101.441592, 3.006963 ], [ 101.4415706, 3.0058969 ], [ 101.4414633, 3.0051871 ], [ 101.4413077, 3.0050291 ], [ 101.4401007, 3.0050237 ], [ 101.440089, 3.0062257 ], [ 101.4391893, 3.0073527 ], [ 101.4396472, 3.0076277 ], [ 101.4403876, 3.0066567 ] ] ], [ [ [ 101.5691237, 3.0065424 ], [ 101.5685113, 3.007003 ], [ 101.5685046, 3.0070914 ], [ 101.5687675, 3.0074249 ], [ 101.568856, 3.007441 ], [ 101.5694675, 3.0069722 ], [ 101.5694682, 3.0068905 ], [ 101.5691237, 3.0065424 ] ] ], [ [ [ 101.440917, 3.0072522 ], [ 101.440418100000016, 3.0068129 ], [ 101.4403161, 3.0068022 ], [ 101.4396885, 3.00767 ], [ 101.4400855, 3.0078602 ], [ 101.4402652, 3.0080932 ], [ 101.440917, 3.0072522 ] ] ], [ [ [ 101.4447229, 3.007547 ], [ 101.4441234, 3.0075864 ], [ 101.444142, 3.0081652 ], [ 101.445077469447995, 3.008216263097661 ], [ 101.445636336991782, 3.007399505116403 ], [ 101.445890391385362, 3.006810460667396 ], [ 101.4447271, 3.0068635 ], [ 101.4447229, 3.007547 ] ] ], [ [ [ 101.4434514, 3.0082049 ], [ 101.4434193, 3.0071351 ], [ 101.4426201, 3.0071402 ], [ 101.4415573, 3.0085255 ], [ 101.441346, 3.0088208 ], [ 101.4413494, 3.0089102 ], [ 101.4416688, 3.0091212 ], [ 101.4424241, 3.0094384 ], [ 101.4429563, 3.0094789 ], [ 101.4434514, 3.0082049 ] ] ], [ [ [ 101.438495363587421, 3.008480843864485 ], [ 101.43917783566485, 3.009041359040114 ], [ 101.439966034075667, 3.00946084551372 ], [ 101.4403939, 3.0088298 ], [ 101.440419, 3.0086742 ], [ 101.4400125, 3.0083232 ], [ 101.4386193, 3.0074918 ], [ 101.43757988129552, 3.007148415333855 ], [ 101.437934776770049, 3.007797244147688 ], [ 101.438495363587421, 3.008480843864485 ] ] ], [ [ [ 101.436166701384153, 3.014873116075552 ], [ 101.4385849, 3.0144777 ], [ 101.4385528, 3.0143056 ], [ 101.438448, 3.0142331 ], [ 101.436229521158324, 3.014618574221002 ], [ 101.436166701384153, 3.014873116075552 ] ] ], [ [ [ 101.4436163, 3.014524 ], [ 101.4420246, 3.0146607 ], [ 101.4419841, 3.0144902 ], [ 101.4406881, 3.0146185 ], [ 101.4411815, 3.0165674 ], [ 101.4425163, 3.0164847 ], [ 101.444015100000016, 3.0161253 ], [ 101.4439593, 3.0155381 ], [ 101.4438056, 3.0155684 ], [ 101.4437092, 3.014583 ], [ 101.4436163, 3.014524 ] ] ], [ [ [ 101.5737148, 3.0193106 ], [ 101.5737241, 3.0197954 ], [ 101.573924, 3.0197954 ], [ 101.5739213, 3.019316 ], [ 101.5737148, 3.0193106 ] ] ], [ [ [ 101.569913900000017, 3.0208274 ], [ 101.5699216, 3.0214376 ], [ 101.570462400000011, 3.0214397 ], [ 101.5704645, 3.0208232 ], [ 101.569913900000017, 3.0208274 ] ] ], [ [ [ 101.56764079195257, 3.022188533732636 ], [ 101.567554564274189, 3.022718709688754 ], [ 101.567533992667947, 3.023162308568727 ], [ 101.5680773, 3.0228777 ], [ 101.5676993, 3.0221579 ], [ 101.56764079195257, 3.022188533732636 ] ] ], [ [ [ 101.442211, 3.0244513 ], [ 101.4422177, 3.0245879 ], [ 101.4423679, 3.0245933 ], [ 101.4423733, 3.0247513 ], [ 101.442561, 3.0248571 ], [ 101.442582500000015, 3.0241687 ], [ 101.4423451, 3.0241714 ], [ 101.442211, 3.0244513 ] ] ], [ [ [ 101.438478514408573, 3.024164608183689 ], [ 101.438973, 3.0252158 ], [ 101.4395307, 3.0248629 ], [ 101.4390049, 3.0238382 ], [ 101.438478514408573, 3.024164608183689 ] ] ], [ [ [ 101.5715204, 3.0249008 ], [ 101.5708432, 3.0249021 ], [ 101.5708405, 3.0254405 ], [ 101.5715244, 3.0254445 ], [ 101.5715204, 3.0249008 ] ] ], [ [ [ 101.4430337, 3.026595 ], [ 101.4430646, 3.0261964 ], [ 101.4428198, 3.0261401 ], [ 101.4427421, 3.0265344 ], [ 101.4430337, 3.026595 ] ] ], [ [ [ 101.441099, 3.0260935 ], [ 101.4405511, 3.0290003 ], [ 101.441416300000014, 3.0294829 ], [ 101.441957, 3.0264811 ], [ 101.4418997, 3.0263618 ], [ 101.4413502, 3.0262561 ], [ 101.4412811, 3.0261318 ], [ 101.441099, 3.0260935 ] ] ], [ [ [ 101.4425655, 3.0285064 ], [ 101.443041400000013, 3.0267402 ], [ 101.4427845, 3.0266862 ], [ 101.4423609, 3.028214 ], [ 101.4423014, 3.0293796 ], [ 101.4425452, 3.0293325 ], [ 101.4425655, 3.0285064 ] ] ], [ [ [ 101.4422705, 3.0295863 ], [ 101.4422563, 3.0299617 ], [ 101.4425392, 3.0299738 ], [ 101.4425688, 3.0296015 ], [ 101.4422705, 3.0295863 ] ] ], [ [ [ 101.449127926121605, 3.043013070538997 ], [ 101.448367025415379, 3.042787463184534 ], [ 101.447929484537269, 3.042723335378784 ], [ 101.4481488, 3.0433772 ], [ 101.449127926121605, 3.043013070538997 ] ] ], [ [ [ 101.4491695, 3.0433592 ], [ 101.4490877, 3.0431088 ], [ 101.4482115, 3.0434476 ], [ 101.4483045, 3.0436846 ], [ 101.4491695, 3.0433592 ] ] ], [ [ [ 101.4485113, 3.0469962 ], [ 101.4486387, 3.0475164 ], [ 101.4488874, 3.0474602 ], [ 101.44875, 3.0469299 ], [ 101.4485113, 3.0469962 ] ] ], [ [ [ 101.4465415, 3.047221 ], [ 101.446087, 3.0475855 ], [ 101.4462857, 3.0478117 ], [ 101.4467202, 3.0474486 ], [ 101.4465415, 3.047221 ] ] ], [ [ [ 101.4486302, 3.0481183 ], [ 101.4487837, 3.0482391 ], [ 101.4489615, 3.0481386 ], [ 101.4487959, 3.0475103 ], [ 101.4483985, 3.047621 ], [ 101.4486302, 3.0481183 ] ] ], [ [ [ 101.449843, 3.0472384 ], [ 101.4492011, 3.0478225 ], [ 101.4494662, 3.0488109 ], [ 101.451721972069279, 3.04875888017044 ], [ 101.451927993138995, 3.047977770985038 ], [ 101.4501881, 3.0470569 ], [ 101.449843, 3.0472384 ] ] ], [ [ [ 101.4463974, 3.0478932 ], [ 101.446972, 3.04853 ], [ 101.4472067, 3.0483264 ], [ 101.4466542, 3.0476789 ], [ 101.4463974, 3.0478932 ] ] ], [ [ [ 101.443834373109141, 3.04983126013092 ], [ 101.4454084, 3.0485372 ], [ 101.445119800000015, 3.0482043 ], [ 101.4441101, 3.0487008 ], [ 101.443458935194741, 3.049190023699409 ], [ 101.443834373109141, 3.04983126013092 ] ] ], [ [ [ 101.4481891, 3.0486228 ], [ 101.4480935, 3.0483021 ], [ 101.4478577, 3.047957 ], [ 101.4477073, 3.047953 ], [ 101.4461665, 3.0494977 ], [ 101.4467336, 3.0501554 ], [ 101.4471259, 3.0504335 ], [ 101.4481891, 3.0486228 ] ] ], [ [ [ 101.4478726, 3.050736 ], [ 101.4486145, 3.0494977 ], [ 101.4486084, 3.0494226 ], [ 101.448019, 3.04911 ], [ 101.4473055, 3.0504376 ], [ 101.4478726, 3.050736 ] ] ], [ [ [ 101.451542302232355, 3.04918779619088 ], [ 101.4498537, 3.0492288 ], [ 101.450244, 3.0506671 ], [ 101.450472303930169, 3.05060607567813 ], [ 101.450981603770359, 3.050081109544632 ], [ 101.451542302232355, 3.04918779619088 ] ] ], [ [ [ 101.445010887535361, 3.050985431518033 ], [ 101.445789059190844, 3.051401291018543 ], [ 101.446515841629875, 3.051627328736142 ], [ 101.447112200000021, 3.0506886 ], [ 101.4465865, 3.0502933 ], [ 101.4453208, 3.0487484 ], [ 101.443904233514161, 3.04992550665752 ], [ 101.444328371729924, 3.050424944267762 ], [ 101.445010887535361, 3.050985431518033 ] ] ], [ [ [ 101.4481856, 3.0510945 ], [ 101.4485245, 3.0513506 ], [ 101.448584876607981, 3.051602237306478 ], [ 101.449229826080298, 3.051393420739956 ], [ 101.44983923316191, 3.051075075702715 ], [ 101.4496907, 3.0504839 ], [ 101.4492825, 3.0496984 ], [ 101.4490143, 3.0496315 ], [ 101.4488292, 3.0498484 ], [ 101.4481623, 3.0510032 ], [ 101.4481856, 3.0510945 ] ] ], [ [ [ 101.447825, 3.0510174 ], [ 101.4472331, 3.0506828 ], [ 101.446606662332201, 3.051649977966211 ], [ 101.447468316369324, 3.051739400591069 ], [ 101.447825, 3.0510174 ] ] ], [ [ [ 101.4484054, 3.0514066 ], [ 101.44821330000002, 3.0512936 ], [ 101.4480392, 3.0512971 ], [ 101.4478631, 3.051404 ], [ 101.447706001952582, 3.051731256159973 ], [ 101.448430380706995, 3.051641517300092 ], [ 101.4484054, 3.0514066 ] ] ], [ [ [ 101.4513429, 3.0556508 ], [ 101.4516294, 3.0566446 ], [ 101.4527509, 3.05634 ], [ 101.4523997, 3.0552601 ], [ 101.4513429, 3.0556508 ] ] ], [ [ [ 101.464012193805459, 3.058261242493698 ], [ 101.463489933034637, 3.058489448452318 ], [ 101.464459500000018, 3.0584843 ], [ 101.4644604, 3.0582581 ], [ 101.464012193805459, 3.058261242493698 ] ] ], [ [ [ 101.4512583, 3.0587109 ], [ 101.4518203, 3.0612215 ], [ 101.4522393, 3.0611076 ], [ 101.4522886, 3.0610138 ], [ 101.4521609, 3.0603775 ], [ 101.4516984, 3.0585209 ], [ 101.4512583, 3.0587109 ] ] ], [ [ [ 101.452392, 3.0600327 ], [ 101.4527043, 3.0611981 ], [ 101.4530545, 3.0612914 ], [ 101.4527176, 3.0599266 ], [ 101.452392, 3.0600327 ] ] ], [ [ [ 101.4523011, 3.0617959 ], [ 101.4510063, 3.062277 ], [ 101.4507405, 3.0631829 ], [ 101.451862, 3.0635029 ], [ 101.4523011, 3.0617959 ] ] ], [ [ [ 101.4632155, 3.063068 ], [ 101.4638163, 3.0626542 ], [ 101.4637372, 3.0625296 ], [ 101.4631484, 3.0629836 ], [ 101.4632155, 3.063068 ] ] ], [ [ [ 101.452315170937112, 3.063389702583016 ], [ 101.453258844104951, 3.063210753219613 ], [ 101.45392074773693, 3.062942316952505 ], [ 101.452543700000021, 3.0625139 ], [ 101.452315170937112, 3.063389702583016 ] ] ], [ [ [ 101.47005076586909, 3.062506559800135 ], [ 101.4675363, 3.0627949 ], [ 101.4667517, 3.0628103 ], [ 101.4669711, 3.0648201 ], [ 101.4675298, 3.0652515 ], [ 101.468239, 3.0653711 ], [ 101.4687592, 3.0653251 ], [ 101.4688915, 3.0647902 ], [ 101.469482458590008, 3.064693962996577 ], [ 101.469713318109157, 3.064219847046344 ], [ 101.469967196752791, 3.063371465216243 ], [ 101.47005076586909, 3.062506559800135 ] ] ], [ [ [ 101.4536261, 3.0648661 ], [ 101.4537765, 3.0648336 ], [ 101.453893655613797, 3.064474388040073 ], [ 101.453322073191458, 3.064014541062285 ], [ 101.452284780740257, 3.06350616841501 ], [ 101.4520528, 3.0643952 ], [ 101.4536261, 3.0648661 ] ] ], [ [ [ 101.4627444, 3.0655607 ], [ 101.4640779, 3.0645478 ], [ 101.463878400000013, 3.0642921 ], [ 101.463813, 3.0643411 ], [ 101.4633538, 3.0636993 ], [ 101.4620248, 3.0646818 ], [ 101.4627444, 3.0655607 ] ] ], [ [ [ 101.45404603466713, 3.064620754457042 ], [ 101.4539792, 3.0648312 ], [ 101.454313420166244, 3.064918852190217 ], [ 101.454301629706848, 3.064902946964643 ], [ 101.45404603466713, 3.064620754457042 ] ] ], [ [ [ 101.4847093, 3.0635483 ], [ 101.484307, 3.0637546 ], [ 101.483764600000015, 3.0642567 ], [ 101.483078281824717, 3.064508898821142 ], [ 101.482509692695373, 3.065502250832067 ], [ 101.482281652919383, 3.066245952448248 ], [ 101.4858809, 3.0663521 ], [ 101.485886800000017, 3.0636796 ], [ 101.4857044, 3.0634385 ], [ 101.4854442, 3.0633314 ], [ 101.4847093, 3.0635483 ] ] ], [ [ [ 101.4511538, 3.0650186 ], [ 101.4510073, 3.0655378 ], [ 101.4511462, 3.065574 ], [ 101.451255, 3.0655033 ], [ 101.4513754, 3.0650825 ], [ 101.4511538, 3.0650186 ] ] ], [ [ [ 101.4519143, 3.0658998 ], [ 101.4527408, 3.066063 ], [ 101.4530103, 3.0651448 ], [ 101.4540476, 3.0653961 ], [ 101.4542414, 3.0651769 ], [ 101.4520395, 3.0645287 ], [ 101.4517438, 3.0655897 ], [ 101.4519143, 3.0658998 ] ] ], [ [ [ 101.4896146, 3.0642001 ], [ 101.4879073, 3.0634157 ], [ 101.4877726, 3.0636993 ], [ 101.4883666, 3.0639958 ], [ 101.4883784, 3.0644818 ], [ 101.4885153, 3.0644885 ], [ 101.4884838, 3.0672011 ], [ 101.490998, 3.0671905 ], [ 101.4910512, 3.0671097 ], [ 101.491057463166186, 3.066263988461519 ], [ 101.490816301024992, 3.065482857445351 ], [ 101.490239966418002, 3.0644879058715 ], [ 101.4896168, 3.0644807 ], [ 101.4896146, 3.0642001 ] ] ], [ [ [ 101.4517554, 3.0665663 ], [ 101.45201560000001, 3.0665985 ], [ 101.4520893, 3.066352 ], [ 101.4518117, 3.0662663 ], [ 101.4515307, 3.0664321 ], [ 101.4513155, 3.0672774 ], [ 101.4515328, 3.067339 ], [ 101.4517554, 3.0665663 ] ] ], [ [ [ 101.4858376, 3.0678765 ], [ 101.4853679, 3.0676875 ], [ 101.4853476, 3.068548 ], [ 101.485814, 3.0685548 ], [ 101.4858376, 3.0678765 ] ] ], [ [ [ 101.4504173, 3.0675018 ], [ 101.4498625, 3.0695473 ], [ 101.4501388, 3.0696303 ], [ 101.4507106, 3.0675909 ], [ 101.4504173, 3.0675018 ] ] ], [ [ [ 101.4884002, 3.0677933 ], [ 101.4883464, 3.0698949 ], [ 101.490252434349259, 3.069939565832987 ], [ 101.49063661490456, 3.069343078938707 ], [ 101.490971517346239, 3.068525076813632 ], [ 101.4909722, 3.0678769 ], [ 101.4908303, 3.0678061 ], [ 101.4884002, 3.0677933 ] ] ], [ [ [ 101.4878852, 3.0687394 ], [ 101.4875137, 3.0687341 ], [ 101.4875042, 3.0690296 ], [ 101.4878757, 3.069037 ], [ 101.4878852, 3.0687394 ] ] ], [ [ [ 101.488032, 3.0676932 ], [ 101.4879346, 3.0676859 ], [ 101.487855100000019, 3.0703085 ], [ 101.4879642, 3.0703085 ], [ 101.488032, 3.0676932 ] ] ], [ [ [ 101.4514686, 3.0686233 ], [ 101.4510495, 3.0700457 ], [ 101.4526938, 3.0705118 ], [ 101.4531208, 3.0691429 ], [ 101.4514686, 3.0686233 ] ] ], [ [ [ 101.5244052, 3.0710025 ], [ 101.5253409, 3.070634 ], [ 101.5250509, 3.0698997 ], [ 101.5241151, 3.070268 ], [ 101.5244052, 3.0710025 ] ] ], [ [ [ 101.516766122864595, 3.070860802121094 ], [ 101.516961833552173, 3.071461233825232 ], [ 101.517253814442185, 3.07203256082707 ], [ 101.5173141, 3.0719952 ], [ 101.517763, 3.0705376 ], [ 101.5180279, 3.0695471 ], [ 101.5179849, 3.0694624 ], [ 101.5172446, 3.0692999 ], [ 101.5171399, 3.0693854 ], [ 101.516766122864595, 3.070860802121094 ] ] ], [ [ [ 101.5194158, 3.0709199 ], [ 101.5192589, 3.0716176 ], [ 101.5204287, 3.0718577 ], [ 101.5205568, 3.0712755 ], [ 101.5204924, 3.0711871 ], [ 101.5194158, 3.0709199 ] ] ], [ [ [ 101.524972003558119, 3.07202598967603 ], [ 101.525371940275008, 3.071148076651898 ], [ 101.5253439, 3.070761 ], [ 101.5244418, 3.0710808 ], [ 101.5246792, 3.0716516 ], [ 101.5246664, 3.0720032 ], [ 101.524972003558119, 3.07202598967603 ] ] ], [ [ [ 101.5186397, 3.0723027 ], [ 101.5188514, 3.0719891 ], [ 101.5189443, 3.071434 ], [ 101.518612, 3.0713411 ], [ 101.518765400000021, 3.0708334 ], [ 101.51823610000001, 3.0706769 ], [ 101.5181645, 3.0708895 ], [ 101.5180564, 3.0708562 ], [ 101.517982, 3.0711521 ], [ 101.5178229, 3.0711167 ], [ 101.5175354, 3.0720756 ], [ 101.5176309, 3.0722487 ], [ 101.5181033, 3.0723933 ], [ 101.5182993, 3.072411 ], [ 101.5186397, 3.0723027 ] ] ], [ [ [ 101.5181509, 3.0729218 ], [ 101.5182034, 3.0728897 ], [ 101.5181467, 3.0727964 ], [ 101.5180934, 3.072829 ], [ 101.5181509, 3.0729218 ] ] ], [ [ [ 101.518181, 3.0726947 ], [ 101.5180242, 3.0726593 ], [ 101.517989, 3.0728099 ], [ 101.518200953608087, 3.073161896019246 ], [ 101.518250714394526, 3.073207019974387 ], [ 101.5183817, 3.0732371 ], [ 101.5184165, 3.0730861 ], [ 101.518181, 3.0726947 ] ], [ [ 101.5182493, 3.0731862 ], [ 101.5180148, 3.0727945 ], [ 101.5180383, 3.0726821 ], [ 101.518159, 3.0727079 ], [ 101.518400900000017, 3.0730955 ], [ 101.5183687, 3.073216 ], [ 101.5182493, 3.0731862 ] ] ], [ [ [ 101.549800298801955, 3.075298882247679 ], [ 101.5498076, 3.0753564 ], [ 101.549944869268302, 3.075334917328334 ], [ 101.549800298801955, 3.075298882247679 ] ] ], [ [ [ 101.5494773, 3.075822 ], [ 101.5495657, 3.0764756 ], [ 101.5502531, 3.0764532 ], [ 101.5519679, 3.0768101 ], [ 101.55202664563906, 3.076488615139259 ], [ 101.551828970931723, 3.076309373077949 ], [ 101.55099, 3.0761464 ], [ 101.5510241, 3.0758423 ], [ 101.5504478, 3.0756054 ], [ 101.5500662, 3.0755826 ], [ 101.5495361, 3.0757083 ], [ 101.5494773, 3.075822 ] ] ], [ [ [ 101.5490931, 3.0755896 ], [ 101.547077716721986, 3.075589880937899 ], [ 101.546581905956174, 3.075849820951531 ], [ 101.5465745, 3.0778267 ], [ 101.5489671, 3.0778328 ], [ 101.548972400000011, 3.077976 ], [ 101.5492219, 3.0779787 ], [ 101.549293500000019, 3.0777714 ], [ 101.5493258, 3.0769373 ], [ 101.5492326, 3.075753 ], [ 101.5490931, 3.0755896 ] ] ], [ [ [ 101.5595254, 3.0809618 ], [ 101.5595282, 3.0812279 ], [ 101.5606371, 3.0812217 ], [ 101.5606441, 3.0807088 ], [ 101.559089, 3.0807134 ], [ 101.5590888, 3.0809653 ], [ 101.5595254, 3.0809618 ] ] ], [ [ [ 101.5636473, 3.0821468 ], [ 101.5636473, 3.081387 ], [ 101.5632634, 3.0811726 ], [ 101.562419300000016, 3.0811498 ], [ 101.5624491, 3.0821496 ], [ 101.5636473, 3.0821468 ] ] ], [ [ [ 101.5591266, 3.0814545 ], [ 101.5591169, 3.0819881 ], [ 101.5606225, 3.0819877 ], [ 101.5606247, 3.0814498 ], [ 101.5591266, 3.0814545 ] ] ], [ [ [ 101.5636828, 3.0814318 ], [ 101.5636817, 3.0821656 ], [ 101.5640877, 3.082156 ], [ 101.5641256, 3.0816955 ], [ 101.5640498, 3.0815771 ], [ 101.5636828, 3.0814318 ] ] ], [ [ [ 101.549776554507375, 3.084152076482316 ], [ 101.550591521374486, 3.083902932716156 ], [ 101.5504403, 3.0838266 ], [ 101.5505247, 3.0836496 ], [ 101.549253, 3.0830078 ], [ 101.548428, 3.0828959 ], [ 101.5480491, 3.0839128 ], [ 101.5480837, 3.0840698 ], [ 101.54826085783597, 3.084191249280451 ], [ 101.548459084422873, 3.08422032062869 ], [ 101.549776554507375, 3.084152076482316 ] ] ], [ [ [ 101.5760495, 3.1477405 ], [ 101.5756579, 3.1470147 ], [ 101.575322398780287, 3.147148191444959 ], [ 101.574945919027698, 3.147632713985527 ], [ 101.574599976416778, 3.148270474990535 ], [ 101.5760495, 3.1477405 ] ] ], [ [ [ 101.5724783, 3.1748279 ], [ 101.5720134, 3.1739468 ], [ 101.5710721, 3.1744886 ], [ 101.5714513, 3.1752443 ], [ 101.5724783, 3.1748279 ] ] ], [ [ [ 101.5742459, 3.1748553 ], [ 101.5742042, 3.1751886 ], [ 101.5751187, 3.1765771 ], [ 101.575431, 3.176851 ], [ 101.576594161609663, 3.176221966319152 ], [ 101.576581080154625, 3.175967268973259 ], [ 101.5762464, 3.1755135 ], [ 101.5758784, 3.1757166 ], [ 101.5756023, 3.1752177 ], [ 101.5759702, 3.1750147 ], [ 101.575638, 3.1743516 ], [ 101.575509, 3.1742872 ], [ 101.5742459, 3.1748553 ] ] ], [ [ [ 101.5954544, 3.0018694 ], [ 101.5960424, 3.0019035 ], [ 101.5970206, 3.0015866 ], [ 101.5959476, 2.99882 ], [ 101.5942899, 2.9994867 ], [ 101.5951169, 3.0016611 ], [ 101.5954544, 3.0018694 ] ] ], [ [ [ 101.604093700000021, 3.0035263 ], [ 101.6043386, 3.0038163 ], [ 101.604486300000019, 3.0042214 ], [ 101.6053511, 3.0042434 ], [ 101.605353039185317, 3.003410279348752 ], [ 101.604569757738105, 3.003416989202173 ], [ 101.604093700000021, 3.0035263 ] ] ], [ [ [ 101.6045268, 3.0062238 ], [ 101.6045105, 3.0074499 ], [ 101.604766400000017, 3.0076827 ], [ 101.6059659, 3.0076772 ], [ 101.6066842, 3.0078315 ], [ 101.606697700000012, 3.0062265 ], [ 101.6045268, 3.0062238 ] ] ], [ [ [ 101.6046089, 3.0118919 ], [ 101.6048488, 3.0119121 ], [ 101.6050313, 3.0117029 ], [ 101.6050279, 3.0114616 ], [ 101.6046021, 3.0114633 ], [ 101.6046089, 3.0118919 ] ] ], [ [ [ 101.603937203763962, 3.01229290793931 ], [ 101.604252320316775, 3.012361433887734 ], [ 101.6042518, 3.0122906 ], [ 101.603937203763962, 3.01229290793931 ] ] ], [ [ [ 101.604587123686954, 3.012410539959588 ], [ 101.605157098721676, 3.01242533211619 ], [ 101.6051573, 3.0122969 ], [ 101.6045862, 3.0122919 ], [ 101.604587123686954, 3.012410539959588 ] ] ], [ [ [ 101.608527936792655, 3.015901332484541 ], [ 101.608472061852538, 3.016127888614929 ], [ 101.6086709, 3.0161285 ], [ 101.6086682, 3.0159009 ], [ 101.608527936792655, 3.015901332484541 ] ] ], [ [ [ 101.608689799621345, 3.018803973926889 ], [ 101.608817511731004, 3.019084990113477 ], [ 101.6097287, 3.0190466 ], [ 101.6098682, 3.0187614 ], [ 101.608689799621345, 3.018803973926889 ] ] ], [ [ [ 101.582289612578109, 3.025404605831347 ], [ 101.581259758714722, 3.025384905798376 ], [ 101.580665669727495, 3.025491182622458 ], [ 101.5806672, 3.0264672 ], [ 101.5805907, 3.0269637 ], [ 101.5806689, 3.0270866 ], [ 101.5804344, 3.0278903 ], [ 101.580456, 3.0284465 ], [ 101.5822285, 3.0297076 ], [ 101.582289612578109, 3.025404605831347 ] ] ], [ [ [ 101.5849994, 3.02988 ], [ 101.5849938, 3.0304652 ], [ 101.585547, 3.0304634 ], [ 101.5855437, 3.0298833 ], [ 101.5849994, 3.02988 ] ] ], [ [ [ 101.5835437, 3.0303352 ], [ 101.583718, 3.0304289 ], [ 101.5842089, 3.0304343 ], [ 101.5842089, 3.0300191 ], [ 101.5835464, 3.0300137 ], [ 101.5835437, 3.0303352 ] ] ], [ [ [ 101.5851198, 3.0317292 ], [ 101.5855268, 3.031731 ], [ 101.5855038, 3.0313352 ], [ 101.5850703, 3.0312592 ], [ 101.5850561, 3.0316391 ], [ 101.5851198, 3.0317292 ] ] ], [ [ [ 101.5864445, 3.0318994 ], [ 101.5865567, 3.0315414 ], [ 101.5861278, 3.0314297 ], [ 101.5859481, 3.0316196 ], [ 101.5858937, 3.0317796 ], [ 101.5864445, 3.0318994 ] ] ], [ [ [ 101.5883575, 3.0321228 ], [ 101.5885309, 3.0328331 ], [ 101.5885496, 3.0335302 ], [ 101.5890965, 3.0334856 ], [ 101.5890981, 3.0314803 ], [ 101.5890304, 3.0313265 ], [ 101.5889595, 3.0312865 ], [ 101.5881461, 3.0317695 ], [ 101.5883575, 3.0321228 ] ] ], [ [ [ 101.5789694, 3.0331067 ], [ 101.578758692044602, 3.033282185998359 ], [ 101.579151214519428, 3.033591362491394 ], [ 101.5792845, 3.033483 ], [ 101.5792832, 3.0333759 ], [ 101.57907, 3.0331161 ], [ 101.5789694, 3.0331067 ] ] ], [ [ [ 101.5895266, 3.0388403 ], [ 101.5895432, 3.0379523 ], [ 101.588397, 3.0379529 ], [ 101.5883118, 3.0380445 ], [ 101.588310400000012, 3.0388623 ], [ 101.5895266, 3.0388403 ] ] ], [ [ [ 101.5905814, 3.0438356 ], [ 101.590580362549858, 3.043647946097815 ], [ 101.590222194624928, 3.043631124115711 ], [ 101.589345460870646, 3.0437200703738 ], [ 101.588887669154687, 3.043839781172076 ], [ 101.5905814, 3.0438356 ] ] ], [ [ [ 101.585927054551149, 3.046853867560725 ], [ 101.586328, 3.0469819 ], [ 101.5866263, 3.0471712 ], [ 101.5871956, 3.0477919 ], [ 101.5874967, 3.0477931 ], [ 101.5886578, 3.0467757 ], [ 101.588681, 3.0463472 ], [ 101.588155300000011, 3.0456149 ], [ 101.586516649957233, 3.045611464058541 ], [ 101.586263608785202, 3.046029389781852 ], [ 101.585927054551149, 3.046853867560725 ] ] ], [ [ [ 101.5932379, 3.0477433 ], [ 101.5929831, 3.0477406 ], [ 101.592975, 3.0470362 ], [ 101.5927551, 3.0470362 ], [ 101.5925351, 3.047754 ], [ 101.5925432, 3.0479871 ], [ 101.5932406, 3.0479871 ], [ 101.5932379, 3.0477433 ] ] ], [ [ [ 101.585886007371755, 3.049279052171925 ], [ 101.5869521, 3.0483507 ], [ 101.5869914, 3.0479915 ], [ 101.5864666, 3.0474266 ], [ 101.585859884083362, 3.047126219940562 ], [ 101.585737922757701, 3.048160861290496 ], [ 101.585886007371755, 3.049279052171925 ] ] ], [ [ [ 101.5870866, 3.0488183 ], [ 101.5866387, 3.049204 ], [ 101.5871564, 3.04982 ], [ 101.5876043, 3.0494317 ], [ 101.5870866, 3.0488183 ] ] ], [ [ [ 101.5923052, 3.0552778 ], [ 101.5923038, 3.0559543 ], [ 101.5927102, 3.0559577 ], [ 101.5927107, 3.0552799 ], [ 101.5923052, 3.0552778 ] ] ], [ [ [ 101.596457831828303, 3.055998881671235 ], [ 101.596542083638241, 3.055117087388231 ], [ 101.59646805592854, 3.054332125358176 ], [ 101.594289, 3.0543046 ], [ 101.594278303680369, 3.059045883253553 ], [ 101.595233188355124, 3.058315599992242 ], [ 101.595790563347734, 3.057629469147316 ], [ 101.596204074664882, 3.056847209111883 ], [ 101.596457831828303, 3.055998881671235 ] ] ], [ [ [ 101.5904348, 3.0570723 ], [ 101.590437, 3.0575931 ], [ 101.5911799, 3.0575867 ], [ 101.5911821, 3.0577143 ], [ 101.5917036, 3.0577121 ], [ 101.5916951, 3.0571913 ], [ 101.5914886, 3.056983 ], [ 101.591188500000015, 3.0569639 ], [ 101.5911821, 3.057068 ], [ 101.5904348, 3.0570723 ] ] ], [ [ [ 101.5921699, 3.0582594 ], [ 101.592634976624481, 3.059603332757642 ], [ 101.593362246955905, 3.059449117104033 ], [ 101.594052378530336, 3.059167067571639 ], [ 101.5940356, 3.0580493 ], [ 101.5935517, 3.0578517 ], [ 101.5926336, 3.0569884 ], [ 101.5924487, 3.056911 ], [ 101.5922828, 3.0569354 ], [ 101.5921658, 3.0570563 ], [ 101.5921699, 3.0582594 ] ] ], [ [ [ 101.5855882, 3.0657122 ], [ 101.5858477, 3.065715 ], [ 101.5858669, 3.0635333 ], [ 101.5855839, 3.0635333 ], [ 101.5855882, 3.0657122 ] ] ], [ [ [ 101.5863643, 3.0660325 ], [ 101.5863632, 3.0687701 ], [ 101.5866205, 3.0687701 ], [ 101.5866397, 3.0660325 ], [ 101.5863643, 3.0660325 ] ] ], [ [ [ 101.586442, 3.0727791 ], [ 101.5866518, 3.0728838 ], [ 101.589251592388834, 3.072876780176722 ], [ 101.588870510192393, 3.072511997270865 ], [ 101.5863912, 3.0725102 ], [ 101.586442, 3.0727791 ] ] ], [ [ [ 101.5856285, 3.0728856 ], [ 101.5858567, 3.0726871 ], [ 101.5858649, 3.0725625 ], [ 101.583906900000017, 3.0725646 ], [ 101.5839078, 3.0728723 ], [ 101.5856285, 3.0728856 ] ] ], [ [ [ 101.5838313, 3.073963 ], [ 101.5844632, 3.0739748 ], [ 101.5844666, 3.0735884 ], [ 101.5836082, 3.0735934 ], [ 101.5838313, 3.073963 ] ] ], [ [ [ 101.5858505, 3.0738533 ], [ 101.5856984, 3.0736407 ], [ 101.5854483, 3.073612 ], [ 101.5854517, 3.0744659 ], [ 101.5858433, 3.0744685 ], [ 101.5858505, 3.0738533 ] ] ], [ [ [ 101.589730243478641, 3.078467431394717 ], [ 101.590100620963739, 3.077775813376358 ], [ 101.5900632, 3.0767707 ], [ 101.5898966, 3.0765893 ], [ 101.590466407016777, 3.076214766075571 ], [ 101.59047819231057, 3.075961038675122 ], [ 101.590281464119187, 3.074649751407554 ], [ 101.58981482565089, 3.073619581829406 ], [ 101.5865377, 3.0736358 ], [ 101.5863916, 3.0738002 ], [ 101.5863059, 3.0773627 ], [ 101.5861464, 3.0783503 ], [ 101.5865399, 3.0784925 ], [ 101.5892331, 3.0784867 ], [ 101.589730243478641, 3.078467431394717 ] ] ], [ [ [ 101.5864736, 3.0786567 ], [ 101.5860628, 3.0785631 ], [ 101.5856774, 3.0792455 ], [ 101.5864523, 3.079271 ], [ 101.5864736, 3.0786567 ] ] ], [ [ [ 101.587131, 3.0810919 ], [ 101.586471, 3.08111 ], [ 101.5864758, 3.081584 ], [ 101.5867711, 3.0816831 ], [ 101.5881429, 3.0817312 ], [ 101.5881357, 3.0814155 ], [ 101.5871311, 3.0814205 ], [ 101.587131, 3.0810919 ] ] ], [ [ [ 101.591533108398565, 3.081716544146681 ], [ 101.591252701915607, 3.081415951080259 ], [ 101.5902165, 3.0814117 ], [ 101.5902166, 3.0817126 ], [ 101.591533108398565, 3.081716544146681 ] ] ], [ [ [ 101.5873971, 3.0832838 ], [ 101.5871295, 3.082108 ], [ 101.5861358, 3.0819132 ], [ 101.585062157922692, 3.081361198379765 ], [ 101.584342635653485, 3.082227122148627 ], [ 101.5860372, 3.0832771 ], [ 101.586788200000015, 3.0834847 ], [ 101.5873803, 3.0834499 ], [ 101.5873971, 3.0832838 ] ] ], [ [ [ 101.592330535706083, 3.083073001475085 ], [ 101.5919292, 3.0823162 ], [ 101.5919705, 3.0831261 ], [ 101.592330535706083, 3.083073001475085 ] ] ], [ [ [ 101.5873746, 3.082271 ], [ 101.5876067, 3.0833296 ], [ 101.5877302, 3.0834678 ], [ 101.5918751, 3.0831872 ], [ 101.591900600000017, 3.0822603 ], [ 101.5875428, 3.0821944 ], [ 101.5873746, 3.082271 ] ] ], [ [ [ 101.5863276, 3.0856361 ], [ 101.5850937, 3.0853113 ], [ 101.5848738, 3.0859494 ], [ 101.5856692, 3.0862483 ], [ 101.5865352, 3.0864014 ], [ 101.5886047, 3.0863003 ], [ 101.5892431, 3.0863673 ], [ 101.5892082, 3.0855022 ], [ 101.586754, 3.0856789 ], [ 101.5863276, 3.0856361 ] ] ], [ [ [ 101.583830553434225, 3.085988012276547 ], [ 101.583978121794189, 3.086399453238974 ], [ 101.58419321995477, 3.086842438509953 ], [ 101.584452200000015, 3.0861639 ], [ 101.584412, 3.0860782 ], [ 101.5838997, 3.0857996 ], [ 101.583830553434225, 3.085988012276547 ] ] ], [ [ [ 101.5851829, 3.0925991 ], [ 101.585342493748229, 3.092181985644416 ], [ 101.585012612877748, 3.092578537640439 ], [ 101.5851829, 3.0925991 ] ] ], [ [ [ 101.5869042, 3.0936844 ], [ 101.5875627, 3.0940259 ], [ 101.5878229, 3.0940326 ], [ 101.5872315, 3.0926425 ], [ 101.5864, 3.0923211 ], [ 101.5860647, 3.0932826 ], [ 101.5860902, 3.0933911 ], [ 101.5869042, 3.0936844 ] ] ], [ [ [ 101.5876678, 3.0955078 ], [ 101.5881584, 3.0961356 ], [ 101.588619, 3.0957881 ], [ 101.5878351, 3.0945726 ], [ 101.5858642, 3.0937331 ], [ 101.5857368, 3.0937808 ], [ 101.5853253, 3.0944715 ], [ 101.5876678, 3.0955078 ] ] ], [ [ [ 101.5912762, 3.0966386 ], [ 101.5919762, 3.0954575 ], [ 101.5918408, 3.0952415 ], [ 101.590844100000012, 3.0959254 ], [ 101.5905733, 3.0966075 ], [ 101.5906057, 3.0968153 ], [ 101.5910106, 3.0973323 ], [ 101.5912762, 3.0966386 ] ] ], [ [ [ 101.5936206, 3.0967428 ], [ 101.592872, 3.0972241 ], [ 101.5932302, 3.0977795 ], [ 101.5939787, 3.0972982 ], [ 101.5936206, 3.0967428 ] ] ], [ [ [ 101.591034639620432, 3.099230044452411 ], [ 101.591906915890817, 3.099060841776809 ], [ 101.5908873, 3.0980058 ], [ 101.5904202, 3.0979656 ], [ 101.5902985, 3.0980426 ], [ 101.591034639620432, 3.099230044452411 ] ] ], [ [ [ 101.590806167556138, 3.099241890787016 ], [ 101.5901212, 3.098139 ], [ 101.5898912, 3.0983227 ], [ 101.589731, 3.0994856 ], [ 101.5898037, 3.0995666 ], [ 101.5902, 3.0993912 ], [ 101.590266828441315, 3.099475704934973 ], [ 101.590806167556138, 3.099241890787016 ] ] ], [ [ [ 101.5922285, 3.1038069 ], [ 101.5922187, 3.1047232 ], [ 101.5919102, 3.1047243 ], [ 101.5919092, 3.1050698 ], [ 101.5931216, 3.1050765 ], [ 101.593135, 3.1043574 ], [ 101.5932899, 3.104204 ], [ 101.5938163, 3.1041565 ], [ 101.5934059, 3.1034414 ], [ 101.5919441, 3.1034521 ], [ 101.5919423, 3.1038055 ], [ 101.5922285, 3.1038069 ] ] ], [ [ [ 101.593134300000017, 3.106264 ], [ 101.5931437, 3.105082 ], [ 101.5915229, 3.1050799 ], [ 101.5915214, 3.1062831 ], [ 101.593134300000017, 3.106264 ] ] ], [ [ [ 101.5841593, 3.1080218 ], [ 101.5843986, 3.1078064 ], [ 101.5842696, 3.1073853 ], [ 101.5834804, 3.1074871 ], [ 101.582065963186807, 3.10734615577334 ], [ 101.581983315464868, 3.107681306726898 ], [ 101.5823394, 3.1087564 ], [ 101.5841593, 3.1080218 ] ] ], [ [ [ 101.594435161422169, 3.109144999629652 ], [ 101.595097209713245, 3.108196096318091 ], [ 101.5926811, 3.1082246 ], [ 101.5926716, 3.1092043 ], [ 101.594479951849351, 3.109194432388211 ], [ 101.594435161422169, 3.109144999629652 ] ] ], [ [ [ 101.5948001, 3.1107041 ], [ 101.595413270541343, 3.111092211705629 ], [ 101.59499331249431, 3.109954028835023 ], [ 101.59470045949638, 3.109486400382172 ], [ 101.5946255, 3.1094906 ], [ 101.5950502, 3.1104895 ], [ 101.59479, 3.1105869 ], [ 101.5948001, 3.1107041 ] ] ], [ [ [ 101.584874, 3.1111175 ], [ 101.585188, 3.1119508 ], [ 101.5874473, 3.1110414 ], [ 101.5866723, 3.109074 ], [ 101.5850567, 3.1094325 ], [ 101.584874, 3.1111175 ] ] ], [ [ [ 101.6031267, 3.1112592 ], [ 101.603516, 3.1112628 ], [ 101.603516, 3.109676 ], [ 101.6031486, 3.1096775 ], [ 101.6031267, 3.1112592 ] ] ], [ [ [ 101.6036847, 3.1096985 ], [ 101.6036776, 3.1112605 ], [ 101.6040528, 3.1112605 ], [ 101.6040634, 3.1096915 ], [ 101.6036847, 3.1096985 ] ] ], [ [ [ 101.583390340686961, 3.112017738555493 ], [ 101.5837204, 3.1117214 ], [ 101.5845148, 3.1117374 ], [ 101.5847772, 3.1095507 ], [ 101.5842997, 3.1096256 ], [ 101.5823296062716, 3.110607569415488 ], [ 101.582904032891477, 3.111518308991419 ], [ 101.583390340686961, 3.112017738555493 ] ] ], [ [ [ 101.599810636372126, 3.112623738673128 ], [ 101.599872831623586, 3.113253514766918 ], [ 101.6006302, 3.1131709 ], [ 101.6005877, 3.1126443 ], [ 101.5999754, 3.1127256 ], [ 101.599810636372126, 3.112623738673128 ] ] ], [ [ [ 101.5901171, 3.1130793 ], [ 101.5901273, 3.1137024 ], [ 101.5909035, 3.1137019 ], [ 101.5909143, 3.1128074 ], [ 101.5908295, 3.112651 ], [ 101.5901171, 3.1130793 ] ] ], [ [ [ 101.595142458545467, 3.113917657008415 ], [ 101.595338971442175, 3.113395120761672 ], [ 101.595510946093299, 3.112478871122279 ], [ 101.595108600000017, 3.1124119 ], [ 101.5948516, 3.1139492 ], [ 101.595142458545467, 3.113917657008415 ] ] ], [ [ [ 101.6018296, 3.113592 ], [ 101.6018337, 3.1139383 ], [ 101.6058355, 3.1134533 ], [ 101.6057953, 3.1131221 ], [ 101.6018296, 3.113592 ] ] ], [ [ [ 101.5908624, 3.1162057 ], [ 101.5908711, 3.1139997 ], [ 101.5884765, 3.113975 ], [ 101.5883236, 3.1140812 ], [ 101.588297467406491, 3.115673354604472 ], [ 101.589271019156541, 3.116248154015788 ], [ 101.5892699, 3.1161767 ], [ 101.5908624, 3.1162057 ] ] ], [ [ [ 101.6052155, 3.1151558 ], [ 101.6023441, 3.1154903 ], [ 101.60240527415823, 3.116588862767654 ], [ 101.603005712021215, 3.116824483829779 ], [ 101.603870439347659, 3.116995155366398 ], [ 101.604751673757619, 3.116992964420836 ], [ 101.605300542310275, 3.116898146605713 ], [ 101.6052155, 3.1151558 ] ] ], [ [ [ 101.5942072, 3.1190513 ], [ 101.5958695, 3.1187628 ], [ 101.595851828546557, 3.118589856568243 ], [ 101.595033124396764, 3.118343799933456 ], [ 101.594065295844644, 3.118263844658234 ], [ 101.5942072, 3.1190513 ] ] ], [ [ [ 101.598032794607377, 3.12048201364918 ], [ 101.597504723865796, 3.119758966565711 ], [ 101.5970862, 3.1202867 ], [ 101.5973945, 3.1204562 ], [ 101.598032794607377, 3.12048201364918 ] ] ], [ [ [ 101.5911368, 3.1214232 ], [ 101.5913435, 3.1208046 ], [ 101.590622753727487, 3.120004683067999 ], [ 101.590004384027381, 3.121073699772392 ], [ 101.5911368, 3.1214232 ] ] ], [ [ [ 101.5953457, 3.1232145 ], [ 101.5957245, 3.1231394 ], [ 101.5953928, 3.1217729 ], [ 101.5959495, 3.1213118 ], [ 101.597122, 3.1212841 ], [ 101.5971142, 3.120994 ], [ 101.597403, 3.1205876 ], [ 101.5949573, 3.1205527 ], [ 101.5947721, 3.1198914 ], [ 101.5944441, 3.1199936 ], [ 101.5953457, 3.1232145 ] ] ], [ [ [ 101.608850807615582, 3.132440396739669 ], [ 101.608706514234839, 3.131910049199368 ], [ 101.6088064, 3.1332059 ], [ 101.608932836069911, 3.133194553190064 ], [ 101.608850807615582, 3.132440396739669 ] ] ], [ [ [ 101.600805300000019, 3.1334544 ], [ 101.6007908, 3.1329859 ], [ 101.59995784207122, 3.133145358091841 ], [ 101.599961990436441, 3.133604710674335 ], [ 101.600805300000019, 3.1334544 ] ] ], [ [ [ 101.6062204, 3.1345409 ], [ 101.6050081, 3.1348623 ], [ 101.6049169, 3.1350899 ], [ 101.6050617, 3.1357836 ], [ 101.6055821, 3.1357381 ], [ 101.6055391, 3.1352426 ], [ 101.6062687, 3.1351355 ], [ 101.6062204, 3.1345409 ] ] ], [ [ [ 101.5762441, 3.1480726 ], [ 101.5761273, 3.1481643 ], [ 101.5760962, 3.1480819 ], [ 101.5755535, 3.1482857 ], [ 101.5755846, 3.1483682 ], [ 101.574395436861153, 3.148802815706582 ], [ 101.574238374302496, 3.14954112030082 ], [ 101.5743236, 3.1497838 ], [ 101.5742182, 3.1499806 ], [ 101.5748629, 3.1517633 ], [ 101.5750392, 3.1517958 ], [ 101.5758854, 3.1509481 ], [ 101.5770696, 3.1502549 ], [ 101.5762441, 3.1480726 ] ] ], [ [ [ 101.591029427663116, 3.152932841525915 ], [ 101.592002755705764, 3.153558933759004 ], [ 101.5955048, 3.1534131 ], [ 101.5956711, 3.1532149 ], [ 101.5955862, 3.1498356 ], [ 101.595511, 3.1497764 ], [ 101.5910445, 3.1499748 ], [ 101.590858600000018, 3.1502438 ], [ 101.591029427663116, 3.152932841525915 ] ] ], [ [ [ 101.5797878, 3.1542061 ], [ 101.580074400000015, 3.1532012 ], [ 101.5789883, 3.1526733 ], [ 101.5784689, 3.1536606 ], [ 101.5793832, 3.1541801 ], [ 101.5796959, 3.1542697 ], [ 101.5797878, 3.1542061 ] ] ], [ [ [ 101.592807239324088, 3.153851513151857 ], [ 101.594376779881543, 3.15397598988495 ], [ 101.595363836992632, 3.153756362696719 ], [ 101.592807239324088, 3.153851513151857 ] ] ], [ [ [ 101.6082751, 3.155505 ], [ 101.6082564, 3.1563062 ], [ 101.6081437, 3.1563764 ], [ 101.608293, 3.1568805 ], [ 101.6085618, 3.1573807 ], [ 101.6093216, 3.1578578 ], [ 101.6112361, 3.1585104 ], [ 101.6115579, 3.1586827 ], [ 101.611771921817862, 3.15891104913801 ], [ 101.612263748906415, 3.158488245493352 ], [ 101.612821103786715, 3.157802071592958 ], [ 101.613234574192788, 3.157019783785987 ], [ 101.613430181820462, 3.156407065722616 ], [ 101.6119844, 3.1555987 ], [ 101.6119328, 3.1554698 ], [ 101.611975, 3.1554066 ], [ 101.61070340000002, 3.1553715 ], [ 101.6105673, 3.1554464 ], [ 101.6099972, 3.1554605 ], [ 101.6099315, 3.1554019 ], [ 101.6084276, 3.1553925 ], [ 101.6082751, 3.155505 ] ] ], [ [ [ 101.577230003056457, 3.192933047433628 ], [ 101.5772331, 3.1932744 ], [ 101.5780634, 3.1930122 ], [ 101.578132843518617, 3.192765515417095 ], [ 101.577230003056457, 3.192933047433628 ] ] ], [ [ [ 101.606454855102541, 3.194082164669014 ], [ 101.6068137, 3.1946664 ], [ 101.6067937, 3.1950613 ], [ 101.6072293, 3.1950613 ], [ 101.607193, 3.1946298 ], [ 101.6069376, 3.1941637 ], [ 101.6073611, 3.1939522 ], [ 101.607276307251595, 3.193802244116737 ], [ 101.606454855102541, 3.194082164669014 ] ] ], [ [ [ 101.6086489, 3.1961892 ], [ 101.6089237, 3.1958773 ], [ 101.608163, 3.1952614 ], [ 101.6079382, 3.1954935 ], [ 101.6086489, 3.1961892 ] ] ], [ [ [ 101.5931159, 3.1964959 ], [ 101.5936066, 3.198096 ], [ 101.5922939, 3.1984262 ], [ 101.5922199, 3.1978418 ], [ 101.589607200000017, 3.198377 ], [ 101.5896192, 3.2001233 ], [ 101.5896701, 3.2001661 ], [ 101.5924167, 3.1996252 ], [ 101.5945048, 3.1990642 ], [ 101.5944062, 3.1984378 ], [ 101.593497677827443, 3.195459928262911 ], [ 101.592202276586946, 3.195394401495074 ], [ 101.5922184, 3.1967285 ], [ 101.5931159, 3.1964959 ] ] ], [ [ [ 101.5779613, 3.1976867 ], [ 101.5780281, 3.1975343 ], [ 101.5779958, 3.1970882 ], [ 101.5778576, 3.1965082 ], [ 101.5768424, 3.1965792 ], [ 101.5769175, 3.1971095 ], [ 101.5769054, 3.1980642 ], [ 101.5779246, 3.1980976 ], [ 101.5779821, 3.1980383 ], [ 101.5779613, 3.1976867 ] ] ], [ [ [ 101.6088204, 3.1981007 ], [ 101.6101508, 3.1982078 ], [ 101.6103109, 3.1981243 ], [ 101.610387, 3.1978206 ], [ 101.6094205, 3.1973814 ], [ 101.6091414, 3.1973605 ], [ 101.6088152, 3.197454 ], [ 101.6088204, 3.1981007 ] ] ], [ [ [ 101.612698600000016, 3.0143604 ], [ 101.6127062, 3.0151672 ], [ 101.6131309, 3.0174798 ], [ 101.6140715, 3.0173199 ], [ 101.6141639, 3.0171555 ], [ 101.613556604391334, 3.013678425142952 ], [ 101.615343885464199, 3.013348220046563 ], [ 101.61414945892534, 3.012783634003338 ], [ 101.613228047180911, 3.012610232585607 ], [ 101.6128468, 3.0134617 ], [ 101.612698600000016, 3.0143604 ] ] ], [ [ [ 101.6145699, 3.0135337 ], [ 101.6138346, 3.0136824 ], [ 101.6137489, 3.0138896 ], [ 101.6143519, 3.0170919 ], [ 101.614534, 3.0172131 ], [ 101.617327355561429, 3.016661322486517 ], [ 101.617003565085099, 3.015371701361278 ], [ 101.616322713752567, 3.014235917820054 ], [ 101.615497965977298, 3.013462527332723 ], [ 101.6145699, 3.0135337 ] ] ], [ [ [ 101.6141715, 3.0175048 ], [ 101.61321860000001, 3.0176776 ], [ 101.6132741, 3.0180591 ], [ 101.6142352, 3.0178742 ], [ 101.6141715, 3.0175048 ] ] ], [ [ [ 101.6144856, 3.017686 ], [ 101.6146591, 3.0186014 ], [ 101.6155368, 3.0184317 ], [ 101.6153811, 3.0175305 ], [ 101.6144856, 3.017686 ] ] ], [ [ [ 101.6142742, 3.017882 ], [ 101.6137614, 3.0179939 ], [ 101.6140152, 3.0193656 ], [ 101.6145212, 3.0192737 ], [ 101.6142742, 3.017882 ] ] ], [ [ [ 101.6152097, 3.0231544 ], [ 101.6148476, 3.0211858 ], [ 101.6140241, 3.0213679 ], [ 101.614377, 3.0232769 ], [ 101.6152097, 3.0231544 ] ] ], [ [ [ 101.617920391180093, 3.021921752946593 ], [ 101.617684353690649, 3.021135408648327 ], [ 101.6149931, 3.0216172 ], [ 101.6155192, 3.0246466 ], [ 101.6158058, 3.0248819 ], [ 101.617681609855367, 3.024502797440615 ], [ 101.61798829120869, 3.023246083533042 ], [ 101.617920391180093, 3.021921752946593 ] ] ], [ [ [ 101.617302019336208, 3.025240154597237 ], [ 101.61734170687285, 3.025173222163674 ], [ 101.6172919, 3.025182 ], [ 101.617302019336208, 3.025240154597237 ] ] ], [ [ [ 101.6151755, 3.0254366 ], [ 101.6149335, 3.0256373 ], [ 101.614826, 3.0259293 ], [ 101.615010397558322, 3.027069364640544 ], [ 101.615642426560314, 3.026794083823578 ], [ 101.616373896707614, 3.026300162509488 ], [ 101.61699546141098, 3.025672270550393 ], [ 101.617283467560412, 3.025271441887483 ], [ 101.6171475, 3.0249892 ], [ 101.6158216, 3.0252485 ], [ 101.6156306, 3.0254392 ], [ 101.615478, 3.0253614 ], [ 101.6151755, 3.0254366 ] ] ], [ [ [ 101.6148623, 3.0311066 ], [ 101.6146359, 3.0296127 ], [ 101.6140547, 3.0297224 ], [ 101.6140295, 3.0301651 ], [ 101.6141689, 3.0309807 ], [ 101.6140536, 3.0310035 ], [ 101.6140952, 3.0312579 ], [ 101.6148623, 3.0311066 ] ] ], [ [ [ 101.6154188, 3.0288341 ], [ 101.6153839, 3.0290618 ], [ 101.6157192, 3.0308898 ], [ 101.6164193, 3.0324621 ], [ 101.6166459, 3.032612 ], [ 101.6168028, 3.0326214 ], [ 101.618658900000014, 3.0325344 ], [ 101.618793, 3.0324272 ], [ 101.6188359, 3.0319585 ], [ 101.615649304151589, 3.028695780488946 ], [ 101.615359694878805, 3.028735327319369 ], [ 101.6154188, 3.0288341 ] ] ], [ [ [ 101.611640794188659, 3.03236128301115 ], [ 101.611616223792865, 3.032530617095129 ], [ 101.6117738, 3.0325278 ], [ 101.611640794188659, 3.03236128301115 ] ] ], [ [ [ 101.615321100000017, 3.0315266 ], [ 101.6148272, 3.0315858 ], [ 101.6131629, 3.032577 ], [ 101.6135136, 3.0331787 ], [ 101.6132913, 3.0333168 ], [ 101.6135037, 3.0335732 ], [ 101.6143513, 3.0361583 ], [ 101.614388800000015, 3.0372993 ], [ 101.615333, 3.0371279 ], [ 101.615434374189505, 3.037663815076768 ], [ 101.615627242635469, 3.037692096679121 ], [ 101.616508403611917, 3.037689951787065 ], [ 101.617167101259, 3.037567211888649 ], [ 101.6163532, 3.0342538 ], [ 101.615321100000017, 3.0315266 ] ] ], [ [ [ 101.617796343456646, 3.037360240158228 ], [ 101.618517633870638, 3.036972811941006 ], [ 101.6177554, 3.033014 ], [ 101.617012, 3.0330942 ], [ 101.6168886, 3.0333031 ], [ 101.617796343456646, 3.037360240158228 ] ] ], [ [ [ 101.6196407, 3.0442272 ], [ 101.6211829, 3.0471452 ], [ 101.6213148, 3.0471346 ], [ 101.6212796, 3.047301 ], [ 101.622106, 3.0489133 ], [ 101.623328900000018, 3.0482954 ], [ 101.6226956, 3.0466913 ], [ 101.6224718, 3.046572 ], [ 101.6226478, 3.0464864 ], [ 101.6223577, 3.0457471 ], [ 101.621196290113915, 3.043594308673336 ], [ 101.620774704996734, 3.043590755081391 ], [ 101.6196407, 3.0442272 ] ] ], [ [ [ 101.618089981405163, 3.044614913650532 ], [ 101.617462755608273, 3.045250527219353 ], [ 101.617531700000015, 3.0469173 ], [ 101.6194511, 3.0472987 ], [ 101.6198392, 3.0471321 ], [ 101.6198392, 3.046875 ], [ 101.6202217, 3.0466702 ], [ 101.618868491444317, 3.044098475683779 ], [ 101.618089981405163, 3.044614913650532 ] ] ], [ [ [ 101.622547, 3.0455691 ], [ 101.6234565, 3.0478589 ], [ 101.6242705, 3.0472677 ], [ 101.6238683, 3.0461048 ], [ 101.623380843470784, 3.044303330764392 ], [ 101.62266003679683, 3.04392200074192 ], [ 101.621460095739351, 3.043614705564242 ], [ 101.622547, 3.0455691 ] ] ], [ [ [ 101.6230859, 3.0495267 ], [ 101.6227218, 3.0486444 ], [ 101.622147, 3.0489229 ], [ 101.6226218, 3.0496287 ], [ 101.6230859, 3.0495267 ] ] ], [ [ [ 101.625065592092838, 3.049908626763846 ], [ 101.625177024087279, 3.049621783237181 ], [ 101.6250075, 3.0497426 ], [ 101.625065592092838, 3.049908626763846 ] ] ], [ [ [ 101.624780592043635, 3.050455456080913 ], [ 101.624897173225051, 3.050258836227913 ], [ 101.6241568, 3.0491308 ], [ 101.6231837, 3.0497197 ], [ 101.6233086, 3.0500707 ], [ 101.6240406, 3.0508161 ], [ 101.6242323, 3.0508539 ], [ 101.624780592043635, 3.050455456080913 ] ] ], [ [ [ 101.6431194, 3.1002064 ], [ 101.643119116686819, 3.100106207721051 ], [ 101.642963662494992, 3.100200403313977 ], [ 101.6431194, 3.1002064 ] ] ], [ [ [ 101.640963154121309, 3.101247487239528 ], [ 101.640183031873491, 3.100579580411648 ], [ 101.639371771563688, 3.100152151926831 ], [ 101.639383, 3.1010269 ], [ 101.6393044, 3.1010256 ], [ 101.6393079, 3.1013604 ], [ 101.6379418, 3.1013798 ], [ 101.6397159, 3.1023072 ], [ 101.6398956, 3.1022526 ], [ 101.640184300000016, 3.1019185 ], [ 101.640963154121309, 3.101247487239528 ] ] ], [ [ [ 101.6431542, 3.1033638 ], [ 101.6431149, 3.1012626 ], [ 101.6424639, 3.1012949 ], [ 101.6415791, 3.1020285 ], [ 101.6417148, 3.1025828 ], [ 101.6431542, 3.1033638 ] ] ], [ [ [ 101.6380471, 3.1062773 ], [ 101.6377498, 3.1062373 ], [ 101.637711300000021, 3.1066418 ], [ 101.6379979, 3.1066742 ], [ 101.6380471, 3.1062773 ] ] ], [ [ [ 101.640797, 3.1064702 ], [ 101.6401145, 3.1063584 ], [ 101.6401304, 3.1065953 ], [ 101.6395174, 3.1068505 ], [ 101.6398396, 3.1075822 ], [ 101.6403179, 3.107364 ], [ 101.640797, 3.1064702 ] ] ], [ [ [ 101.6230621, 3.1088068 ], [ 101.6246242, 3.1087541 ], [ 101.6257115, 3.1063332 ], [ 101.6258377, 3.1058743 ], [ 101.6243227, 3.1059588 ], [ 101.6243365, 3.1063589 ], [ 101.6237217, 3.1063822 ], [ 101.623772, 3.108303 ], [ 101.6235663, 3.1083062 ], [ 101.62356920000002, 3.108555 ], [ 101.6229812, 3.1085722 ], [ 101.6230621, 3.1088068 ] ] ], [ [ [ 101.6422457, 3.10723 ], [ 101.64216398817517, 3.107367653360524 ], [ 101.642912196593301, 3.107940605233056 ], [ 101.6429425, 3.1076112 ], [ 101.6422457, 3.10723 ] ] ], [ [ [ 101.637199077761323, 3.10883130259155 ], [ 101.6367105, 3.10829 ], [ 101.636346912719645, 3.108651148380407 ], [ 101.637199077761323, 3.10883130259155 ] ] ], [ [ [ 101.6221381, 3.1090035 ], [ 101.622036214749954, 3.109077922048376 ], [ 101.622972336864564, 3.109223930302407 ], [ 101.6228867, 3.1089334 ], [ 101.6227937, 3.1089393 ], [ 101.622743, 3.1082881 ], [ 101.6221043, 3.1083016 ], [ 101.6221381, 3.1090035 ] ] ], [ [ [ 101.623119100000011, 3.1091891 ], [ 101.623892302391639, 3.109174189308907 ], [ 101.624665257707164, 3.108979753398465 ], [ 101.6245581, 3.1089295 ], [ 101.6231607, 3.1089413 ], [ 101.6230728, 3.1090257 ], [ 101.623119100000011, 3.1091891 ] ] ], [ [ [ 101.6123034, 3.1112351 ], [ 101.6120998, 3.1112804 ], [ 101.6117386, 3.1111153 ], [ 101.6117083, 3.1109381 ], [ 101.6108338, 3.1111113 ], [ 101.6107222, 3.1113824 ], [ 101.6108047, 3.1114166 ], [ 101.6106621, 3.1120574 ], [ 101.6117632, 3.1125151 ], [ 101.6123034, 3.1112351 ] ] ], [ [ [ 101.6111948, 3.1130211 ], [ 101.610481256184812, 3.114621418715208 ], [ 101.61074676798448, 3.114780495606887 ], [ 101.611561752105857, 3.115117463223207 ], [ 101.612293733084854, 3.115268672559079 ], [ 101.6130414, 3.1143448 ], [ 101.612664, 3.113662 ], [ 101.6111948, 3.1130211 ] ] ], [ [ [ 101.631791, 3.1324083 ], [ 101.6318552, 3.1319899 ], [ 101.6314498, 3.1318747 ], [ 101.631071456329749, 3.131647028952357 ], [ 101.630727712406397, 3.131620648505419 ], [ 101.6307333, 3.1321148 ], [ 101.6309394, 3.1324016 ], [ 101.631791, 3.1324083 ] ] ], [ [ [ 101.612626288516509, 3.132753441481702 ], [ 101.6141475, 3.1325891 ], [ 101.6139808, 3.1319825 ], [ 101.613846, 3.1318685 ], [ 101.613115443643665, 3.131958718808238 ], [ 101.612626288516509, 3.132753441481702 ] ] ], [ [ [ 101.620876896554677, 3.133152493730571 ], [ 101.620815839529627, 3.132982304481871 ], [ 101.620758407971451, 3.132861028324813 ], [ 101.6207858, 3.1331607 ], [ 101.620876896554677, 3.133152493730571 ] ] ], [ [ [ 101.6144128, 3.1332336 ], [ 101.6145176, 3.1341689 ], [ 101.6151431, 3.1341104 ], [ 101.61504140000001, 3.1331629 ], [ 101.6144128, 3.1332336 ] ] ], [ [ [ 101.6295743, 3.1332209 ], [ 101.6298244, 3.1348767 ], [ 101.629875100000021, 3.1357224 ], [ 101.6300811, 3.1358072 ], [ 101.6301723, 3.1357456 ], [ 101.6301544, 3.1319069 ], [ 101.6296218, 3.1319092 ], [ 101.6295743, 3.1332209 ] ] ], [ [ [ 101.626381566482891, 3.134411239233951 ], [ 101.626300522089636, 3.134640737091122 ], [ 101.6273081, 3.134634 ], [ 101.6273669, 3.134566 ], [ 101.6273629, 3.1343881 ], [ 101.626381566482891, 3.134411239233951 ] ] ], [ [ [ 101.621010041022018, 3.135868736532605 ], [ 101.621162330508355, 3.134710697198708 ], [ 101.621073759019936, 3.133829348822486 ], [ 101.620925202272318, 3.133287140122133 ], [ 101.6208779, 3.1332902 ], [ 101.6210446, 3.1352437 ], [ 101.621010041022018, 3.135868736532605 ] ] ], [ [ [ 101.6292434, 3.1345143 ], [ 101.6288023, 3.1345136 ], [ 101.628803, 3.1346783 ], [ 101.6292403, 3.134679 ], [ 101.6292434, 3.1345143 ] ] ], [ [ [ 101.6288124, 3.1365115 ], [ 101.6290712, 3.1364814 ], [ 101.629077400000014, 3.1348917 ], [ 101.628799, 3.1348504 ], [ 101.6288124, 3.1365115 ] ] ], [ [ [ 101.6295521, 3.1365327 ], [ 101.6295474, 3.1358139 ], [ 101.6293476, 3.135815 ], [ 101.6293523, 3.1365331 ], [ 101.6295521, 3.1365327 ] ] ], [ [ [ 101.6302108, 3.1372712 ], [ 101.6312452, 3.1363854 ], [ 101.6312806, 3.136233 ], [ 101.6311472, 3.1360726 ], [ 101.6299493, 3.1371219 ], [ 101.6300673, 3.1372544 ], [ 101.6302108, 3.1372712 ] ] ], [ [ [ 101.6158689, 3.1374634 ], [ 101.6151446, 3.1358685 ], [ 101.614136, 3.1359987 ], [ 101.6151087, 3.1381529 ], [ 101.6156306, 3.1379665 ], [ 101.6154675, 3.1376329 ], [ 101.6158689, 3.1374634 ] ] ], [ [ [ 101.6313395, 3.136555 ], [ 101.6303845, 3.1373963 ], [ 101.630130300000019, 3.1379963 ], [ 101.6302824, 3.1380576 ], [ 101.6305356, 3.1374816 ], [ 101.6313782, 3.137741 ], [ 101.6315769, 3.1372346 ], [ 101.63156530000002, 3.13653 ], [ 101.6313395, 3.136555 ] ] ], [ [ [ 101.6295649, 3.1382423 ], [ 101.6299612, 3.1377309 ], [ 101.6299765, 3.1376196 ], [ 101.6296284, 3.1373541 ], [ 101.6291813, 3.1379504 ], [ 101.6295649, 3.1382423 ] ] ], [ [ [ 101.6299327, 3.138073 ], [ 101.6298812, 3.1382003 ], [ 101.6299659, 3.1385535 ], [ 101.6302381, 3.1386551 ], [ 101.6302295, 3.1384507 ], [ 101.6300677, 3.1381276 ], [ 101.6299327, 3.138073 ] ] ], [ [ [ 101.6291359, 3.1391442 ], [ 101.6294043, 3.1383585 ], [ 101.6287305, 3.1381243 ], [ 101.6286207, 3.1382222 ], [ 101.6283956, 3.1388923 ], [ 101.6291359, 3.1391442 ] ] ], [ [ [ 101.6298697, 3.1386253 ], [ 101.629475, 3.1396325 ], [ 101.6297156, 3.1397223 ], [ 101.6299537, 3.1390112 ], [ 101.6307336, 3.139277 ], [ 101.6307955, 3.1390916 ], [ 101.6307523, 3.1390112 ], [ 101.6298697, 3.1386253 ] ] ], [ [ [ 101.6280234, 3.1388429 ], [ 101.6279202, 3.1389982 ], [ 101.6279664, 3.139109 ], [ 101.6294176, 3.1396151 ], [ 101.6295085, 3.1393597 ], [ 101.6280234, 3.1388429 ] ] ], [ [ [ 101.628429894370257, 3.14012051590806 ], [ 101.629342489462985, 3.140481758542816 ], [ 101.6294707, 3.1401076 ], [ 101.6280721, 3.1395512 ], [ 101.627973327141774, 3.139835938919618 ], [ 101.628429894370257, 3.14012051590806 ] ] ], [ [ [ 101.6300735, 3.1406121 ], [ 101.6295357, 3.140418 ], [ 101.629501279752503, 3.14052131403959 ], [ 101.629673097480946, 3.140564114703164 ], [ 101.6300735, 3.1406121 ] ] ], [ [ [ 101.6154255, 3.1435794 ], [ 101.6162389, 3.1440624 ], [ 101.6163899, 3.1438101 ], [ 101.616340600000015, 3.1435978 ], [ 101.6156812, 3.1431948 ], [ 101.6154255, 3.1435794 ] ] ], [ [ [ 101.6171283, 3.1443264 ], [ 101.6167139, 3.1444362 ], [ 101.6163916, 3.1447912 ], [ 101.61461352774559, 3.147788121382583 ], [ 101.614873485366132, 3.148235921778877 ], [ 101.615434255456179, 3.148919271840051 ], [ 101.616116876580989, 3.149479520842011 ], [ 101.61683439826993, 3.149866459522964 ], [ 101.6184152, 3.147189 ], [ 101.6186614, 3.1472881 ], [ 101.61929, 3.1461814 ], [ 101.6190812, 3.1460165 ], [ 101.6195146, 3.1451871 ], [ 101.6175006, 3.143573 ], [ 101.6172565, 3.1437402 ], [ 101.6172792, 3.1440863 ], [ 101.6171283, 3.1443264 ] ] ], [ [ [ 101.612309600000017, 3.1529841 ], [ 101.612971882647585, 3.153053422048012 ], [ 101.612366447484646, 3.15222865982633 ], [ 101.612309600000017, 3.1529841 ] ] ], [ [ [ 101.6132112, 3.1562128 ], [ 101.6133413, 3.1556139 ], [ 101.6130742, 3.1552756 ], [ 101.6128773, 3.1553689 ], [ 101.6120162, 3.155445 ], [ 101.6119518, 3.155512 ], [ 101.6132112, 3.1562128 ] ] ], [ [ [ 101.6208248, 3.1992711 ], [ 101.6207107, 3.1987642 ], [ 101.6198431, 3.1989832 ], [ 101.6201556, 3.1998281 ], [ 101.620415, 3.1998801 ], [ 101.6208208, 3.199581 ], [ 101.620957, 3.1994546 ], [ 101.6208248, 3.1992711 ] ] ], [ [ [ 101.61210111841099, 3.200605556866085 ], [ 101.612314351328223, 3.200226813390086 ], [ 101.6122088, 3.2001869 ], [ 101.6118853, 3.2003669 ], [ 101.61210111841099, 3.200605556866085 ] ] ], [ [ [ 101.6234471, 3.2016186 ], [ 101.6235003, 3.2019205 ], [ 101.6247925, 3.200981 ], [ 101.6246371, 3.2007514 ], [ 101.6234471, 3.2016186 ] ] ], [ [ [ 101.6264794, 3.206082 ], [ 101.6258599, 3.2060338 ], [ 101.6257982, 3.2071077 ], [ 101.626431200000013, 3.2071371 ], [ 101.6264794, 3.206082 ] ] ], [ [ [ 101.6262054, 3.207389 ], [ 101.6261907, 3.2076555 ], [ 101.6265487, 3.2076702 ], [ 101.6265541, 3.2074011 ], [ 101.6262054, 3.207389 ] ] ], [ [ [ 101.6298363, 3.2092905 ], [ 101.6302366, 3.2102322 ], [ 101.630682400000012, 3.2100885 ], [ 101.6303538, 3.2091238 ], [ 101.6298363, 3.2092905 ] ] ], [ [ [ 101.6287027, 3.2101907 ], [ 101.6294287, 3.2101872 ], [ 101.629465200000013, 3.2100821 ], [ 101.6292353, 3.2093377 ], [ 101.6291165, 3.2093716 ], [ 101.6285002, 3.2092099 ], [ 101.6287027, 3.2101907 ] ] ], [ [ [ 101.632744915427622, 3.209826290121611 ], [ 101.632801018338753, 3.209706262297515 ], [ 101.6327165, 3.2097316 ], [ 101.632744915427622, 3.209826290121611 ] ] ], [ [ [ 101.6376812, 3.2137137 ], [ 101.6384866, 3.213814 ], [ 101.6384738, 3.2139032 ], [ 101.6400423, 3.2140583 ], [ 101.640103, 3.2120881 ], [ 101.6389276, 3.212097 ], [ 101.6371224, 3.2128279 ], [ 101.6372591, 3.2131405 ], [ 101.637700400000014, 3.2129806 ], [ 101.6376812, 3.2137137 ] ] ], [ [ [ 101.6403553, 3.2139784 ], [ 101.6405005, 3.214114 ], [ 101.6413279, 3.2141755 ], [ 101.6436003, 3.213338 ], [ 101.6433857, 3.2127513 ], [ 101.643547408745135, 3.212690539519471 ], [ 101.643142239736122, 3.211932435216031 ], [ 101.6403853, 3.2119524 ], [ 101.6403553, 3.2139784 ] ] ], [ [ [ 101.6435295, 3.2129196 ], [ 101.6436245, 3.2132657 ], [ 101.643729655437141, 3.213230294568222 ], [ 101.643619590127727, 3.212889286061714 ], [ 101.6435295, 3.2129196 ] ] ], [ [ [ 101.6353057, 3.2129038 ], [ 101.635180371760057, 3.212900212942941 ], [ 101.635047509513257, 3.213336638971827 ], [ 101.6352923, 3.2133524 ], [ 101.6353057, 3.2129038 ] ] ], [ [ [ 101.6366862, 3.2135837 ], [ 101.6353918, 3.2133876 ], [ 101.6354294, 3.2135856 ], [ 101.6368943, 3.2138519 ], [ 101.637032, 3.2131581 ], [ 101.636915200000018, 3.2126953 ], [ 101.636684, 3.2127978 ], [ 101.6367956, 3.2131235 ], [ 101.6366862, 3.2135837 ] ] ], [ [ [ 101.6368025, 3.2140597 ], [ 101.6350604, 3.2137869 ], [ 101.635044, 3.2139959 ], [ 101.6357396, 3.2140528 ], [ 101.6365252, 3.214235 ], [ 101.636325, 3.2151225 ], [ 101.6366207, 3.215184 ], [ 101.6368418, 3.2141328 ], [ 101.6368025, 3.2140597 ] ] ], [ [ [ 101.6430392, 3.2143556 ], [ 101.6433092, 3.2153343 ], [ 101.643819213320725, 3.215268544330799 ], [ 101.643878982620677, 3.214064658482132 ], [ 101.6430392, 3.2143556 ] ] ], [ [ [ 101.636889100000019, 3.2141635 ], [ 101.6366638, 3.2151969 ], [ 101.6371351, 3.2153381 ], [ 101.6371324, 3.2154626 ], [ 101.6378016, 3.2154898 ], [ 101.6378896, 3.2142439 ], [ 101.6369535, 3.2140979 ], [ 101.636889100000019, 3.2141635 ] ] ], [ [ [ 101.6423711, 3.2146033 ], [ 101.6427439, 3.2161257 ], [ 101.6434419, 3.2159439 ], [ 101.6430252, 3.2143228 ], [ 101.6423711, 3.2146033 ] ] ], [ [ [ 101.6412792, 3.2161968 ], [ 101.641361, 3.215583 ], [ 101.6416657, 3.2156108 ], [ 101.6419125, 3.2155487 ], [ 101.6417194, 3.2147389 ], [ 101.6416035, 3.2147967 ], [ 101.6381322, 3.2144051 ], [ 101.637953600000017, 3.2145075 ], [ 101.6378763, 3.2157715 ], [ 101.637945, 3.2158486 ], [ 101.6412792, 3.2161968 ] ] ], [ [ [ 101.642937647532889, 3.217223195053265 ], [ 101.6436113693034, 3.216010480008498 ], [ 101.6426861, 3.216228 ], [ 101.642937647532889, 3.217223195053265 ] ] ], [ [ [ 101.637532828460266, 3.218541867866205 ], [ 101.637692343158321, 3.218617192900711 ], [ 101.63771115782167, 3.218623904303738 ], [ 101.6376078, 3.2184601 ], [ 101.637532828460266, 3.218541867866205 ] ] ], [ [ [ 101.6725082, 2.9313391 ], [ 101.6722865, 2.9302099 ], [ 101.671996, 2.9290776 ], [ 101.671332, 2.9294702 ], [ 101.6718433, 2.9316855 ], [ 101.6724754, 2.9314598 ], [ 101.6725082, 2.9313391 ] ] ], [ [ [ 101.653269551481955, 2.969212658622078 ], [ 101.654810750931929, 2.969492082120898 ], [ 101.6548053, 2.969022 ], [ 101.6532736, 2.9689779 ], [ 101.653269551481955, 2.969212658622078 ] ] ], [ [ [ 101.663477991387367, 2.979626833993624 ], [ 101.662480299023471, 2.979132747939292 ], [ 101.6618317, 2.9793782 ], [ 101.6618666, 2.979488 ], [ 101.6622327, 2.9793875 ], [ 101.6622515, 2.9804965 ], [ 101.6640407, 2.9805429 ], [ 101.664056962411891, 2.980093304555364 ], [ 101.663477991387367, 2.979626833993624 ] ] ], [ [ [ 101.664721027424577, 2.980870500257897 ], [ 101.664546191516834, 2.980634692825641 ], [ 101.6644239, 2.9806332 ], [ 101.6643081, 2.9808491 ], [ 101.6643007, 2.9832881 ], [ 101.665478917929121, 2.983269452012534 ], [ 101.665287845383233, 2.982067849265002 ], [ 101.664721027424577, 2.980870500257897 ] ] ], [ [ [ 101.6640693, 2.9809871 ], [ 101.6637767, 2.9807355 ], [ 101.6618675, 2.980698 ], [ 101.6616955, 2.9808537 ], [ 101.661204500000011, 2.9817397 ], [ 101.6605511, 2.9827042 ], [ 101.6605559, 2.9828522 ], [ 101.6619506, 2.9838797 ], [ 101.6621032, 2.9838314 ], [ 101.6628133, 2.9824641 ], [ 101.6630119, 2.9823286 ], [ 101.663902, 2.9823276 ], [ 101.6640673, 2.9821614 ], [ 101.6640693, 2.9809871 ] ] ], [ [ [ 101.6640705, 2.98314 ], [ 101.6626603, 2.9831215 ], [ 101.6622731, 2.9839771 ], [ 101.6624662, 2.9841756 ], [ 101.6630215, 2.9843574 ], [ 101.6640174, 2.9843437 ], [ 101.664109, 2.9842508 ], [ 101.6640705, 2.98314 ] ] ], [ [ [ 101.664474054554532, 2.986244281795807 ], [ 101.665111539184622, 2.985184046791582 ], [ 101.6648688, 2.9852063 ], [ 101.6644825, 2.9856777 ], [ 101.664474054554532, 2.986244281795807 ] ] ], [ [ [ 101.672869658935142, 2.984922100788556 ], [ 101.67198858066223, 2.98492425383396 ], [ 101.671124849050884, 2.985099175384765 ], [ 101.670311656587984, 2.985440143721794 ], [ 101.669787815093102, 2.985778506752376 ], [ 101.6712145, 2.9875577 ], [ 101.6710122, 2.9865269 ], [ 101.6725565, 2.9859781 ], [ 101.6733958, 2.9854998 ], [ 101.6737188, 2.9854051 ], [ 101.673713414691818, 2.985087612050014 ], [ 101.672869658935142, 2.984922100788556 ] ] ], [ [ [ 101.6720172, 2.9879194 ], [ 101.6726921, 2.9871895 ], [ 101.6722153, 2.9866559 ], [ 101.6713732, 2.9876005 ], [ 101.6720811, 2.9884264 ], [ 101.6722982, 2.98825 ], [ 101.6720172, 2.9879194 ] ] ], [ [ [ 101.6706938, 2.9883242 ], [ 101.6702701, 2.9886431 ], [ 101.6706129, 2.9890725 ], [ 101.671028, 2.9887536 ], [ 101.6706938, 2.9883242 ] ] ], [ [ [ 101.671994, 2.9903438 ], [ 101.67227, 2.9900611 ], [ 101.6712184, 2.988741 ], [ 101.6709082, 2.9889722 ], [ 101.671994, 2.9903438 ] ] ], [ [ [ 101.6761982, 2.9900189 ], [ 101.6748402, 2.9884065 ], [ 101.673154100000019, 2.9897471 ], [ 101.6744993, 2.9914178 ], [ 101.6761982, 2.9900189 ] ] ], [ [ [ 101.673151084715627, 2.993876370853207 ], [ 101.6741386, 2.9931275 ], [ 101.674241, 2.9924567 ], [ 101.673459500000021, 2.991494 ], [ 101.6718284, 2.9927896 ], [ 101.672849212048433, 2.99391793168803 ], [ 101.673151084715627, 2.993876370853207 ] ] ], [ [ [ 101.6717262, 2.993372 ], [ 101.671239494329029, 2.993770564937704 ], [ 101.672238037079154, 2.993928587781117 ], [ 101.6717262, 2.993372 ] ] ], [ [ [ 101.6461449, 3.0508915 ], [ 101.6471118, 3.0509059 ], [ 101.64732, 3.0505621 ], [ 101.6474148, 3.0501895 ], [ 101.647357747253523, 3.047206135629764 ], [ 101.647136976681125, 3.047005972294589 ], [ 101.646003910190032, 3.046327038900374 ], [ 101.644723587581424, 3.046007992137903 ], [ 101.643406267613017, 3.046076308844204 ], [ 101.642563688300825, 3.046335527405897 ], [ 101.641834361902141, 3.046726683082827 ], [ 101.641766800000013, 3.0491834 ], [ 101.6424312, 3.049345 ], [ 101.6461449, 3.0508915 ] ] ], [ [ [ 101.65375250000001, 3.0512887 ], [ 101.653588298452547, 3.051232084657032 ], [ 101.653204542733278, 3.051598855569936 ], [ 101.6532065, 3.0517235 ], [ 101.6537285, 3.0517199 ], [ 101.6537787, 3.0516328 ], [ 101.65375250000001, 3.0512887 ] ] ], [ [ [ 101.643093, 3.0518899 ], [ 101.6431052, 3.052375 ], [ 101.6436642, 3.0523629 ], [ 101.6436621, 3.0518777 ], [ 101.643093, 3.0518899 ] ] ], [ [ [ 101.6730163, 3.060299 ], [ 101.6735213, 3.0602947 ], [ 101.67384522249624, 3.059060161210192 ], [ 101.673344375435661, 3.058591304917833 ], [ 101.6727479, 3.060119 ], [ 101.6730414, 3.0602198 ], [ 101.6730163, 3.060299 ] ] ], [ [ [ 101.667156473250671, 3.059180469670208 ], [ 101.66676, 3.0597318 ], [ 101.6681667, 3.0608947 ], [ 101.6683915, 3.0610358 ], [ 101.6685861, 3.0610386 ], [ 101.669314, 3.0610358 ], [ 101.6694206, 3.0609034 ], [ 101.669429300000019, 3.0603449 ], [ 101.6684607, 3.0602269 ], [ 101.667156473250671, 3.059180469670208 ] ] ], [ [ [ 101.6651063, 3.0614225 ], [ 101.6651137, 3.0617628 ], [ 101.6655667, 3.0617529 ], [ 101.6655593, 3.0614128 ], [ 101.6651063, 3.0614225 ] ] ], [ [ [ 101.644796220782226, 3.099590193574772 ], [ 101.643517420487612, 3.099915610937606 ], [ 101.64332038708001, 3.100009895603837 ], [ 101.6433221, 3.1002431 ], [ 101.646057400000018, 3.1001999 ], [ 101.64625430000001, 3.1001316 ], [ 101.646601127018513, 3.099779687076634 ], [ 101.645677411703204, 3.099587980636358 ], [ 101.644796220782226, 3.099590193574772 ] ] ], [ [ [ 101.6466146, 3.1005211 ], [ 101.645846400000011, 3.1004906 ], [ 101.6458243, 3.1038692 ], [ 101.646281, 3.1038043 ], [ 101.64646, 3.102496 ], [ 101.6466146, 3.1005211 ] ] ], [ [ [ 101.6482477, 3.1033851 ], [ 101.6483268, 3.1037253 ], [ 101.6493809, 3.1035646 ], [ 101.6493689, 3.10342 ], [ 101.6490443, 3.1032392 ], [ 101.6482477, 3.1033851 ] ] ], [ [ [ 101.6457157, 3.1047845 ], [ 101.6442794, 3.1049439 ], [ 101.6447836, 3.1052787 ], [ 101.6457868, 3.105659 ], [ 101.6467577, 3.105742 ], [ 101.6471413, 3.1059616 ], [ 101.647851700000018, 3.1047919 ], [ 101.647958, 3.1039061 ], [ 101.647815900000012, 3.1038257 ], [ 101.6456754, 3.1040855 ], [ 101.6457157, 3.1047845 ] ] ], [ [ [ 101.665461884971833, 3.112248978931687 ], [ 101.664481869940545, 3.111115830730161 ], [ 101.663747953721469, 3.110625566060571 ], [ 101.662932991973562, 3.110288650258755 ], [ 101.662363265560927, 3.110161249463618 ], [ 101.6618468, 3.1109318 ], [ 101.6624243, 3.1112983 ], [ 101.662649, 3.1110421 ], [ 101.6632089, 3.1115947 ], [ 101.6640883, 3.112864 ], [ 101.6643648, 3.113146 ], [ 101.6643935, 3.114373 ], [ 101.664546, 3.1144798 ], [ 101.6676566, 3.1144581 ], [ 101.6676613, 3.112948 ], [ 101.6689239, 3.1129471 ], [ 101.6696137, 3.114259 ], [ 101.6714476, 3.1141896 ], [ 101.6720778, 3.1140928 ], [ 101.672692651971118, 3.113707368469776 ], [ 101.672039499535941, 3.112630594554736 ], [ 101.671414830802092, 3.112005829696125 ], [ 101.670680914556741, 3.111515573197409 ], [ 101.669437780117491, 3.111072008531098 ], [ 101.668560621411373, 3.110987415468416 ], [ 101.667683899033662, 3.11107646835265 ], [ 101.666443009988754, 3.111526351014337 ], [ 101.665461884971833, 3.112248978931687 ] ] ], [ [ [ 101.6627437, 3.1144751 ], [ 101.6636333, 3.1145291 ], [ 101.6636179, 3.1141668 ], [ 101.6639847, 3.1141365 ], [ 101.663996, 3.1131635 ], [ 101.6635431, 3.1124031 ], [ 101.6634438, 3.1123815 ], [ 101.6625236, 3.1129256 ], [ 101.6627437, 3.1144751 ] ] ], [ [ [ 101.6663569, 3.1151935 ], [ 101.6638771, 3.1154763 ], [ 101.6628365, 3.115732 ], [ 101.662856, 3.1159915 ], [ 101.6644371, 3.1169372 ], [ 101.6647515, 3.1168214 ], [ 101.6655244, 3.1176746 ], [ 101.6660334, 3.117675 ], [ 101.6676863, 3.1170228 ], [ 101.6686487, 3.1168102 ], [ 101.6708212, 3.1168005 ], [ 101.6718417, 3.1168802 ], [ 101.6719396, 3.1167627 ], [ 101.6718497, 3.1164515 ], [ 101.671899900000014, 3.1156898 ], [ 101.6723037, 3.1149123 ], [ 101.6701199, 3.1149656 ], [ 101.6663569, 3.1151935 ] ] ], [ [ [ 101.6678566, 3.1172953 ], [ 101.666617500000015, 3.1178618 ], [ 101.6662369, 3.1179747 ], [ 101.6677806, 3.1188439 ], [ 101.6680062, 3.1179361 ], [ 101.6679924, 3.1174893 ], [ 101.6678566, 3.1172953 ] ] ], [ [ [ 101.663871, 3.1177833 ], [ 101.6637037, 3.1182425 ], [ 101.664097276174871, 3.118396133563186 ], [ 101.66462868971243, 3.117983323992334 ], [ 101.663871, 3.1177833 ] ] ], [ [ [ 101.6750618, 3.1202285 ], [ 101.6748376, 3.1199397 ], [ 101.6744938, 3.1192443 ], [ 101.6742984, 3.1182327 ], [ 101.674326, 3.116855 ], [ 101.6746886, 3.1155465 ], [ 101.6739205, 3.1154861 ], [ 101.6731216, 3.1156392 ], [ 101.6725637, 3.1155841 ], [ 101.6724925, 3.1163408 ], [ 101.6726363, 3.1172922 ], [ 101.6727461, 3.1176084 ], [ 101.6728469, 3.1175783 ], [ 101.6738719, 3.1197208 ], [ 101.6744861, 3.1206872 ], [ 101.6750618, 3.1202285 ] ] ], [ [ [ 101.664833449391907, 3.118013648501639 ], [ 101.665049051319457, 3.118306680685879 ], [ 101.665209, 3.1182662 ], [ 101.6652129, 3.1181273 ], [ 101.6651363, 3.1180585 ], [ 101.664833449391907, 3.118013648501639 ] ] ], [ [ [ 101.668590373159589, 3.120024221663748 ], [ 101.668938075647503, 3.120875159302793 ], [ 101.669362130468713, 3.121519594972323 ], [ 101.6705111, 3.1205721 ], [ 101.6704896, 3.1192384 ], [ 101.6692831, 3.1191435 ], [ 101.669256100000013, 3.119768 ], [ 101.6690192, 3.1199362 ], [ 101.6689037, 3.119875 ], [ 101.6681671, 3.1198665 ], [ 101.668117007534732, 3.120000178707802 ], [ 101.668590373159589, 3.120024221663748 ] ] ], [ [ [ 101.6747543, 3.1217359 ], [ 101.6736806, 3.1225877 ], [ 101.6740049, 3.1229788 ], [ 101.6744552, 3.122609 ], [ 101.6746138, 3.1227556 ], [ 101.6749169, 3.1224222 ], [ 101.6747175, 3.1222412 ], [ 101.6749928, 3.1219951 ], [ 101.6747543, 3.1217359 ] ] ], [ [ [ 101.6716397, 3.1223483 ], [ 101.67142130000002, 3.1222066 ], [ 101.6708655, 3.1226545 ], [ 101.671004960550519, 3.122827859092418 ], [ 101.6716397, 3.1223483 ] ] ], [ [ [ 101.6746051, 3.1228242 ], [ 101.6745032, 3.1227938 ], [ 101.67413416390022, 3.123075673472773 ], [ 101.675102482484178, 3.122668278825766 ], [ 101.6749183, 3.1224938 ], [ 101.6746051, 3.1228242 ] ] ], [ [ [ 101.6729091, 3.1231797 ], [ 101.672965703212881, 3.123250592404752 ], [ 101.67374420683872, 3.123170714793572 ], [ 101.673435, 3.1227741 ], [ 101.6729091, 3.1231797 ] ] ], [ [ [ 101.6449179, 3.1273069 ], [ 101.6457814, 3.127579 ], [ 101.645982588147149, 3.12704780967651 ], [ 101.645253544252029, 3.126318977768902 ], [ 101.6449179, 3.1273069 ] ] ], [ [ [ 101.6449397, 3.1269769 ], [ 101.6442515, 3.1267382 ], [ 101.6445342, 3.1259325 ], [ 101.6424396, 3.1259982 ], [ 101.6424865, 3.1279367 ], [ 101.6428812, 3.1279205 ], [ 101.6430499, 3.1282381 ], [ 101.6436572, 3.1278565 ], [ 101.6436573, 3.1277031 ], [ 101.64391470000001, 3.1276945 ], [ 101.6447691, 3.1274635 ], [ 101.6449397, 3.1269769 ] ] ], [ [ [ 101.667055335704475, 3.14184268022153 ], [ 101.6668188, 3.1418306 ], [ 101.6667388, 3.1422959 ], [ 101.667209994265349, 3.1423383997065 ], [ 101.667055335704475, 3.14184268022153 ] ] ], [ [ [ 101.667307397425745, 3.144042916747607 ], [ 101.667352199440003, 3.143432466021622 ], [ 101.667276499731955, 3.142637154704819 ], [ 101.6666462, 3.1425704 ], [ 101.6667034, 3.1441006 ], [ 101.667307397425745, 3.144042916747607 ] ] ], [ [ [ 101.6612662, 3.1440388 ], [ 101.6612487, 3.1443963 ], [ 101.6614901, 3.1444151 ], [ 101.6615317, 3.1440629 ], [ 101.6612662, 3.1440388 ] ] ], [ [ [ 101.661147349426926, 3.147623059269788 ], [ 101.662203452252001, 3.147909110810674 ], [ 101.66166164792196, 3.148630244593749 ], [ 101.662263400000015, 3.1493194 ], [ 101.662454, 3.1496479 ], [ 101.6627517, 3.1498983 ], [ 101.6634876, 3.150165 ], [ 101.6635083, 3.1476078 ], [ 101.6638688, 3.146003 ], [ 101.663741, 3.1452328 ], [ 101.6633985, 3.1444806 ], [ 101.6629768, 3.1439884 ], [ 101.6622756, 3.1436333 ], [ 101.6620377, 3.1436231 ], [ 101.6618501, 3.1437176 ], [ 101.6618, 3.1438523 ], [ 101.6615907, 3.1449723 ], [ 101.660484, 3.1466868 ], [ 101.66047504363911, 3.147270936030484 ], [ 101.661147349426926, 3.147623059269788 ] ] ], [ [ [ 101.661477133853694, 3.148964121632284 ], [ 101.661188619526669, 3.149690055435892 ], [ 101.6615541, 3.15012 ], [ 101.6620688, 3.1496621 ], [ 101.661477133853694, 3.148964121632284 ] ] ], [ [ [ 101.669979198039854, 3.150712186811497 ], [ 101.669940207231932, 3.150327881264639 ], [ 101.6697297, 3.1502261 ], [ 101.6695929, 3.1505314 ], [ 101.669979198039854, 3.150712186811497 ] ] ], [ [ [ 101.6631829, 3.151715 ], [ 101.663324300000014, 3.151873 ], [ 101.6639699, 3.1517806 ], [ 101.664271, 3.1507901 ], [ 101.6641554, 3.1506212 ], [ 101.6635221, 3.1505713 ], [ 101.6631292, 3.1506307 ], [ 101.6630435, 3.1507686 ], [ 101.6631829, 3.151715 ] ] ], [ [ [ 101.6653508, 3.1554092 ], [ 101.66625, 3.1543348 ], [ 101.6665883, 3.1536571 ], [ 101.6668226, 3.1528935 ], [ 101.6668433, 3.1521059 ], [ 101.6667363, 3.1516036 ], [ 101.6658652, 3.1513874 ], [ 101.6658696, 3.1505879 ], [ 101.6656053, 3.1505499 ], [ 101.6653506, 3.1497297 ], [ 101.6653339, 3.1493232 ], [ 101.6649387, 3.1493351 ], [ 101.6649196, 3.1504096 ], [ 101.6650696, 3.1504905 ], [ 101.664821, 3.1509364 ], [ 101.6643451, 3.1507119 ], [ 101.664061, 3.1515686 ], [ 101.6642635, 3.1516487 ], [ 101.6641033, 3.152039 ], [ 101.664410100000012, 3.1523188 ], [ 101.6650954, 3.1532547 ], [ 101.6651969, 3.1536916 ], [ 101.664798300000015, 3.1538967 ], [ 101.6650786, 3.1547374 ], [ 101.6648564, 3.1549525 ], [ 101.6653508, 3.1554092 ] ] ], [ [ [ 101.669908095979309, 3.151847180022966 ], [ 101.669976700423049, 3.151300544917064 ], [ 101.6693798, 3.1510249 ], [ 101.6685952, 3.1523827 ], [ 101.669662629627766, 3.152672339419644 ], [ 101.669908095979309, 3.151847180022966 ] ] ], [ [ [ 101.672246145815308, 3.202378618119766 ], [ 101.671878232555969, 3.202816617792092 ], [ 101.6740622, 3.2026794 ], [ 101.6748529, 3.2025617 ], [ 101.6748204, 3.2022329 ], [ 101.672246145815308, 3.202378618119766 ] ] ], [ [ [ 101.6738531, 3.2054439 ], [ 101.6746153, 3.2051594 ], [ 101.6750153, 3.2053308 ], [ 101.6758181, 3.2044262 ], [ 101.6757497, 3.2043821 ], [ 101.6757903, 3.2042866 ], [ 101.6760722, 3.204046 ], [ 101.6756913, 3.2037459 ], [ 101.6756538, 3.202997 ], [ 101.6750969, 3.2029169 ], [ 101.6733924, 3.2030234 ], [ 101.6732196, 3.2030944 ], [ 101.6732898, 3.2032362 ], [ 101.6747831, 3.2031585 ], [ 101.67481, 3.2039473 ], [ 101.6746879, 3.2042548 ], [ 101.6735872, 3.2046735 ], [ 101.6736916, 3.2050039 ], [ 101.6738664, 3.2049392 ], [ 101.6740055, 3.2053011 ], [ 101.6738299, 3.2053701 ], [ 101.6738531, 3.2054439 ] ] ], [ [ [ 101.6676051, 3.2037963 ], [ 101.6664497, 3.2048223 ], [ 101.6669719, 3.2054575 ], [ 101.6681243, 3.2043747 ], [ 101.6676051, 3.2037963 ] ] ], [ [ [ 101.666166, 3.2062082 ], [ 101.6660447, 3.2059963 ], [ 101.6655793, 3.2062976 ], [ 101.6651959, 3.2056656 ], [ 101.6648985, 3.2058663 ], [ 101.6645638, 3.205346 ], [ 101.6642825, 3.2055398 ], [ 101.6651363, 3.2068646 ], [ 101.666166, 3.2062082 ] ] ], [ [ [ 101.659296665488213, 3.206668346407628 ], [ 101.6592847, 3.2068759 ], [ 101.659444841894313, 3.206868079765974 ], [ 101.659296665488213, 3.206668346407628 ] ] ], [ [ [ 101.6625467, 3.2070429 ], [ 101.6624545, 3.2061785 ], [ 101.6617224, 3.2062438 ], [ 101.6618072, 3.2071339 ], [ 101.661257272007575, 3.207192670750077 ], [ 101.661270608907429, 3.207451793386098 ], [ 101.6639362, 3.2071435 ], [ 101.6638696, 3.2068894 ], [ 101.6625467, 3.2070429 ] ] ], [ [ [ 101.6580646, 3.2091156 ], [ 101.6586003, 3.2086652 ], [ 101.6583327, 3.2078025 ], [ 101.6589809, 3.2077366 ], [ 101.6594863, 3.2069458 ], [ 101.6576499, 3.2070188 ], [ 101.6578946, 3.2057468 ], [ 101.65736720000001, 3.2056266 ], [ 101.6569943, 3.207606 ], [ 101.6576476, 3.2075846 ], [ 101.6576351, 3.2082115 ], [ 101.657248, 3.2082343 ], [ 101.6569202, 3.2091872 ], [ 101.6577158, 3.2092353 ], [ 101.6580646, 3.2091156 ] ] ], [ [ [ 101.6661916, 3.2071531 ], [ 101.6651868, 3.2076846 ], [ 101.6651666, 3.2083507 ], [ 101.666183100000012, 3.2083935 ], [ 101.6661916, 3.2071531 ] ] ], [ [ [ 101.6591825, 3.2083099 ], [ 101.659973257430295, 3.207794284475936 ], [ 101.659809392820904, 3.207448370017955 ], [ 101.6596642, 3.2076145 ], [ 101.6590608, 3.2080067 ], [ 101.6591825, 3.2083099 ] ] ], [ [ [ 101.6532949, 3.2078357 ], [ 101.6530715, 3.2079711 ], [ 101.6528758, 3.2076435 ], [ 101.6523099, 3.2079573 ], [ 101.6523577, 3.2082301 ], [ 101.652478, 3.2084049 ], [ 101.6531901, 3.2081849 ], [ 101.6532379, 3.2082695 ], [ 101.6538448, 3.2082848 ], [ 101.653880300000012, 3.2078911 ], [ 101.6532949, 3.2078357 ] ] ], [ [ [ 101.650680905306729, 3.207899378027044 ], [ 101.64948684473228, 3.207335525052518 ], [ 101.6488946, 3.207351 ], [ 101.6488644, 3.2090536 ], [ 101.649995, 3.2090741 ], [ 101.6499975, 3.2100975 ], [ 101.651151700000014, 3.2093415 ], [ 101.651101646854769, 3.208222161603475 ], [ 101.650680905306729, 3.207899378027044 ] ] ], [ [ [ 101.673763525150605, 3.209700119397759 ], [ 101.675044067354904, 3.210018951477271 ], [ 101.675925329504906, 3.210016633598118 ], [ 101.676789207737841, 3.209841550491155 ], [ 101.676816200000019, 3.2087307 ], [ 101.6736956, 3.2087201 ], [ 101.6732427, 3.2086755 ], [ 101.6730066, 3.2085736 ], [ 101.672794960324723, 3.209143533183881 ], [ 101.673763525150605, 3.209700119397759 ] ] ], [ [ [ 101.669231858562682, 3.209964937916394 ], [ 101.6691503, 3.2089329 ], [ 101.6687418, 3.2089817 ], [ 101.6688275, 3.2099844 ], [ 101.6691549, 3.2099731 ], [ 101.669159916240517, 3.210045234589242 ], [ 101.669231858562682, 3.209964937916394 ] ] ], [ [ [ 101.6569717, 3.2097739 ], [ 101.656980600000011, 3.2099682 ], [ 101.657553, 3.2099566 ], [ 101.6575429, 3.2097597 ], [ 101.6569717, 3.2097739 ] ] ], [ [ [ 101.6447139, 3.2106662 ], [ 101.6457739, 3.2124046 ], [ 101.6478564, 3.2111737 ], [ 101.647599, 3.2107035 ], [ 101.6473691, 3.2098198 ], [ 101.6468806, 3.2098112 ], [ 101.6458892, 3.2088386 ], [ 101.6453777, 3.2093321 ], [ 101.6455357, 3.209487 ], [ 101.6445501, 3.2105228 ], [ 101.6447139, 3.2106662 ] ] ], [ [ [ 101.648529, 3.2109565 ], [ 101.6487717, 3.2108279 ], [ 101.6486631, 3.2106177 ], [ 101.6484096, 3.2107235 ], [ 101.648529, 3.2109565 ] ] ], [ [ [ 101.6589278, 3.2100748 ], [ 101.6589253, 3.2099283 ], [ 101.6573937, 3.2100275 ], [ 101.6575876, 3.2123572 ], [ 101.65936453880154, 3.212329221928705 ], [ 101.659509819082061, 3.212131253102143 ], [ 101.6594867, 3.2100571 ], [ 101.6589278, 3.2100748 ] ] ], [ [ [ 101.6518846, 3.2097803 ], [ 101.6517622, 3.2097888 ], [ 101.6469516, 3.2125807 ], [ 101.6472515, 3.2132321 ], [ 101.6519413, 3.210712 ], [ 101.6518846, 3.2097803 ] ] ], [ [ [ 101.643776272196831, 3.2124906920946 ], [ 101.643786085563221, 3.212556023024655 ], [ 101.643796404866904, 3.212596981613401 ], [ 101.6438078, 3.2125927 ], [ 101.643776272196831, 3.2124906920946 ] ] ], [ [ [ 101.643850476007884, 3.212811596491044 ], [ 101.643954885232631, 3.2131544605275 ], [ 101.64413, 3.2130955 ], [ 101.6453565, 3.2126278 ], [ 101.6452246, 3.2123889 ], [ 101.6455888, 3.2121919 ], [ 101.6454499, 3.2119657 ], [ 101.645123, 3.2121592 ], [ 101.643933200000021, 3.2125849 ], [ 101.6439949, 3.212763 ], [ 101.643850476007884, 3.212811596491044 ] ] ], [ [ [ 101.65233703877675, 3.213410848784946 ], [ 101.652574440415961, 3.212654786937859 ], [ 101.653172563827923, 3.213182647468868 ], [ 101.653143700000015, 3.2121534 ], [ 101.6530445, 3.212034 ], [ 101.652293400000019, 3.2120926 ], [ 101.65233703877675, 3.213410848784946 ] ] ], [ [ [ 101.6445095, 3.2136871 ], [ 101.6448544688174, 3.214681195949922 ], [ 101.645160329084121, 3.214991462405089 ], [ 101.6466313, 3.2144599 ], [ 101.6468373, 3.2148594 ], [ 101.6466235, 3.2149838 ], [ 101.6466324, 3.2152718 ], [ 101.6477037, 3.2152331 ], [ 101.6476746, 3.2147333 ], [ 101.6466747, 3.212787 ], [ 101.6445095, 3.2136871 ] ] ], [ [ [ 101.644302457118954, 3.213917946089718 ], [ 101.644635172599934, 3.214417212383447 ], [ 101.6444472, 3.2138678 ], [ 101.644302457118954, 3.213917946089718 ] ] ], [ [ [ 101.645753293498288, 3.215455505070157 ], [ 101.646899158010896, 3.215990482043122 ], [ 101.647874521774099, 3.216166212062824 ], [ 101.6478515, 3.2153473 ], [ 101.645753293498288, 3.215455505070157 ] ] ], [ [ [ 101.6751732, 2.99235 ], [ 101.67659501720992, 2.991142377101115 ], [ 101.676784950233966, 2.99055575328642 ], [ 101.6763533, 2.9900442 ], [ 101.674499900000015, 2.9916178 ], [ 101.6750503, 2.9923273 ], [ 101.6751732, 2.99235 ] ] ], [ [ [ 101.696557097825831, 3.057476128998087 ], [ 101.696422912439786, 3.056873497090969 ], [ 101.696132764417072, 3.056159653421298 ], [ 101.6957032, 3.0568576 ], [ 101.696557097825831, 3.057476128998087 ] ] ], [ [ [ 101.69405, 3.0853784 ], [ 101.6942223, 3.0853498 ], [ 101.69470560000002, 3.0858661 ], [ 101.695420614928267, 3.085219725167446 ], [ 101.694553235061633, 3.085048144322069 ], [ 101.693859261893266, 3.085040666437144 ], [ 101.69405, 3.0853784 ] ] ], [ [ [ 101.692250765997898, 3.085444082493308 ], [ 101.6922748, 3.0856787 ], [ 101.6929237, 3.0860242 ], [ 101.6932272, 3.0854363 ], [ 101.693058871384721, 3.085161624347592 ], [ 101.692250765997898, 3.085444082493308 ] ] ], [ [ [ 101.690343530829509, 3.087107248477064 ], [ 101.6904918, 3.0870921 ], [ 101.690513061620891, 3.086864310398045 ], [ 101.690343530829509, 3.087107248477064 ] ] ], [ [ [ 101.690334163352034, 3.087123049906228 ], [ 101.690068342976843, 3.087610446421292 ], [ 101.6903279, 3.0876215 ], [ 101.6903879, 3.0875481 ], [ 101.6904192, 3.0871136 ], [ 101.690334163352034, 3.087123049906228 ] ] ], [ [ [ 101.6927176, 3.0893831 ], [ 101.692894, 3.0880219 ], [ 101.6930357, 3.0876786 ], [ 101.6921774, 3.0877443 ], [ 101.6920944, 3.0879425 ], [ 101.6920403, 3.0890344 ], [ 101.6918165, 3.0895244 ], [ 101.689635328455893, 3.089423665378876 ], [ 101.689717716680747, 3.090438747594604 ], [ 101.690161363249601, 3.091677910409295 ], [ 101.6906701, 3.0916163 ], [ 101.691095, 3.0914182 ], [ 101.6918445, 3.0906846 ], [ 101.6923478, 3.0900425 ], [ 101.6927176, 3.0893831 ] ] ], [ [ [ 101.677195182966969, 3.1174123420647 ], [ 101.676855899199069, 3.11659483948519 ], [ 101.676226655596935, 3.115707499988016 ], [ 101.6754751, 3.1156256 ], [ 101.6751542, 3.1175764 ], [ 101.6751708, 3.1183565 ], [ 101.6752917, 3.1189398 ], [ 101.6757248, 3.1196294 ], [ 101.6761608, 3.1199654 ], [ 101.677058895164919, 3.120440461876258 ], [ 101.677307917375842, 3.119605260093244 ], [ 101.677392057121381, 3.118723513510306 ], [ 101.677195182966969, 3.1174123420647 ] ] ], [ [ [ 101.675149421677389, 3.122639834071773 ], [ 101.675465981058181, 3.122439082519635 ], [ 101.6752126, 3.1221958 ], [ 101.6749598, 3.122465 ], [ 101.675149421677389, 3.122639834071773 ] ] ], [ [ [ 101.6753845, 3.1264522 ], [ 101.6754057, 3.1266448 ], [ 101.6756021, 3.1270441 ], [ 101.6759578, 3.1268126 ], [ 101.6757932, 3.126302 ], [ 101.6759684, 3.1261571 ], [ 101.6754517, 3.1253655 ], [ 101.674937150898629, 3.125800037089121 ], [ 101.6753845, 3.1264522 ] ] ], [ [ [ 101.6777635, 3.12598 ], [ 101.6769529, 3.1265624 ], [ 101.6775065, 3.1272645 ], [ 101.6790267, 3.1287033 ], [ 101.679455200000021, 3.1283658 ], [ 101.6785982, 3.1272014 ], [ 101.6779564, 3.1260516 ], [ 101.6777635, 3.12598 ] ] ], [ [ [ 101.6799572, 3.1276644 ], [ 101.6803934, 3.1281985 ], [ 101.6806252, 3.1279903 ], [ 101.6802589, 3.1275397 ], [ 101.6805686, 3.127289 ], [ 101.6804927, 3.127175 ], [ 101.6804046, 3.1271651 ], [ 101.6799626, 3.1275837 ], [ 101.6799572, 3.1276644 ] ] ], [ [ [ 101.6760491, 3.1271782 ], [ 101.674630361262999, 3.128313292416847 ], [ 101.674775832214067, 3.128944245494247 ], [ 101.6761698, 3.1277581 ], [ 101.6762825, 3.1273242 ], [ 101.6761591, 3.1271863 ], [ 101.6760491, 3.1271782 ] ] ], [ [ [ 101.682018200000016, 3.1279636 ], [ 101.6817684, 3.1280933 ], [ 101.6819948, 3.128375 ], [ 101.6821126, 3.128137 ], [ 101.682018200000016, 3.1279636 ] ] ], [ [ [ 101.683139, 3.128191 ], [ 101.683424580742454, 3.128654408012692 ], [ 101.683532998168289, 3.128043930710702 ], [ 101.6833985, 3.127775 ], [ 101.6832442, 3.1277454 ], [ 101.6827752, 3.1280295 ], [ 101.6828044, 3.1282615 ], [ 101.683139, 3.128191 ] ] ], [ [ [ 101.6776776, 3.1275858 ], [ 101.6775012, 3.1275215 ], [ 101.6771927, 3.1282312 ], [ 101.6778834, 3.1290052 ], [ 101.6785432, 3.1285379 ], [ 101.6785432, 3.1284428 ], [ 101.6776776, 3.1275858 ] ] ], [ [ [ 101.6801418, 3.1301635 ], [ 101.680675600000015, 3.1298422 ], [ 101.6795558, 3.1284086 ], [ 101.6790616, 3.1287816 ], [ 101.6801418, 3.1301635 ] ] ], [ [ [ 101.682708600000012, 3.1293461 ], [ 101.6819545, 3.1300785 ], [ 101.682415903031028, 3.130588441834957 ], [ 101.682908489145191, 3.129915714183837 ], [ 101.6827418, 3.1297343 ], [ 101.6828841, 3.1294182 ], [ 101.682708600000012, 3.1293461 ] ] ], [ [ [ 101.6862283, 3.130131 ], [ 101.6854999, 3.1307834 ], [ 101.6887246, 3.1337413 ], [ 101.6897618, 3.1326497 ], [ 101.6895201, 3.1324345 ], [ 101.6896253, 3.1323091 ], [ 101.6894055, 3.1321046 ], [ 101.6890224, 3.1324787 ], [ 101.6879569, 3.1315733 ], [ 101.6877159, 3.1318124 ], [ 101.6869364, 3.1312208 ], [ 101.6869694, 3.1309047 ], [ 101.6862283, 3.130131 ] ] ], [ [ [ 101.6906065, 3.1319813 ], [ 101.6903945, 3.1321843 ], [ 101.6914112, 3.1331385 ], [ 101.6917272, 3.1328028 ], [ 101.691305900000017, 3.1324447 ], [ 101.6909545, 3.1318314 ], [ 101.6906065, 3.1319813 ] ] ], [ [ [ 101.685994, 3.136564 ], [ 101.6863834, 3.13686 ], [ 101.6898478, 3.1373924 ], [ 101.6903337, 3.1372383 ], [ 101.6906371, 3.1369405 ], [ 101.6905337, 3.1367304 ], [ 101.6899548, 3.1365324 ], [ 101.690139, 3.1361874 ], [ 101.6885147, 3.1337791 ], [ 101.6847556, 3.1303987 ], [ 101.68445, 3.1303121 ], [ 101.6842316, 3.1303357 ], [ 101.6839761, 3.1304236 ], [ 101.683499956506978, 3.130848600564909 ], [ 101.683063763353317, 3.131516196375214 ], [ 101.682809647071366, 3.132105967223973 ], [ 101.6850766, 3.1350086 ], [ 101.6857782, 3.136 ], [ 101.685994, 3.136564 ] ] ], [ [ [ 101.6912192, 3.1363667 ], [ 101.691611092163754, 3.135929921289246 ], [ 101.691556231117715, 3.135777036504729 ], [ 101.691783345607774, 3.13573793821596 ], [ 101.6924284, 3.135019 ], [ 101.69176920000001, 3.1344281 ], [ 101.6921413, 3.1339023 ], [ 101.690324, 3.1321857 ], [ 101.6888625, 3.1338656 ], [ 101.689256, 3.1344392 ], [ 101.689817800000014, 3.1338536 ], [ 101.6901636, 3.134185 ], [ 101.690404500000014, 3.1338861 ], [ 101.6913702, 3.1347672 ], [ 101.6906875, 3.1355462 ], [ 101.6904414, 3.1353298 ], [ 101.6902179, 3.1353335 ], [ 101.689986, 3.1356179 ], [ 101.6904111, 3.1361551 ], [ 101.6912192, 3.1363667 ] ] ], [ [ [ 101.6911912, 3.1374047 ], [ 101.691214, 3.1375775 ], [ 101.691794008824488, 3.137862593139366 ], [ 101.691829511936547, 3.137339306678374 ], [ 101.6913327, 3.1370894 ], [ 101.6911912, 3.1374047 ] ] ], [ [ [ 101.6975624, 3.1382348 ], [ 101.697504, 3.1379644 ], [ 101.6969296, 3.1372672 ], [ 101.6967965, 3.1373768 ], [ 101.6966821, 3.1372602 ], [ 101.6964393, 3.1372952 ], [ 101.6959536, 3.1366844 ], [ 101.6954796, 3.137076 ], [ 101.696981, 3.1387547 ], [ 101.696542, 3.1391068 ], [ 101.6968269, 3.1393936 ], [ 101.6971421, 3.1395521 ], [ 101.6975601, 3.1395964 ], [ 101.6981812, 3.1394542 ], [ 101.6981719, 3.138785 ], [ 101.6975624, 3.1382348 ] ] ], [ [ [ 101.694587, 3.1453017 ], [ 101.6944274, 3.1440165 ], [ 101.6946466, 3.1436667 ], [ 101.6939909, 3.1432176 ], [ 101.6933837, 3.144059 ], [ 101.6935397, 3.1443332 ], [ 101.6937121, 3.1454768 ], [ 101.694587, 3.1453017 ] ] ], [ [ [ 101.6943161, 3.1462617 ], [ 101.6944545, 3.1470112 ], [ 101.6949014, 3.1469387 ], [ 101.6947441, 3.1461749 ], [ 101.6943161, 3.1462617 ] ] ], [ [ [ 101.6931164, 3.1475822 ], [ 101.6931835, 3.1480753 ], [ 101.6939535, 3.1479196 ], [ 101.6938698, 3.147429 ], [ 101.6931164, 3.1475822 ] ] ], [ [ [ 101.6922825, 3.1497769 ], [ 101.692101700285392, 3.15021229640623 ], [ 101.69217770400023, 3.150553833145683 ], [ 101.6923352, 3.1506048 ], [ 101.692479300000016, 3.1505505 ], [ 101.692537, 3.1503242 ], [ 101.6923848, 3.149813 ], [ 101.6922825, 3.1497769 ] ] ], [ [ [ 101.6963075, 3.149802 ], [ 101.6962291, 3.1497859 ], [ 101.6954231, 3.1507708 ], [ 101.6951918, 3.1509576 ], [ 101.6955619, 3.1514792 ], [ 101.6957684, 3.151348 ], [ 101.6962425, 3.1508431 ], [ 101.6963719, 3.1503617 ], [ 101.6963075, 3.149802 ] ] ], [ [ [ 101.6973522, 3.1532668 ], [ 101.6970089, 3.1522773 ], [ 101.6967031, 3.1525076 ], [ 101.6960849, 3.1516071 ], [ 101.6963444, 3.1513379 ], [ 101.6960916, 3.1511357 ], [ 101.6956101, 3.1515448 ], [ 101.6965851, 3.1530218 ], [ 101.696660200000011, 3.1532642 ], [ 101.6973522, 3.1532668 ] ] ], [ [ [ 101.6947961, 3.1512542 ], [ 101.6946915, 3.1566588 ], [ 101.6958938, 3.1567652 ], [ 101.6964979, 3.1538734 ], [ 101.6965677, 3.1532588 ], [ 101.6965181, 3.1530887 ], [ 101.6951314, 3.1510279 ], [ 101.6947961, 3.1512542 ] ] ], [ [ [ 101.6963122, 3.1583145 ], [ 101.6964523, 3.158597 ], [ 101.697852, 3.1579444 ], [ 101.6977981, 3.1576463 ], [ 101.6963122, 3.1583145 ] ] ], [ [ [ 101.6944742, 3.1571649 ], [ 101.6938949, 3.1588133 ], [ 101.6939834, 3.1591025 ], [ 101.6942368, 3.1590195 ], [ 101.6943884, 3.1594533 ], [ 101.6946633, 3.1593375 ], [ 101.6945054, 3.1585572 ], [ 101.6944742, 3.1571649 ] ] ], [ [ [ 101.6966703, 3.1598638 ], [ 101.6958261, 3.157746 ], [ 101.6958381, 3.1568931 ], [ 101.6947592, 3.1568723 ], [ 101.6947062, 3.1585515 ], [ 101.694859500000021, 3.1592478 ], [ 101.6954546, 3.1590503 ], [ 101.6955458, 3.159448 ], [ 101.6960037, 3.1603358 ], [ 101.6966703, 3.1598638 ] ] ], [ [ [ 101.6967836, 3.1601082 ], [ 101.6954948, 3.1609866 ], [ 101.6958368, 3.16256 ], [ 101.6959749, 3.1627528 ], [ 101.6972329, 3.1624301 ], [ 101.6977693, 3.1621864 ], [ 101.6968976, 3.160159 ], [ 101.6967836, 3.1601082 ] ] ], [ [ [ 101.6899153, 3.1619542 ], [ 101.689677465873032, 3.161971548173706 ], [ 101.689702469005923, 3.162138006683481 ], [ 101.689960456858117, 3.162984979929284 ], [ 101.6901161, 3.1630267 ], [ 101.6902469, 3.162206 ], [ 101.6899153, 3.1619542 ] ] ], [ [ [ 101.6954385, 3.1617411 ], [ 101.6951616, 3.1612538 ], [ 101.6943106, 3.1616936 ], [ 101.6944944, 3.1622119 ], [ 101.6948819, 3.1620398 ], [ 101.6953607, 3.16382 ], [ 101.695694, 3.1637678 ], [ 101.6958663, 3.1653318 ], [ 101.6961861, 3.1652903 ], [ 101.6959836, 3.1637517 ], [ 101.6954385, 3.1617411 ] ] ], [ [ [ 101.6978392, 3.1623631 ], [ 101.695999, 3.162934 ], [ 101.6962276, 3.1644193 ], [ 101.69642, 3.1665181 ], [ 101.6982793, 3.1661642 ], [ 101.6978815, 3.1624144 ], [ 101.6978392, 3.1623631 ] ] ], [ [ [ 101.6955914, 3.1659833 ], [ 101.6959488, 3.1659532 ], [ 101.6959615, 3.1662946 ], [ 101.6956329, 3.166318 ], [ 101.6956717, 3.1666284 ], [ 101.6962346, 3.166508 ], [ 101.6961908, 3.1653512 ], [ 101.6955575, 3.1654366 ], [ 101.6955914, 3.1659833 ] ] ], [ [ [ 101.6941845, 3.1660402 ], [ 101.694151, 3.1658005 ], [ 101.6938922, 3.1658273 ], [ 101.693888200000018, 3.1666816 ], [ 101.6937634, 3.1667124 ], [ 101.693801, 3.1670405 ], [ 101.695417, 3.1667231 ], [ 101.6953714, 3.1664486 ], [ 101.6950589, 3.166458 ], [ 101.6949865, 3.1655662 ], [ 101.6946754, 3.1656197 ], [ 101.6946499, 3.1659759 ], [ 101.6941845, 3.1660402 ] ] ], [ [ [ 101.6932044, 3.1660151 ], [ 101.6930386, 3.165948 ], [ 101.6914634, 3.1660891 ], [ 101.6913809, 3.1663449 ], [ 101.6926081, 3.166713 ], [ 101.6931638, 3.1667905 ], [ 101.6933549, 3.1663115 ], [ 101.6932044, 3.1660151 ] ] ], [ [ [ 101.6937577, 3.1671834 ], [ 101.6936052, 3.1675627 ], [ 101.6941892, 3.167482 ], [ 101.6942756, 3.1685117 ], [ 101.6942389, 3.1686507 ], [ 101.6938502, 3.16904 ], [ 101.6946774, 3.1700895 ], [ 101.6962867, 3.1688161 ], [ 101.6964182, 3.1684398 ], [ 101.6962651, 3.1666779 ], [ 101.6948403, 3.1669333 ], [ 101.6937577, 3.1671834 ] ], [ [ 101.6951112, 3.1685777 ], [ 101.6950549, 3.1682601 ], [ 101.695358, 3.1682389 ], [ 101.6953567, 3.1684666 ], [ 101.6954841, 3.1686058 ], [ 101.6952561, 3.168792 ], [ 101.6951112, 3.1685777 ] ], [ [ 101.6949517, 3.1677167 ], [ 101.6948886, 3.1672226 ], [ 101.6956034, 3.1671101 ], [ 101.6956906, 3.1676364 ], [ 101.6948886, 3.1677971 ], [ 101.6949517, 3.1677167 ] ] ], [ [ [ 101.6922359, 3.1687089 ], [ 101.6930003, 3.167627 ], [ 101.6932391, 3.1671476 ], [ 101.6914138, 3.1667619 ], [ 101.6913052, 3.1669534 ], [ 101.6911697, 3.1679791 ], [ 101.6908908, 3.1685081 ], [ 101.6905394, 3.1689071 ], [ 101.6905716, 3.1691508 ], [ 101.6907608, 3.1692053 ], [ 101.6908892, 3.1695517 ], [ 101.691266900000016, 3.1695536 ], [ 101.6916083, 3.1693463 ], [ 101.6922359, 3.1687089 ] ] ], [ [ [ 101.697766, 3.1704129 ], [ 101.6983453, 3.1703774 ], [ 101.6983446, 3.1679631 ], [ 101.6983111, 3.167864 ], [ 101.6981059, 3.1677274 ], [ 101.6978391, 3.1677636 ], [ 101.6948229, 3.1702087 ], [ 101.6953506, 3.1709174 ], [ 101.6955605, 3.1718691 ], [ 101.6962152, 3.1717685 ], [ 101.6960891, 3.1709845 ], [ 101.696685500000015, 3.1705084 ], [ 101.6967648, 3.1704698 ], [ 101.6969972, 3.1708367 ], [ 101.697652, 3.1702776 ], [ 101.697766, 3.1704129 ] ] ], [ [ [ 101.692242600000014, 3.1692218 ], [ 101.6918658, 3.1695539 ], [ 101.6922329, 3.169975 ], [ 101.691778628235596, 3.170465792185865 ], [ 101.692224618703094, 3.170636193776894 ], [ 101.692038628505671, 3.170873437580118 ], [ 101.6926678, 3.171529 ], [ 101.6929118, 3.1714527 ], [ 101.6943803, 3.1702873 ], [ 101.693109, 3.1688669 ], [ 101.6929159, 3.1685375 ], [ 101.6927496, 3.1685737 ], [ 101.692242600000014, 3.1692218 ] ] ], [ [ [ 101.6945466, 3.1708353 ], [ 101.6947277, 3.1716468 ], [ 101.6949476, 3.171928 ], [ 101.6950965, 3.171932 ], [ 101.6949114, 3.1710362 ], [ 101.6947559, 3.1707108 ], [ 101.6945466, 3.1708353 ] ] ], [ [ [ 101.6929306, 3.1717526 ], [ 101.6932672, 3.1720083 ], [ 101.6947572, 3.1725935 ], [ 101.694835, 3.1723994 ], [ 101.6941099, 3.1721545 ], [ 101.6941778, 3.1719461 ], [ 101.6937158, 3.1715377 ], [ 101.6945453, 3.1708303 ], [ 101.6947304, 3.1707014 ], [ 101.6944729, 3.1704065 ], [ 101.6929306, 3.1717526 ] ] ], [ [ [ 101.691161376978101, 3.173251956749012 ], [ 101.692368, 3.1719381 ], [ 101.692334, 3.1716438 ], [ 101.6921451, 3.171449 ], [ 101.691371018119156, 3.172168179813796 ], [ 101.691161376978101, 3.173251956749012 ] ] ], [ [ [ 101.6917239, 3.1729152 ], [ 101.6918443, 3.1731546 ], [ 101.6926097, 3.1724482 ], [ 101.6924914, 3.1722102 ], [ 101.6917239, 3.1729152 ] ] ], [ [ [ 101.6933202, 3.1725005 ], [ 101.692818, 3.1723458 ], [ 101.6918644, 3.1732108 ], [ 101.6922326, 3.1736433 ], [ 101.6931848, 3.1728834 ], [ 101.6933202, 3.1725005 ] ] ], [ [ [ 101.6924753, 3.1735445 ], [ 101.6922951, 3.1737108 ], [ 101.6924764, 3.1739112 ], [ 101.6926611, 3.173755 ], [ 101.6924753, 3.1735445 ] ] ], [ [ [ 101.6930889, 3.1745617 ], [ 101.6932581, 3.1744735 ], [ 101.6927621, 3.1739038 ], [ 101.692629, 3.1740282 ], [ 101.6930889, 3.1745617 ] ] ], [ [ [ 101.683107, 3.175787 ], [ 101.6846142, 3.1761784 ], [ 101.6848946, 3.1761497 ], [ 101.685308600000013, 3.1759186 ], [ 101.6853178, 3.1758451 ], [ 101.6844451, 3.1755111 ], [ 101.6834059, 3.1752909 ], [ 101.6830664, 3.1756858 ], [ 101.683107, 3.175787 ] ] ], [ [ [ 101.6922732, 3.1785226 ], [ 101.6922232, 3.1785162 ], [ 101.6921284, 3.1792251 ], [ 101.6920656, 3.1792177 ], [ 101.6919986, 3.179748 ], [ 101.6923594, 3.1797873 ], [ 101.692973600000016, 3.1749527 ], [ 101.6928629, 3.1746646 ], [ 101.6924053, 3.1741407 ], [ 101.6922322, 3.1743077 ], [ 101.6926525, 3.1747559 ], [ 101.692758, 3.175035 ], [ 101.6922732, 3.1785226 ] ] ], [ [ [ 101.688473182628996, 3.176848875292151 ], [ 101.688156255332814, 3.176434689000259 ], [ 101.6879682, 3.1766039 ], [ 101.688948119062275, 3.177789214654948 ], [ 101.688473182628996, 3.176848875292151 ] ] ], [ [ [ 101.6866421, 3.1772477 ], [ 101.6867733, 3.1773959 ], [ 101.687232, 3.1769788 ], [ 101.687084400000018, 3.1768388 ], [ 101.6866421, 3.1772477 ] ] ], [ [ [ 101.6863168, 3.1773878 ], [ 101.6860257, 3.1767993 ], [ 101.6858714, 3.1766293 ], [ 101.685374100000018, 3.1769917 ], [ 101.6861318, 3.1779773 ], [ 101.6865171, 3.1776332 ], [ 101.6863168, 3.1773878 ] ] ], [ [ [ 101.6876397, 3.177252 ], [ 101.6874769, 3.1770745 ], [ 101.6869628, 3.1775273 ], [ 101.6870405, 3.1777356 ], [ 101.6876397, 3.177252 ] ] ], [ [ [ 101.6853125, 3.1770299 ], [ 101.6831911, 3.1783343 ], [ 101.6830687, 3.1785104 ], [ 101.6837429, 3.1795497 ], [ 101.685115, 3.1786066 ], [ 101.6849713, 3.1783789 ], [ 101.6853076, 3.1781578 ], [ 101.6854681, 3.1784042 ], [ 101.686026, 3.177986 ], [ 101.6853125, 3.1770299 ] ] ], [ [ [ 101.6829861, 3.1785097 ], [ 101.6820114, 3.179325 ], [ 101.682248900000019, 3.1796976 ], [ 101.6818649, 3.1799756 ], [ 101.6822598, 3.1805715 ], [ 101.683711, 3.1796066 ], [ 101.6829861, 3.1785097 ] ] ], [ [ [ 101.6845433, 3.1798197 ], [ 101.6843465, 3.1795551 ], [ 101.684272600000014, 3.1795552 ], [ 101.6836522, 3.1799904 ], [ 101.6838352, 3.1802917 ], [ 101.6845433, 3.1798197 ] ] ], [ [ [ 101.6837409, 3.180223 ], [ 101.683626, 3.1800327 ], [ 101.6831608, 3.1803526 ], [ 101.6827808, 3.1807352 ], [ 101.6822858, 3.1813984 ], [ 101.6824753, 3.1815536 ], [ 101.6830043, 3.1808383 ], [ 101.6837409, 3.180223 ] ] ], [ [ [ 101.691766357109486, 3.180929958513781 ], [ 101.692077535047531, 3.181362886637128 ], [ 101.6921957, 3.1804935 ], [ 101.6918612, 3.1804615 ], [ 101.691766357109486, 3.180929958513781 ] ] ], [ [ [ 101.6815207, 3.1807333 ], [ 101.6812384, 3.1809349 ], [ 101.681364400000021, 3.1811692 ], [ 101.681695, 3.1809623 ], [ 101.6815207, 3.1807333 ] ] ], [ [ [ 101.681510759421897, 3.182505251461575 ], [ 101.6819859, 3.1813529 ], [ 101.6818262, 3.1812044 ], [ 101.6813821, 3.1815062 ], [ 101.681085756795369, 3.181990175743392 ], [ 101.681510759421897, 3.182505251461575 ] ] ], [ [ [ 101.681881699349475, 3.182853413036191 ], [ 101.682418095227391, 3.183230663094944 ], [ 101.6825482, 3.1827035 ], [ 101.6829357, 3.1818852 ], [ 101.6823961, 3.1815782 ], [ 101.6821081, 3.1820691 ], [ 101.681881699349475, 3.182853413036191 ] ] ], [ [ [ 101.691979858131305, 3.182766263363448 ], [ 101.691757588796307, 3.183014063596397 ], [ 101.6919456, 3.1830188 ], [ 101.691979858131305, 3.182766263363448 ] ] ], [ [ [ 101.687249177710271, 3.183119471307683 ], [ 101.687567562105059, 3.182880826194887 ], [ 101.687201, 3.1829057 ], [ 101.687249177710271, 3.183119471307683 ] ] ], [ [ [ 101.6870054, 3.1830404 ], [ 101.6862938, 3.1831024 ], [ 101.686336346316097, 3.183588644873018 ], [ 101.687024205049411, 3.183255813591567 ], [ 101.6870054, 3.1830404 ] ] ], [ [ [ 101.691724280301329, 3.18305376968528 ], [ 101.691291362690905, 3.183702548894821 ], [ 101.6918462, 3.183786 ], [ 101.6919228, 3.1832609 ], [ 101.691827, 3.1830696 ], [ 101.691724280301329, 3.18305376968528 ] ] ], [ [ [ 101.6932594, 3.1859238 ], [ 101.6934919, 3.1841383 ], [ 101.6920897, 3.1839098 ], [ 101.691811, 3.1856988 ], [ 101.6932594, 3.1859238 ] ] ], [ [ [ 101.681299108342643, 3.184808221774512 ], [ 101.680136603490212, 3.184920111868092 ], [ 101.6801354, 3.1851559 ], [ 101.6813964, 3.1851669 ], [ 101.681299108342643, 3.184808221774512 ] ] ], [ [ [ 101.6814099, 3.1855905 ], [ 101.6810243, 3.1856481 ], [ 101.6801025, 3.1856093 ], [ 101.6800896, 3.1859221 ], [ 101.680875300000011, 3.185971 ], [ 101.681459, 3.1858875 ], [ 101.6814099, 3.1855905 ] ] ], [ [ [ 101.678352535944654, 3.185782322872319 ], [ 101.67766263455421, 3.186461560231883 ], [ 101.677498808682813, 3.186684804748094 ], [ 101.6785264, 3.1863901 ], [ 101.678352535944654, 3.185782322872319 ] ] ], [ [ [ 101.6775364, 3.1870754 ], [ 101.677451520760513, 3.186749243704367 ], [ 101.677174573640798, 3.187200148311415 ], [ 101.6775364, 3.1870754 ] ] ], [ [ [ 101.6811204, 3.1886501 ], [ 101.6800736, 3.1883788 ], [ 101.680040700000021, 3.1885261 ], [ 101.6803701, 3.1886079 ], [ 101.6801725, 3.1893401 ], [ 101.6801792, 3.1895586 ], [ 101.680605, 3.1896438 ], [ 101.6811204, 3.1886501 ] ] ], [ [ [ 101.675542331404699, 3.193911708774209 ], [ 101.675366380599982, 3.194444888603154 ], [ 101.675627, 3.1937917 ], [ 101.6762889, 3.1928496 ], [ 101.67616441745723, 3.192845039867169 ], [ 101.675955725307531, 3.193129423819265 ], [ 101.675542331404699, 3.193911708774209 ] ] ], [ [ [ 101.6800682, 3.1956898 ], [ 101.6802959, 3.1943768 ], [ 101.6803123, 3.1939371 ], [ 101.6802259, 3.1939235 ], [ 101.6803543, 3.1928729 ], [ 101.6800568, 3.1930188 ], [ 101.6797579, 3.1956364 ], [ 101.6800682, 3.1956898 ] ] ], [ [ [ 101.6777486, 3.1996194 ], [ 101.6792356, 3.1971336 ], [ 101.6794799, 3.1948553 ], [ 101.6793287, 3.1947099 ], [ 101.6788859, 3.1947124 ], [ 101.6786533, 3.1954936 ], [ 101.6785587, 3.197298 ], [ 101.6784088, 3.19762 ], [ 101.678268500000016, 3.1975129 ], [ 101.6780542, 3.1978259 ], [ 101.6782355, 3.1979668 ], [ 101.6774868, 3.1994932 ], [ 101.6777486, 3.1996194 ] ] ], [ [ [ 101.6796634, 3.1967295 ], [ 101.6788255, 3.1983495 ], [ 101.677999292261518, 3.199812223898034 ], [ 101.678251175669743, 3.199902068271094 ], [ 101.6798544, 3.1970277 ], [ 101.6811293, 3.19725 ], [ 101.6811622, 3.1969611 ], [ 101.6796634, 3.1967295 ] ] ], [ [ [ 101.677182472702796, 3.201341889120039 ], [ 101.6768201, 3.2017902 ], [ 101.6770502, 3.2020902 ], [ 101.6773339, 3.2017752 ], [ 101.6778449, 3.2021048 ], [ 101.678057496336365, 3.201829132380568 ], [ 101.677182472702796, 3.201341889120039 ] ] ], [ [ [ 101.7042777, 3.0114672 ], [ 101.7042894, 3.0117043 ], [ 101.7047386, 3.0117032 ], [ 101.704728, 3.0114524 ], [ 101.7042777, 3.0114672 ] ] ], [ [ [ 101.705565808867661, 3.012999223050738 ], [ 101.705808519397593, 3.012986628249088 ], [ 101.7057949, 3.0127367 ], [ 101.7055491, 3.0127561 ], [ 101.705565808867661, 3.012999223050738 ] ] ], [ [ [ 101.7058567, 3.0187093 ], [ 101.7061079, 3.0186987 ], [ 101.706094, 3.0182682 ], [ 101.70596613357435, 3.018273595644439 ], [ 101.705846178706494, 3.018383443137086 ], [ 101.7058567, 3.0187093 ] ] ], [ [ [ 101.704628358007156, 3.020572503419273 ], [ 101.704572936722073, 3.020844745549885 ], [ 101.7047577, 3.0212384 ], [ 101.7056379, 3.0217983 ], [ 101.7059545, 3.0221 ], [ 101.7073721, 3.0239101 ], [ 101.70760150000001, 3.0237215 ], [ 101.7061724, 3.0218476 ], [ 101.7049909, 3.021006 ], [ 101.704766400000011, 3.0205132 ], [ 101.704628358007156, 3.020572503419273 ] ] ], [ [ [ 101.705104810843821, 3.023845585180657 ], [ 101.7056534, 3.0245562 ], [ 101.7065946, 3.0237063 ], [ 101.7072279, 3.0244489 ], [ 101.7074486, 3.0242575 ], [ 101.7058074, 3.02234 ], [ 101.7053136, 3.0227113 ], [ 101.7057871, 3.0232741 ], [ 101.705104810843821, 3.023845585180657 ] ] ], [ [ [ 101.7062679, 3.0276569 ], [ 101.7058656, 3.0281792 ], [ 101.706839200000019, 3.0288274 ], [ 101.7072174, 3.0282328 ], [ 101.7062679, 3.0276569 ] ] ], [ [ [ 101.704396, 3.039623 ], [ 101.7044262, 3.0388228 ], [ 101.7037442, 3.0388068 ], [ 101.7037199, 3.0396439 ], [ 101.7042931, 3.0396771 ], [ 101.704396, 3.039623 ] ] ], [ [ [ 101.7069198, 3.0389555 ], [ 101.7069196, 3.0410974 ], [ 101.7061634, 3.0411098 ], [ 101.7059975, 3.0422692 ], [ 101.7061269, 3.0423741 ], [ 101.7074182, 3.0423825 ], [ 101.7075326, 3.0422729 ], [ 101.7076645, 3.0412572 ], [ 101.7076153, 3.0388974 ], [ 101.7070054, 3.0389014 ], [ 101.7069198, 3.0389555 ] ] ], [ [ [ 101.7037171, 3.0431303 ], [ 101.7046317, 3.0433687 ], [ 101.7046666, 3.0426991 ], [ 101.7044923, 3.0415661 ], [ 101.7034247, 3.0416063 ], [ 101.703419400000016, 3.0426749 ], [ 101.7037198, 3.0426723 ], [ 101.7037171, 3.0431303 ] ] ], [ [ [ 101.7059623, 3.0424639 ], [ 101.70587350000001, 3.0455768 ], [ 101.7065341, 3.0457072 ], [ 101.7070786, 3.0440519 ], [ 101.7074403, 3.0424919 ], [ 101.7059623, 3.0424639 ] ] ], [ [ [ 101.7051521, 3.0436499 ], [ 101.704763200000016, 3.0436553 ], [ 101.704662465446248, 3.046179484259959 ], [ 101.705066178077573, 3.046185866483238 ], [ 101.7051521, 3.0436499 ] ] ], [ [ [ 101.702429561987216, 3.045429303513473 ], [ 101.703218391554159, 3.045852847506098 ], [ 101.704476199986956, 3.046168516353413 ], [ 101.7044762, 3.0459426 ], [ 101.702429561987216, 3.045429303513473 ] ] ], [ [ [ 101.7059108, 3.0458597 ], [ 101.7057634, 3.0459087 ], [ 101.705646466999667, 3.046129127163929 ], [ 101.706442148279322, 3.04592258316067 ], [ 101.7059108, 3.0458597 ] ] ], [ [ [ 101.7019553, 3.0745315 ], [ 101.7019756, 3.0749837 ], [ 101.7023169, 3.0749803 ], [ 101.7022967, 3.0745147 ], [ 101.7019553, 3.0745315 ] ] ], [ [ [ 101.7034451594552, 3.074962155283431 ], [ 101.703046900000018, 3.075112 ], [ 101.7031821, 3.0755034 ], [ 101.703716, 3.0753684 ], [ 101.7034451594552, 3.074962155283431 ] ] ], [ [ [ 101.7019598, 3.0754109 ], [ 101.7020152, 3.0758956 ], [ 101.7024537, 3.0757829 ], [ 101.7023877, 3.0753471 ], [ 101.7019598, 3.0754109 ] ] ], [ [ [ 101.7024452, 3.0767225 ], [ 101.7025772, 3.0771009 ], [ 101.7027731, 3.0770563 ], [ 101.7025559, 3.0760954 ], [ 101.7023728, 3.0761549 ], [ 101.7024452, 3.0767225 ] ] ], [ [ [ 101.7023518, 3.0772852 ], [ 101.702317100000016, 3.0773603 ], [ 101.7027083, 3.0783701 ], [ 101.7028054, 3.0783633 ], [ 101.7028595, 3.0779871 ], [ 101.7026905, 3.0772067 ], [ 101.7023518, 3.0772852 ] ] ], [ [ [ 101.69780590000002, 3.077947 ], [ 101.6978613, 3.0785773 ], [ 101.6980891, 3.0785592 ], [ 101.698042200000017, 3.0779247 ], [ 101.69780590000002, 3.077947 ] ] ], [ [ [ 101.6970666, 3.0886135 ], [ 101.6967358, 3.0893126 ], [ 101.6969551, 3.0895188 ], [ 101.6973446, 3.0887152 ], [ 101.6970666, 3.0886135 ] ] ], [ [ [ 101.705788, 3.1001998 ], [ 101.7051328, 3.1003884 ], [ 101.7046976, 3.0999182 ], [ 101.704489, 3.1001423 ], [ 101.7051145, 3.1010068 ], [ 101.704849, 3.1010899 ], [ 101.7050126, 3.1017782 ], [ 101.7052674, 3.101738 ], [ 101.7057019, 3.1036824 ], [ 101.705828, 3.103969 ], [ 101.7064825, 3.1044645 ], [ 101.7069036, 3.1041592 ], [ 101.7064905, 3.1034548 ], [ 101.7061628, 3.1026594 ], [ 101.7058602, 3.101039 ], [ 101.705788, 3.1001998 ] ] ], [ [ [ 101.702765600000021, 3.1397439 ], [ 101.7019079, 3.1401292 ], [ 101.7010443, 3.1376859 ], [ 101.7006154, 3.1378668 ], [ 101.6994743, 3.1387643 ], [ 101.6993525, 3.1386721 ], [ 101.6989774, 3.1389689 ], [ 101.6991741, 3.1392386 ], [ 101.6992549, 3.1395055 ], [ 101.6991499, 3.1397558 ], [ 101.6997003, 3.139923 ], [ 101.700059, 3.140764 ], [ 101.6994627, 3.1417291 ], [ 101.6994629, 3.1418355 ], [ 101.7001817, 3.1426103 ], [ 101.700302, 3.142651 ], [ 101.7012974, 3.1425873 ], [ 101.7023387, 3.1420137 ], [ 101.7027308, 3.1416347 ], [ 101.7033759, 3.1412851 ], [ 101.7035292, 3.1409368 ], [ 101.7036018, 3.1405309 ], [ 101.7032388, 3.1398776 ], [ 101.7030647, 3.139729 ], [ 101.702765600000021, 3.1397439 ] ] ], [ [ [ 101.6971745, 3.1413235 ], [ 101.6971104, 3.1413883 ], [ 101.6971916, 3.1425206 ], [ 101.6979598, 3.1424615 ], [ 101.6983217, 3.1425145 ], [ 101.698458, 3.1405507 ], [ 101.698134, 3.1403325 ], [ 101.697969, 3.140487 ], [ 101.6979754, 3.1406188 ], [ 101.6976311, 3.1406301 ], [ 101.6976247, 3.1412548 ], [ 101.6971745, 3.1413235 ] ] ], [ [ [ 101.7053431, 3.1415583 ], [ 101.7057077, 3.142342 ], [ 101.706398, 3.1412995 ], [ 101.7055745, 3.1406422 ], [ 101.7047509, 3.141352 ], [ 101.704892200000018, 3.1415913 ], [ 101.7054197, 3.141163 ], [ 101.7056121, 3.1413243 ], [ 101.7053431, 3.1415583 ] ] ], [ [ [ 101.7026898, 3.1434752 ], [ 101.7029865, 3.1430315 ], [ 101.7022937, 3.1422977 ], [ 101.7022229, 3.1423329 ], [ 101.7022652, 3.1434358 ], [ 101.7026898, 3.1434752 ] ] ], [ [ [ 101.7046959, 3.1437836 ], [ 101.7055626, 3.1433154 ], [ 101.7050869, 3.1423292 ], [ 101.704740300000012, 3.1424215 ], [ 101.7050344, 3.1429246 ], [ 101.7046311, 3.1431514 ], [ 101.704497, 3.1429204 ], [ 101.7043007, 3.1430262 ], [ 101.7046959, 3.1437836 ] ] ], [ [ [ 101.69650350000002, 3.1450166 ], [ 101.6975506, 3.1452554 ], [ 101.6984413, 3.1453512 ], [ 101.699000200000015, 3.1453108 ], [ 101.6990529, 3.142875 ], [ 101.6983119, 3.1427887 ], [ 101.6983434, 3.1425634 ], [ 101.6979153, 3.1425113 ], [ 101.6959488, 3.142752 ], [ 101.6958836, 3.1428094 ], [ 101.695786, 3.1433097 ], [ 101.6957655, 3.1445349 ], [ 101.69650350000002, 3.1450166 ] ] ], [ [ [ 101.7043588, 3.1446673 ], [ 101.7042985, 3.1441671 ], [ 101.704151600000017, 3.1441183 ], [ 101.7043173, 3.1450677 ], [ 101.7049777, 3.1448253 ], [ 101.706106, 3.144062 ], [ 101.7059011, 3.1437574 ], [ 101.7043588, 3.1446673 ] ] ], [ [ [ 101.7059566, 3.1448488 ], [ 101.7059994, 3.1449232 ], [ 101.706277, 3.1447655 ], [ 101.70645, 3.1450538 ], [ 101.706885400000019, 3.1448113 ], [ 101.7065763, 3.144301 ], [ 101.7064601, 3.144236 ], [ 101.7054754, 3.1447841 ], [ 101.7055729, 3.1450212 ], [ 101.7059566, 3.1448488 ] ] ], [ [ [ 101.7024152, 3.1451871 ], [ 101.7024559, 3.1454296 ], [ 101.7035871, 3.1452639 ], [ 101.7030453, 3.1446376 ], [ 101.7024152, 3.1451871 ] ] ], [ [ [ 101.7029648, 3.1459024 ], [ 101.7030521, 3.146092 ], [ 101.7035138, 3.1460339 ], [ 101.703476, 3.145523 ], [ 101.7004318, 3.1461614 ], [ 101.699840100000017, 3.1464389 ], [ 101.6993776, 3.1465261 ], [ 101.6988904, 3.1469095 ], [ 101.6984005, 3.147558 ], [ 101.69839540000001, 3.1476587 ], [ 101.698804100000018, 3.1480712 ], [ 101.6988779, 3.1480097 ], [ 101.6992624, 3.1481384 ], [ 101.699307600000012, 3.1480641 ], [ 101.699428600000019, 3.1481119 ], [ 101.69951380000002, 3.1480574 ], [ 101.6998889, 3.1481288 ], [ 101.7000919, 3.1479856 ], [ 101.70022830000002, 3.1477388 ], [ 101.7009182, 3.1471774 ], [ 101.700644600000018, 3.146935 ], [ 101.7000608, 3.1467777 ], [ 101.7000447, 3.146665 ], [ 101.7008364, 3.1468982 ], [ 101.7010447, 3.1471803 ], [ 101.7016948, 3.1466974 ], [ 101.7014633, 3.1463642 ], [ 101.7024484, 3.1459126 ], [ 101.7029648, 3.1459024 ] ] ], [ [ [ 101.695873, 3.1479648 ], [ 101.6963988, 3.1486625 ], [ 101.696617, 3.1490678 ], [ 101.699339, 3.146213 ], [ 101.6992327, 3.1459958 ], [ 101.6989268, 3.1459504 ], [ 101.6986867, 3.1460972 ], [ 101.6985799, 3.1459412 ], [ 101.69856, 3.1455451 ], [ 101.6973938, 3.1454236 ], [ 101.6968685, 3.1453021 ], [ 101.696239, 3.145075 ], [ 101.6957933, 3.1447962 ], [ 101.695799, 3.1451106 ], [ 101.6951114, 3.1452026 ], [ 101.695325, 3.146355 ], [ 101.695279, 3.1464911 ], [ 101.6955002, 3.1475009 ], [ 101.6956446, 3.1479378 ], [ 101.6957482, 3.1479987 ], [ 101.695873, 3.1479648 ] ] ], [ [ [ 101.7008053, 3.148061 ], [ 101.701239472508107, 3.14848292057604 ], [ 101.702316177244711, 3.148557082094794 ], [ 101.70239, 3.1485014 ], [ 101.7020317, 3.1481889 ], [ 101.702424400000012, 3.1476614 ], [ 101.7020903, 3.1473352 ], [ 101.7015236, 3.1473904 ], [ 101.7012302, 3.147507 ], [ 101.7013201, 3.147611 ], [ 101.7008053, 3.148061 ] ] ], [ [ [ 101.702829605063997, 3.148503205013915 ], [ 101.702993367286197, 3.148478350475928 ], [ 101.703436009866877, 3.148364048471159 ], [ 101.7031284, 3.1480288 ], [ 101.7027619, 3.1484244 ], [ 101.702829605063997, 3.148503205013915 ] ] ], [ [ [ 101.700925766224501, 3.148510369562939 ], [ 101.7004247, 3.1479634 ], [ 101.7003389, 3.1479467 ], [ 101.7000123, 3.1481469 ], [ 101.699670900000015, 3.1481678 ], [ 101.699579, 3.1483853 ], [ 101.7007686, 3.1486883 ], [ 101.700922700000021, 3.1486644 ], [ 101.700925766224501, 3.148510369562939 ] ] ], [ [ [ 101.6990828, 3.1487571 ], [ 101.6982371, 3.1476969 ], [ 101.6970647, 3.1488148 ], [ 101.6966929, 3.1492373 ], [ 101.6967047, 3.1494379 ], [ 101.6968039, 3.1496233 ], [ 101.6974613, 3.1502731 ], [ 101.6990828, 3.1487571 ] ] ], [ [ [ 101.7065011, 3.1490082 ], [ 101.70612709558128, 3.149577608256531 ], [ 101.705966420094882, 3.150384767617829 ], [ 101.7061556, 3.1504468 ], [ 101.7069206, 3.150604 ], [ 101.7075177, 3.1505126 ], [ 101.7074138, 3.1499751 ], [ 101.7076764, 3.1499236 ], [ 101.7077762, 3.1504753 ], [ 101.7079899, 3.1504334 ], [ 101.7078904, 3.1498882 ], [ 101.7081128, 3.1498477 ], [ 101.7082123, 3.150393 ], [ 101.7094708, 3.1501451 ], [ 101.7085947, 3.1497618 ], [ 101.7082212, 3.1493869 ], [ 101.707736, 3.1499101 ], [ 101.7073958, 3.1495608 ], [ 101.7078578, 3.1490755 ], [ 101.7075932, 3.1488546 ], [ 101.7071543, 3.1493086 ], [ 101.7069934, 3.1491405 ], [ 101.7067655, 3.1494293 ], [ 101.7065011, 3.1490082 ] ] ], [ [ [ 101.6988224, 3.1499469 ], [ 101.6989542, 3.149648 ], [ 101.6987698, 3.1495797 ], [ 101.6984667, 3.1498776 ], [ 101.6988224, 3.1499469 ] ] ], [ [ [ 101.69836890000002, 3.1499584 ], [ 101.6989985, 3.149311 ], [ 101.6988489, 3.1491222 ], [ 101.698288, 3.1496543 ], [ 101.6980572, 3.1499748 ], [ 101.6978844, 3.1511942 ], [ 101.6979375, 3.1514144 ], [ 101.6981597, 3.1517222 ], [ 101.699216, 3.1522292 ], [ 101.6993427, 3.1519647 ], [ 101.698569400000011, 3.1516192 ], [ 101.6983365, 3.1514372 ], [ 101.6982209, 3.1512419 ], [ 101.69836890000002, 3.1499584 ] ] ], [ [ [ 101.697882, 3.1515876 ], [ 101.6976969, 3.1509315 ], [ 101.697725100000014, 3.1504816 ], [ 101.6974421, 3.1503262 ], [ 101.6970605, 3.1499292 ], [ 101.6967635, 3.1502399 ], [ 101.696734, 3.1506101 ], [ 101.6968265, 3.1509958 ], [ 101.6969392, 3.1511672 ], [ 101.6975413, 3.1516278 ], [ 101.697882, 3.1515876 ] ] ], [ [ [ 101.706628, 3.150981 ], [ 101.706713800000017, 3.1516305 ], [ 101.7068043, 3.1516887 ], [ 101.70827580000001, 3.1515325 ], [ 101.7080554, 3.1506826 ], [ 101.7069713, 3.1508592 ], [ 101.706628, 3.150981 ] ] ], [ [ [ 101.6994578, 3.1518799 ], [ 101.699263, 3.1522316 ], [ 101.699792898095026, 3.152512073846434 ], [ 101.700396280804881, 3.151700526168126 ], [ 101.6999607, 3.1513627 ], [ 101.6995139, 3.1518992 ], [ 101.6994578, 3.1518799 ] ] ], [ [ [ 101.7050589, 3.1527192 ], [ 101.7052359, 3.153605 ], [ 101.7056349, 3.1533599 ], [ 101.7066964, 3.1524507 ], [ 101.7065509, 3.15214 ], [ 101.70629, 3.1518615 ], [ 101.7057536, 3.1523369 ], [ 101.7050589, 3.1527192 ] ] ], [ [ [ 101.7067769, 3.1520653 ], [ 101.707495, 3.1534416 ], [ 101.7076881, 3.1535507 ], [ 101.708407, 3.1531637 ], [ 101.7083845, 3.1530982 ], [ 101.7091943, 3.1527254 ], [ 101.7088822, 3.1520446 ], [ 101.7090692, 3.152106 ], [ 101.7094573, 3.1518928 ], [ 101.709685, 3.1522699 ], [ 101.7100196, 3.1517567 ], [ 101.709846, 3.1516385 ], [ 101.70962, 3.1511685 ], [ 101.7086863, 3.1516346 ], [ 101.7069023, 3.1519131 ], [ 101.7067769, 3.1520653 ] ] ], [ [ [ 101.6988296, 3.1526149 ], [ 101.698682887773458, 3.153378853020331 ], [ 101.699373343703513, 3.152911140227215 ], [ 101.6988296, 3.1526149 ] ] ], [ [ [ 101.7068402, 3.1533003 ], [ 101.7063712, 3.1532816 ], [ 101.7063886, 3.1529368 ], [ 101.7057127, 3.1535266 ], [ 101.7056959, 3.1539525 ], [ 101.7062768, 3.1546507 ], [ 101.7067343, 3.1543756 ], [ 101.7073384, 3.1538668 ], [ 101.7072503, 3.1535825 ], [ 101.706861700000019, 3.1529605 ], [ 101.7068402, 3.1533003 ] ] ], [ [ [ 101.6983344, 3.1554277 ], [ 101.6983255, 3.1548734 ], [ 101.697957400000021, 3.1548518 ], [ 101.6980729, 3.1537343 ], [ 101.6983517, 3.1537497 ], [ 101.6984405, 3.1526253 ], [ 101.6971549, 3.1517736 ], [ 101.6963661, 3.1508411 ], [ 101.6961236, 3.1511168 ], [ 101.6963287, 3.1512897 ], [ 101.6966181, 3.1517498 ], [ 101.6963236, 3.1519202 ], [ 101.696704400000016, 3.1524746 ], [ 101.6970399, 3.1522317 ], [ 101.6972719, 3.1526556 ], [ 101.6974055, 3.153351 ], [ 101.6966551, 3.1533091 ], [ 101.6960792, 3.1566975 ], [ 101.6961121, 3.1567863 ], [ 101.6967998, 3.1569079 ], [ 101.6970134, 3.1568618 ], [ 101.697139, 3.1561233 ], [ 101.6965729, 3.1560083 ], [ 101.6966927, 3.1554376 ], [ 101.6976715, 3.1555653 ], [ 101.697713, 3.1557394 ], [ 101.69782840000002, 3.155801 ], [ 101.6983344, 3.1554277 ] ] ], [ [ [ 101.6996884, 3.156257 ], [ 101.7011341, 3.1554602 ], [ 101.6999888, 3.1535079 ], [ 101.69964534700263, 3.153084040284909 ], [ 101.699114305597234, 3.153456623765349 ], [ 101.698659315923479, 3.153898967101304 ], [ 101.698621907862886, 3.153802558678847 ], [ 101.698590700000011, 3.1540194 ], [ 101.6986565, 3.1563534 ], [ 101.698814, 3.1564009 ], [ 101.6996884, 3.156257 ] ] ], [ [ [ 101.7067399, 3.1557284 ], [ 101.7077428, 3.1549332 ], [ 101.70733, 3.1544994 ], [ 101.7063968, 3.1551984 ], [ 101.7067399, 3.1557284 ] ] ], [ [ [ 101.7067701, 3.155803 ], [ 101.7062753, 3.1551302 ], [ 101.7056463, 3.1553404 ], [ 101.7052352, 3.1557361 ], [ 101.7058803, 3.1560856 ], [ 101.7067051, 3.1562543 ], [ 101.7072509, 3.1562027 ], [ 101.7071557, 3.1556785 ], [ 101.7067701, 3.155803 ] ] ], [ [ [ 101.705944, 3.1561648 ], [ 101.7053032, 3.155832 ], [ 101.7050918, 3.1562756 ], [ 101.705167, 3.1564025 ], [ 101.7061016, 3.1568747 ], [ 101.70636780000001, 3.1562534 ], [ 101.7061285, 3.1561438 ], [ 101.705944, 3.1561648 ] ] ], [ [ [ 101.6996565, 3.1573616 ], [ 101.699597, 3.1589094 ], [ 101.7004504, 3.1588294 ], [ 101.701233, 3.1586048 ], [ 101.7014283, 3.1582405 ], [ 101.7007524, 3.1557869 ], [ 101.6997017, 3.1563714 ], [ 101.6985001, 3.1566575 ], [ 101.6985494, 3.1569097 ], [ 101.6994429, 3.1568451 ], [ 101.6996565, 3.1573616 ] ] ], [ [ [ 101.705593, 3.1580809 ], [ 101.705616, 3.1584338 ], [ 101.7053089, 3.1588669 ], [ 101.7055893, 3.1593211 ], [ 101.7062015, 3.15848 ], [ 101.7059398, 3.1580584 ], [ 101.7059876, 3.1574621 ], [ 101.7060863, 3.1573686 ], [ 101.7050726, 3.1568509 ], [ 101.7049169, 3.156908 ], [ 101.7048026, 3.1570271 ], [ 101.7047792, 3.1572186 ], [ 101.7049089, 3.1579209 ], [ 101.705312, 3.158099 ], [ 101.705593, 3.1580809 ] ] ], [ [ [ 101.6989077, 3.1581769 ], [ 101.6993276, 3.1581834 ], [ 101.6993365, 3.157485 ], [ 101.6988466, 3.1575997 ], [ 101.6989077, 3.1581769 ] ] ], [ [ [ 101.6996029, 3.1587039 ], [ 101.6996035, 3.1573691 ], [ 101.6993994, 3.1574364 ], [ 101.6993549, 3.15869 ], [ 101.6996029, 3.1587039 ] ] ], [ [ [ 101.7040961, 3.159261 ], [ 101.7046431, 3.1598053 ], [ 101.7049552, 3.1600029 ], [ 101.7053165, 3.1595278 ], [ 101.705552, 3.1594518 ], [ 101.7051774, 3.1590148 ], [ 101.7044712, 3.1574661 ], [ 101.7034738, 3.158395 ], [ 101.7040961, 3.159261 ] ] ], [ [ [ 101.6972184, 3.1583998 ], [ 101.6974621, 3.1589465 ], [ 101.6980687, 3.1586769 ], [ 101.697825, 3.1581302 ], [ 101.6972184, 3.1583998 ] ] ], [ [ [ 101.697139, 3.1583336 ], [ 101.6964698, 3.1586392 ], [ 101.6969653, 3.159681 ], [ 101.6983205, 3.1590235 ], [ 101.6981857, 3.1586626 ], [ 101.697436, 3.1589987 ], [ 101.697139, 3.1583336 ] ] ], [ [ [ 101.7014882, 3.1590329 ], [ 101.7005662, 3.1592612 ], [ 101.6995557, 3.1593596 ], [ 101.6994866, 3.1594681 ], [ 101.6988543, 3.159521 ], [ 101.6988838, 3.1600907 ], [ 101.6998319, 3.1599086 ], [ 101.7000961, 3.1606866 ], [ 101.7019743, 3.1600954 ], [ 101.7020313, 3.1599361 ], [ 101.7018295, 3.1593302 ], [ 101.7017081, 3.1590998 ], [ 101.7014882, 3.1590329 ] ] ], [ [ [ 101.6976883, 3.160555 ], [ 101.6975293, 3.1601939 ], [ 101.6978565, 3.1600546 ], [ 101.6977023, 3.1596837 ], [ 101.6973683, 3.1598196 ], [ 101.6974092, 3.1599039 ], [ 101.6971014, 3.1600553 ], [ 101.6970967, 3.1601654 ], [ 101.6980308, 3.1622266 ], [ 101.6990608, 3.1618878 ], [ 101.698928, 3.1615972 ], [ 101.6988167, 3.1616467 ], [ 101.6986625, 3.1613133 ], [ 101.6987953, 3.1612571 ], [ 101.6984144, 3.1603291 ], [ 101.6976883, 3.160555 ] ] ], [ [ [ 101.702503858826759, 3.163219613475672 ], [ 101.7028164, 3.1637404 ], [ 101.7028698, 3.16313 ], [ 101.702503858826759, 3.163219613475672 ] ] ], [ [ [ 101.700706100000019, 3.1662117 ], [ 101.7007052, 3.1663443 ], [ 101.7021067, 3.1663541 ], [ 101.7021076, 3.1662215 ], [ 101.700706100000019, 3.1662117 ] ] ], [ [ [ 101.6965543, 3.1685228 ], [ 101.6967085, 3.1685871 ], [ 101.6975246, 3.1679048 ], [ 101.6983373, 3.1669608 ], [ 101.6983178, 3.1662745 ], [ 101.6964054, 3.1666053 ], [ 101.6965543, 3.1685228 ] ] ], [ [ [ 101.6974246, 3.1727127 ], [ 101.6977707, 3.1728078 ], [ 101.6980905, 3.1730073 ], [ 101.6985995, 3.1725728 ], [ 101.6987148, 3.1730515 ], [ 101.6990098, 3.1728486 ], [ 101.6987255, 3.1718343 ], [ 101.6981408, 3.1720084 ], [ 101.6980402, 3.1715946 ], [ 101.6986658, 3.1714788 ], [ 101.698397, 3.1705682 ], [ 101.6980127, 3.170595 ], [ 101.6981589, 3.1710683 ], [ 101.6973462, 3.1713033 ], [ 101.6972979, 3.1710804 ], [ 101.6971451, 3.1711567 ], [ 101.6972352, 3.1716147 ], [ 101.6966207, 3.1717499 ], [ 101.6968292, 3.1728466 ], [ 101.6974246, 3.1727127 ] ] ], [ [ [ 101.6960252, 3.1761347 ], [ 101.6964414, 3.1763686 ], [ 101.6968078, 3.1764602 ], [ 101.6995059, 3.1764617 ], [ 101.6995054, 3.176187 ], [ 101.698198100000013, 3.1761656 ], [ 101.697611800000018, 3.1752271 ], [ 101.6957675, 3.1753864 ], [ 101.6956156, 3.1756603 ], [ 101.6960252, 3.1761347 ] ] ], [ [ [ 101.6993608, 3.1777831 ], [ 101.699519400000014, 3.1784941 ], [ 101.700029614570127, 3.178324283605069 ], [ 101.6998813, 3.1775854 ], [ 101.6998174, 3.1766193 ], [ 101.6993949, 3.1766108 ], [ 101.6993448, 3.1766608 ], [ 101.6993608, 3.1777831 ] ] ], [ [ [ 101.700752386400055, 3.178254629593911 ], [ 101.70081596291908, 3.178277306890383 ], [ 101.7007956, 3.1782263 ], [ 101.700752386400055, 3.178254629593911 ] ] ], [ [ [ 101.6977104, 3.1779597 ], [ 101.6981589, 3.178415 ], [ 101.6981616, 3.1789614 ], [ 101.6987282, 3.1789854 ], [ 101.6983339, 3.1781157 ], [ 101.6981703, 3.1779336 ], [ 101.6977647, 3.17772 ], [ 101.6977104, 3.1779597 ] ] ], [ [ [ 101.702653073706401, 3.178555379976154 ], [ 101.702842307746067, 3.178545536284164 ], [ 101.703142164001903, 3.178500020162502 ], [ 101.7029421, 3.1782262 ], [ 101.702653073706401, 3.178555379976154 ] ] ], [ [ [ 101.7076356, 3.0107101 ], [ 101.7076483, 3.0109396 ], [ 101.708074100000019, 3.0109219 ], [ 101.708074100000019, 3.0107118 ], [ 101.7076356, 3.0107101 ] ] ], [ [ [ 101.709432580655545, 3.017102680258159 ], [ 101.7088635, 3.0170958 ], [ 101.7092693, 3.0176742 ], [ 101.7093209, 3.0182619 ], [ 101.7088642, 3.0190631 ], [ 101.7092022, 3.0193337 ], [ 101.7098712, 3.0183024 ], [ 101.7097559, 3.0174854 ], [ 101.709432580655545, 3.017102680258159 ] ] ], [ [ [ 101.7124476, 3.019339 ], [ 101.713143468348733, 3.019850676724548 ], [ 101.712678938126473, 3.019010355708081 ], [ 101.7124476, 3.019339 ] ] ], [ [ [ 101.7121376, 3.0204741 ], [ 101.7119662, 3.0208033 ], [ 101.7130716, 3.0206028 ], [ 101.7130307, 3.0203175 ], [ 101.7121376, 3.0204741 ] ] ], [ [ [ 101.708443, 3.0258881 ], [ 101.7081039, 3.0261148 ], [ 101.708608, 3.0263835 ], [ 101.7087496, 3.0261316 ], [ 101.708443, 3.0258881 ] ] ], [ [ [ 101.711599632607587, 3.026591464460446 ], [ 101.711217601694258, 3.025906572192536 ], [ 101.7108818, 3.0261724 ], [ 101.7105438, 3.0265706 ], [ 101.7104154, 3.0264086 ], [ 101.7099727, 3.0267933 ], [ 101.710581, 3.0273299 ], [ 101.710760100000016, 3.0273265 ], [ 101.7114428, 3.0267933 ], [ 101.711599632607587, 3.026591464460446 ] ] ], [ [ [ 101.7088885, 3.027986 ], [ 101.7082363, 3.0289275 ], [ 101.7096691, 3.0297982 ], [ 101.7107438, 3.0279691 ], [ 101.7097435, 3.0271187 ], [ 101.7088885, 3.027986 ] ] ], [ [ [ 101.7115514, 3.0284789 ], [ 101.711085200000014, 3.0282873 ], [ 101.70995480000002, 3.0300752 ], [ 101.7102618, 3.0302414 ], [ 101.7107931, 3.0294147 ], [ 101.711172800000014, 3.0296471 ], [ 101.7112665, 3.029628 ], [ 101.711966694012716, 3.029041644470237 ], [ 101.711991622754354, 3.028816751475234 ], [ 101.7115514, 3.0284789 ] ] ], [ [ [ 101.7078194, 3.0294931 ], [ 101.7071905, 3.0307018 ], [ 101.7067578, 3.0318232 ], [ 101.7080667, 3.0326267 ], [ 101.7096689, 3.0299054 ], [ 101.7082452, 3.0290706 ], [ 101.707961, 3.029573 ], [ 101.7078194, 3.0294931 ] ] ], [ [ [ 101.7072599, 3.0379074 ], [ 101.707392062982962, 3.037896588673596 ], [ 101.707218480531822, 3.037792588847625 ], [ 101.7072599, 3.0379074 ] ] ], [ [ [ 101.710275173604145, 3.059768700980373 ], [ 101.7092722, 3.0606045 ], [ 101.7086058, 3.0608677 ], [ 101.7083469, 3.0627604 ], [ 101.708774, 3.062885 ], [ 101.7092241, 3.0633007 ], [ 101.7090862, 3.0635944 ], [ 101.7092597, 3.0637244 ], [ 101.7094172, 3.0635322 ], [ 101.7098374, 3.0638504 ], [ 101.7095908, 3.0640981 ], [ 101.7096915, 3.0643053 ], [ 101.7096064, 3.0645322 ], [ 101.7097183, 3.0647004 ], [ 101.7107277, 3.0654719 ], [ 101.7110506, 3.0651081 ], [ 101.7115992, 3.0655436 ], [ 101.7116885, 3.0654236 ], [ 101.712243486474108, 3.065817064963487 ], [ 101.712535459607182, 3.065090188876506 ], [ 101.712719702665368, 3.063907360550407 ], [ 101.7120702, 3.0629752 ], [ 101.7118269, 3.0627734 ], [ 101.7116706, 3.0624683 ], [ 101.7114311, 3.062338 ], [ 101.7115896, 3.0621221 ], [ 101.7117004, 3.0621136 ], [ 101.7116287, 3.0618288 ], [ 101.711630501699844, 3.060839459782385 ], [ 101.711073617522842, 3.06028945513319 ], [ 101.710275173604145, 3.059768700980373 ] ] ], [ [ [ 101.7107164, 3.0723106 ], [ 101.710552901000128, 3.071577955329199 ], [ 101.709503997954272, 3.071841637663931 ], [ 101.7096251, 3.0724732 ], [ 101.7098571, 3.0729262 ], [ 101.7101494, 3.0731598 ], [ 101.7103594, 3.0731126 ], [ 101.712401504597111, 3.071731045435464 ], [ 101.711785425698764, 3.071596718636088 ], [ 101.7107164, 3.0723106 ] ] ], [ [ [ 101.710643, 3.0731066 ], [ 101.7102726, 3.073384 ], [ 101.7104652, 3.0735774 ], [ 101.7107484, 3.0732809 ], [ 101.710643, 3.0731066 ] ] ], [ [ [ 101.710225200000011, 3.074644 ], [ 101.7106244, 3.0752085 ], [ 101.7112611, 3.075806 ], [ 101.7113486, 3.0758117 ], [ 101.7116672, 3.0754 ], [ 101.7117014, 3.07521 ], [ 101.7106195, 3.0743288 ], [ 101.710225200000011, 3.074644 ] ] ], [ [ [ 101.712981183981739, 3.085090808687314 ], [ 101.712454530900814, 3.085057577016559 ], [ 101.711754629913287, 3.085119822688464 ], [ 101.7115833, 3.0853951 ], [ 101.7116657, 3.0855016 ], [ 101.7117905, 3.085509 ], [ 101.7121079, 3.0851037 ], [ 101.7123413, 3.0852295 ], [ 101.7125015, 3.0851496 ], [ 101.7126594, 3.0852204 ], [ 101.712981183981739, 3.085090808687314 ] ] ], [ [ [ 101.7126584, 3.0921595 ], [ 101.7126213, 3.0902745 ], [ 101.7123798, 3.0902549 ], [ 101.7122673, 3.0903432 ], [ 101.7122007, 3.0906061 ], [ 101.7120794, 3.0919784 ], [ 101.7122378, 3.0921977 ], [ 101.7126584, 3.0921595 ] ] ], [ [ [ 101.7110982, 3.0930008 ], [ 101.7112153, 3.0914134 ], [ 101.7108172, 3.0913772 ], [ 101.7106183, 3.0928827 ], [ 101.7110982, 3.0930008 ] ] ], [ [ [ 101.7073128, 3.0993929 ], [ 101.707173, 3.1001365 ], [ 101.707358, 3.1001973 ], [ 101.7076335, 3.0998134 ], [ 101.7079984, 3.1000767 ], [ 101.7081919, 3.0999265 ], [ 101.707628, 3.0994376 ], [ 101.7073128, 3.0993929 ] ] ], [ [ [ 101.7090239, 3.102818 ], [ 101.7080407, 3.1013521 ], [ 101.7075635, 3.1009253 ], [ 101.706846, 3.1016863 ], [ 101.7080139, 3.1032447 ], [ 101.7090239, 3.102818 ] ] ], [ [ [ 101.711399, 3.1368085 ], [ 101.7123889, 3.1379232 ], [ 101.712889100000012, 3.1373715 ], [ 101.7141322, 3.1356409 ], [ 101.7143384, 3.1350689 ], [ 101.7139785, 3.1349525 ], [ 101.7132408, 3.1344565 ], [ 101.7120057, 3.1363131 ], [ 101.711399, 3.1368085 ] ] ], [ [ [ 101.7097155, 3.1390706 ], [ 101.7099144, 3.1378985 ], [ 101.7096683, 3.137687 ], [ 101.7095298, 3.1378731 ], [ 101.7093702, 3.1390167 ], [ 101.7097155, 3.1390706 ] ] ], [ [ [ 101.712994320956497, 3.140058309725092 ], [ 101.712345607137081, 3.139377819987697 ], [ 101.713498182065592, 3.139117794582134 ], [ 101.7112609, 3.1369035 ], [ 101.71042, 3.1375901 ], [ 101.7100527, 3.1380949 ], [ 101.7098262, 3.1396328 ], [ 101.7102072, 3.1396914 ], [ 101.7102528, 3.1390861 ], [ 101.7110228, 3.1399563 ], [ 101.7111122, 3.1403028 ], [ 101.712994320956497, 3.140058309725092 ] ] ], [ [ [ 101.7089363, 3.1405216 ], [ 101.7095587, 3.1397924 ], [ 101.7096632, 3.1391084 ], [ 101.7093125, 3.1390631 ], [ 101.7093326, 3.1389555 ], [ 101.708698600000019, 3.1387204 ], [ 101.7076714, 3.1389344 ], [ 101.7061151, 3.1401053 ], [ 101.7066846, 3.1406569 ], [ 101.7065367, 3.1408358 ], [ 101.7078452, 3.1419095 ], [ 101.7080413, 3.1418866 ], [ 101.7089363, 3.1405216 ] ] ], [ [ [ 101.7118393, 3.1411272 ], [ 101.7121437, 3.1411995 ], [ 101.7123839, 3.141165 ], [ 101.712265, 3.1403833 ], [ 101.7098817, 3.1406501 ], [ 101.7095629, 3.1407466 ], [ 101.7090545, 3.141058 ], [ 101.7085246, 3.1420689 ], [ 101.7090207, 3.1425429 ], [ 101.7107898, 3.1430403 ], [ 101.7110452, 3.1430424 ], [ 101.7112028, 3.1429765 ], [ 101.711999, 3.1418457 ], [ 101.7111772, 3.1414269 ], [ 101.7112666, 3.1411229 ], [ 101.7118393, 3.1411272 ] ] ], [ [ [ 101.7082002, 3.142404 ], [ 101.7079971, 3.1425135 ], [ 101.7073609, 3.1435398 ], [ 101.707444, 3.1437467 ], [ 101.7079952, 3.1442602 ], [ 101.7075943, 3.1448354 ], [ 101.7073314, 3.1446298 ], [ 101.7063193, 3.1452486 ], [ 101.7067905, 3.1459965 ], [ 101.707035, 3.146194 ], [ 101.7072737, 3.145898 ], [ 101.7074901, 3.146061 ], [ 101.7073159, 3.1463907 ], [ 101.7076636, 3.1466016 ], [ 101.7079423, 3.1468975 ], [ 101.7076908, 3.1471342 ], [ 101.7074062, 3.1468356 ], [ 101.706844017053299, 3.14726236013787 ], [ 101.70704394777421, 3.14791571644369 ], [ 101.706938460884416, 3.148036145310662 ], [ 101.7071329, 3.1482313 ], [ 101.7075524, 3.1480364 ], [ 101.7076781, 3.1482976 ], [ 101.7080388, 3.1481255 ], [ 101.7081877, 3.148485 ], [ 101.7087155, 3.148276 ], [ 101.7086732, 3.1481696 ], [ 101.7091523, 3.1479147 ], [ 101.7090039, 3.147663 ], [ 101.709563, 3.1472709 ], [ 101.7103556, 3.1472624 ], [ 101.7102932, 3.1476167 ], [ 101.7105588, 3.1476876 ], [ 101.710583, 3.1480677 ], [ 101.7108538, 3.1480598 ], [ 101.7109513, 3.1474686 ], [ 101.712, 3.1442869 ], [ 101.7116977, 3.1435972 ], [ 101.7098097, 3.1430751 ], [ 101.7093001, 3.1430229 ], [ 101.7089467, 3.1428006 ], [ 101.7084908, 3.142666 ], [ 101.7082002, 3.142404 ] ] ], [ [ [ 101.7104018, 3.1480672 ], [ 101.71019, 3.1482219 ], [ 101.710497700000019, 3.1484723 ], [ 101.7105635, 3.1484241 ], [ 101.7105494, 3.1481723 ], [ 101.7104018, 3.1480672 ] ] ], [ [ [ 101.7109027, 3.148493 ], [ 101.710882, 3.1481342 ], [ 101.7105802, 3.1481161 ], [ 101.710601, 3.1485037 ], [ 101.7109027, 3.148493 ] ] ], [ [ [ 101.7081666, 3.1485011 ], [ 101.70802, 3.1482219 ], [ 101.7074434, 3.1484669 ], [ 101.7076774, 3.1487066 ], [ 101.7081666, 3.1485011 ] ] ], [ [ [ 101.7088126, 3.1485921 ], [ 101.708707, 3.1482985 ], [ 101.7076479, 3.1487475 ], [ 101.7079154, 3.1489811 ], [ 101.7088126, 3.1485921 ] ] ], [ [ [ 101.7080724, 3.1489895 ], [ 101.70876370000002, 3.1496607 ], [ 101.7091258, 3.1498 ], [ 101.7092867, 3.1497698 ], [ 101.7088421, 3.148712 ], [ 101.7080724, 3.1489895 ] ] ], [ [ [ 101.7102248, 3.1503262 ], [ 101.7097715, 3.1502814 ], [ 101.7083106, 3.1506458 ], [ 101.7085878, 3.1514456 ], [ 101.7103039, 3.1505776 ], [ 101.710308, 3.1504354 ], [ 101.7102248, 3.1503262 ] ] ], [ [ [ 101.712909200000013, 3.1503001 ], [ 101.7127402, 3.1504864 ], [ 101.712730800000017, 3.1507482 ], [ 101.7136388, 3.1525587 ], [ 101.7140783, 3.151288 ], [ 101.7140955, 3.1509368 ], [ 101.7148189, 3.1509783 ], [ 101.7148636, 3.1501935 ], [ 101.7134444, 3.1501449 ], [ 101.712909200000013, 3.1503001 ] ] ], [ [ [ 101.7122903, 3.1507448 ], [ 101.7122009, 3.1515115 ], [ 101.7127563, 3.151215 ], [ 101.712457, 3.1506413 ], [ 101.7122903, 3.1507448 ] ] ], [ [ [ 101.7117277, 3.1526792 ], [ 101.7121197, 3.1531225 ], [ 101.7125866, 3.1528556 ], [ 101.7120505, 3.1518096 ], [ 101.7117144, 3.1523182 ], [ 101.7117277, 3.1526792 ] ] ], [ [ [ 101.710152500000021, 3.1519566 ], [ 101.7098658, 3.1525186 ], [ 101.709826, 3.1524848 ], [ 101.7092257, 3.1530742 ], [ 101.7088311, 3.1533042 ], [ 101.7085009, 3.1533643 ], [ 101.708028, 3.153718 ], [ 101.7084508, 3.1542157 ], [ 101.7086937, 3.1539906 ], [ 101.7109809, 3.1527082 ], [ 101.710152500000021, 3.1519566 ] ] ], [ [ [ 101.7115878, 3.1527621 ], [ 101.7111806, 3.1528046 ], [ 101.7102464, 3.1533278 ], [ 101.7106108, 3.1537811 ], [ 101.7116465, 3.1528249 ], [ 101.7115878, 3.1527621 ] ] ], [ [ [ 101.7117415, 3.1528606 ], [ 101.7109701, 3.1535754 ], [ 101.7114619, 3.1539872 ], [ 101.7118898, 3.1531384 ], [ 101.7117415, 3.1528606 ] ] ], [ [ [ 101.7105669, 3.1552697 ], [ 101.7114638, 3.153996 ], [ 101.7109694, 3.1535857 ], [ 101.7098755, 3.154584 ], [ 101.7105669, 3.1552697 ] ] ], [ [ [ 101.7095833, 3.1537033 ], [ 101.7088125, 3.1541444 ], [ 101.7094772, 3.1548286 ], [ 101.7100777, 3.1542737 ], [ 101.7095833, 3.1537033 ] ] ], [ [ [ 101.7081162, 3.1545995 ], [ 101.7076876, 3.1541479 ], [ 101.707347, 3.1544606 ], [ 101.70777910000001, 3.1549093 ], [ 101.7081162, 3.1545995 ] ] ], [ [ [ 101.708402, 3.1545017 ], [ 101.7083927, 3.1546438 ], [ 101.7089755, 3.1552919 ], [ 101.7092113, 3.1550743 ], [ 101.7085678, 3.1543514 ], [ 101.708402, 3.1545017 ] ] ], [ [ [ 101.709252167443765, 3.155565438203038 ], [ 101.709189506202719, 3.155218019072095 ], [ 101.709416917989472, 3.155274646209428 ], [ 101.7092764, 3.1551376 ], [ 101.709038, 3.1553575 ], [ 101.709252167443765, 3.155565438203038 ] ] ], [ [ [ 101.709801884613924, 3.156081644318558 ], [ 101.7100389, 3.1558811 ], [ 101.710008069267019, 3.155851047033905 ], [ 101.709801884613924, 3.156081644318558 ] ] ], [ [ [ 101.712175, 3.1563612 ], [ 101.7110719, 3.1564302 ], [ 101.7111386, 3.1577311 ], [ 101.7110657, 3.1579949 ], [ 101.7117738, 3.1586323 ], [ 101.7123881, 3.1584957 ], [ 101.7130854, 3.1584716 ], [ 101.7132088, 3.1583672 ], [ 101.7133008, 3.1579159 ], [ 101.7132689, 3.1572356 ], [ 101.7126774, 3.1572728 ], [ 101.7122421, 3.1569214 ], [ 101.712236, 3.1564485 ], [ 101.712175, 3.1564485 ], [ 101.712175, 3.1563612 ] ] ], [ [ [ 101.7074824, 3.1591931 ], [ 101.707948, 3.1594522 ], [ 101.7083391, 3.1586567 ], [ 101.7079096, 3.1584131 ], [ 101.7074824, 3.1591931 ] ] ], [ [ [ 101.7140618, 3.1592011 ], [ 101.7136244, 3.1590875 ], [ 101.713016, 3.1591224 ], [ 101.7123837, 3.1593599 ], [ 101.7116569, 3.1595287 ], [ 101.7117107, 3.1599473 ], [ 101.7124041, 3.1597469 ], [ 101.712461, 3.1600729 ], [ 101.7125626, 3.1599147 ], [ 101.7131364, 3.1597543 ], [ 101.7140437, 3.1598932 ], [ 101.7144048, 3.1594491 ], [ 101.7140618, 3.1592011 ] ] ], [ [ [ 101.7091805, 3.1601285 ], [ 101.7096256, 3.1592984 ], [ 101.708904, 3.158903 ], [ 101.7084352, 3.1597172 ], [ 101.7091805, 3.1601285 ] ] ], [ [ [ 101.7102093, 3.1596867 ], [ 101.7099199, 3.1595756 ], [ 101.709523, 3.1602973 ], [ 101.7095396, 3.1603797 ], [ 101.7099758, 3.1607239 ], [ 101.7104436, 3.1598724 ], [ 101.7102093, 3.1596867 ] ] ], [ [ [ 101.7110512, 3.1604498 ], [ 101.7112039, 3.1606636 ], [ 101.7115438, 3.1606155 ], [ 101.7114206, 3.1602882 ], [ 101.7110512, 3.1604498 ] ] ], [ [ [ 101.7115287, 3.1613929 ], [ 101.7109977, 3.1606492 ], [ 101.7104436, 3.1611318 ], [ 101.7110573, 3.1617595 ], [ 101.7115287, 3.1613929 ] ] ], [ [ [ 101.7117437, 3.1612567 ], [ 101.7127228, 3.161794 ], [ 101.7128345, 3.1615374 ], [ 101.7132768, 3.1616192 ], [ 101.7129734, 3.1613399 ], [ 101.71311, 3.1611819 ], [ 101.7130347, 3.161116 ], [ 101.7131657, 3.1609643 ], [ 101.7131174, 3.160722 ], [ 101.7114405, 3.1607726 ], [ 101.7114029, 3.1608515 ], [ 101.7117437, 3.1612567 ] ] ], [ [ [ 101.713316, 3.1621273 ], [ 101.7135383, 3.1618483 ], [ 101.7133106, 3.1616495 ], [ 101.7130026, 3.1620058 ], [ 101.713316, 3.1621273 ] ] ], [ [ [ 101.7134007, 3.1621084 ], [ 101.713391, 3.1622144 ], [ 101.7136676, 3.162363 ], [ 101.7138161, 3.1620837 ], [ 101.7135916, 3.1618876 ], [ 101.7134007, 3.1621084 ] ] ], [ [ [ 101.7112724, 3.1623276 ], [ 101.7126382, 3.163251 ], [ 101.7130598, 3.1630558 ], [ 101.7123292, 3.16187 ], [ 101.711518, 3.1614503 ], [ 101.7113936, 3.1615437 ], [ 101.7112724, 3.1623276 ] ] ], [ [ [ 101.7135169, 3.1672146 ], [ 101.7134804, 3.1671178 ], [ 101.7124922, 3.1667268 ], [ 101.7120938, 3.1677903 ], [ 101.7127876, 3.1677757 ], [ 101.7135169, 3.1672146 ] ] ], [ [ [ 101.7093893, 3.1674979 ], [ 101.7092094, 3.1674974 ], [ 101.7092086, 3.1678108 ], [ 101.7095381, 3.1678117 ], [ 101.7095398, 3.1671599 ], [ 101.7093902, 3.1671595 ], [ 101.7093893, 3.1674979 ] ] ], [ [ [ 101.7096284, 3.1716241 ], [ 101.7094017, 3.171301 ], [ 101.7092655, 3.1714253 ], [ 101.709456, 3.1717463 ], [ 101.7096284, 3.1716241 ] ] ], [ [ [ 101.7088403, 3.1721146 ], [ 101.7087367, 3.1719124 ], [ 101.7086029, 3.171967 ], [ 101.7087254, 3.172193 ], [ 101.7088403, 3.1721146 ] ] ], [ [ [ 101.7144287, 3.0909644 ], [ 101.7127744, 3.090993 ], [ 101.7127718, 3.0916116 ], [ 101.7144441, 3.0916022 ], [ 101.7144287, 3.0909644 ] ] ], [ [ [ 101.7303821, 3.1080665 ], [ 101.7306078, 3.1073502 ], [ 101.730284200000014, 3.1072545 ], [ 101.7300096, 3.1079284 ], [ 101.7303821, 3.1080665 ] ] ], [ [ [ 101.7294019, 3.1105013 ], [ 101.7296514, 3.1097728 ], [ 101.7296809, 3.1092693 ], [ 101.729359, 3.1092639 ], [ 101.7291069, 3.1104049 ], [ 101.7294019, 3.1105013 ] ] ], [ [ [ 101.7162731, 3.1128537 ], [ 101.7162795, 3.1123999 ], [ 101.7165369, 3.1123732 ], [ 101.7165396, 3.1120196 ], [ 101.714793500000013, 3.1120544 ], [ 101.7148042, 3.1124455 ], [ 101.7151905, 3.1124374 ], [ 101.7151905, 3.112882 ], [ 101.7162731, 3.1128537 ] ] ], [ [ [ 101.7294643, 3.1137768 ], [ 101.730205, 3.1112069 ], [ 101.7299988, 3.1111184 ], [ 101.7292269, 3.1137056 ], [ 101.7294643, 3.1137768 ] ] ], [ [ [ 101.7255543, 3.1143064 ], [ 101.7261635, 3.1137809 ], [ 101.724886497755833, 3.11275956688329 ], [ 101.724964796506086, 3.113439952949303 ], [ 101.725271600897472, 3.114390019858111 ], [ 101.7255543, 3.1143064 ] ] ], [ [ [ 101.7284583, 3.1159555 ], [ 101.7288351, 3.1160028 ], [ 101.7289855, 3.1156282 ], [ 101.728656, 3.1154511 ], [ 101.7284583, 3.115667 ], [ 101.7284583, 3.1159555 ] ] ], [ [ [ 101.7280982, 3.1199707 ], [ 101.727903711408231, 3.118955412978371 ], [ 101.72760169141057, 3.11894128693754 ], [ 101.727811200000019, 3.1200189 ], [ 101.7280982, 3.1199707 ] ] ], [ [ [ 101.7282463, 3.1209679 ], [ 101.7281731, 3.1201918 ], [ 101.7281004, 3.1201175 ], [ 101.727896800000011, 3.1201234 ], [ 101.7279407, 3.1209139 ], [ 101.7279942, 3.1210348 ], [ 101.7282463, 3.1209679 ] ] ], [ [ [ 101.729602089546006, 3.119441347149264 ], [ 101.72900363042416, 3.119187799855804 ], [ 101.7287225, 3.119488 ], [ 101.7284347, 3.1195637 ], [ 101.7287634, 3.1219556 ], [ 101.7289498, 3.1219462 ], [ 101.7294218, 3.1211488 ], [ 101.729998100000017, 3.1204005 ], [ 101.729699, 3.1201179 ], [ 101.7296222, 3.1202022 ], [ 101.7292134, 3.1198226 ], [ 101.729602089546006, 3.119441347149264 ] ] ], [ [ [ 101.730149600000018, 3.1203159 ], [ 101.729419400000012, 3.1212384 ], [ 101.7295897, 3.1213553 ], [ 101.728961700000013, 3.1223735 ], [ 101.7299197, 3.1232238 ], [ 101.7312992, 3.1214149 ], [ 101.730149600000018, 3.1203159 ] ] ], [ [ [ 101.7203519, 3.1216823 ], [ 101.721876907099499, 3.123117489775249 ], [ 101.722114861720385, 3.122590299682564 ], [ 101.7206745, 3.1212409 ], [ 101.7203542, 3.1215517 ], [ 101.7203519, 3.1216823 ] ] ], [ [ [ 101.718154, 3.1235107 ], [ 101.7182629, 3.1238673 ], [ 101.718732, 3.124109 ], [ 101.7204387, 3.1235983 ], [ 101.721222400000016, 3.1228613 ], [ 101.7202148, 3.1217914 ], [ 101.7201059, 3.1217733 ], [ 101.7198486, 3.1220392 ], [ 101.7198607, 3.12216 ], [ 101.7195914, 3.1219222 ], [ 101.7195159, 3.1219455 ], [ 101.7182383, 3.1232589 ], [ 101.718154, 3.1235107 ] ] ], [ [ [ 101.723073895634585, 3.12391104171104 ], [ 101.7238299, 3.1244839 ], [ 101.7242246, 3.1239975 ], [ 101.723062489325088, 3.123222370926045 ], [ 101.723073895634585, 3.12391104171104 ] ] ], [ [ [ 101.7286921, 3.126217 ], [ 101.729104, 3.1264512 ], [ 101.729502, 3.1258384 ], [ 101.7275332, 3.1247431 ], [ 101.726927100000012, 3.1258224 ], [ 101.7281033, 3.1268531 ], [ 101.7286921, 3.126217 ] ] ], [ [ [ 101.724168, 3.1260128 ], [ 101.7242931, 3.1263199 ], [ 101.7246682, 3.1261528 ], [ 101.7245617, 3.1258458 ], [ 101.724168, 3.1260128 ] ] ], [ [ [ 101.7292678, 3.1264984 ], [ 101.7299437, 3.1269109 ], [ 101.729644012100309, 3.127450718052864 ], [ 101.730406553543091, 3.126941788641626 ], [ 101.730786456325163, 3.126583137440088 ], [ 101.7296004, 3.1258931 ], [ 101.7292678, 3.1264984 ] ] ], [ [ [ 101.7254764, 3.126447 ], [ 101.72493510000001, 3.1264336 ], [ 101.724408350171544, 3.126689191770853 ], [ 101.725252613472563, 3.127336185307546 ], [ 101.725619100000017, 3.1267726 ], [ 101.725598, 3.1265461 ], [ 101.7254764, 3.126447 ] ] ], [ [ [ 101.726146262876767, 3.127745859946646 ], [ 101.7256478, 3.1273814 ], [ 101.725561879448648, 3.127505651912896 ], [ 101.725836662288643, 3.127635416017986 ], [ 101.726146262876767, 3.127745859946646 ] ] ], [ [ [ 101.7202609, 3.1287307 ], [ 101.720442703895827, 3.128625427434145 ], [ 101.720459228232102, 3.128268423265811 ], [ 101.7200869, 3.1285417 ], [ 101.7202609, 3.1287307 ] ] ], [ [ [ 101.7129644, 3.1288838 ], [ 101.7149945, 3.1311684 ], [ 101.715273700000012, 3.1308503 ], [ 101.7154375, 3.1299595 ], [ 101.7150005, 3.127743 ], [ 101.7145454, 3.1271521 ], [ 101.713022, 3.1284293 ], [ 101.7129644, 3.1288838 ] ] ], [ [ [ 101.720649662831804, 3.12896066860309 ], [ 101.7201491, 3.1293315 ], [ 101.7203114, 3.1295444 ], [ 101.7208103, 3.1291587 ], [ 101.720649662831804, 3.12896066860309 ] ] ], [ [ [ 101.7240341, 3.129818 ], [ 101.725809185348695, 3.129333027535579 ], [ 101.724728596915241, 3.128677108996562 ], [ 101.7239569, 3.1297237 ], [ 101.7240341, 3.129818 ] ] ], [ [ [ 101.721275677542721, 3.128642876578775 ], [ 101.7229577, 3.1306476 ], [ 101.7236379, 3.1298193 ], [ 101.724449650204548, 3.128570986749893 ], [ 101.723827464224641, 3.128395151328265 ], [ 101.722950324935326, 3.128310620275168 ], [ 101.722073633348543, 3.128399727294513 ], [ 101.721275677542721, 3.128642876578775 ] ] ], [ [ [ 101.7209395, 3.1289833 ], [ 101.721352600000017, 3.129472 ], [ 101.720832200000018, 3.1298925 ], [ 101.7210549, 3.1302193 ], [ 101.7218005, 3.1295792 ], [ 101.721146, 3.1288092 ], [ 101.7209395, 3.1289833 ] ] ], [ [ [ 101.7219067, 3.1312124 ], [ 101.722513, 3.1307475 ], [ 101.7224982, 3.1304195 ], [ 101.721833, 3.1296106 ], [ 101.7210806, 3.1302549 ], [ 101.7219067, 3.1312124 ] ] ], [ [ [ 101.7223543, 3.1317618 ], [ 101.7232824, 3.1311726 ], [ 101.7230095, 3.1308342 ], [ 101.7221746, 3.1313694 ], [ 101.7223543, 3.1317618 ] ] ], [ [ [ 101.717749923087041, 3.132345560420377 ], [ 101.7176243, 3.131674 ], [ 101.7173065, 3.131741 ], [ 101.716183206400402, 3.132707821717843 ], [ 101.716856344566423, 3.132629300580007 ], [ 101.717749923087041, 3.132345560420377 ] ] ], [ [ [ 101.7265748, 3.1332986 ], [ 101.726615, 3.13347 ], [ 101.7273526, 3.1332397 ], [ 101.7271568, 3.1325407 ], [ 101.7269503, 3.1325916 ], [ 101.7265748, 3.1332986 ] ] ], [ [ [ 101.7148984, 3.1325543 ], [ 101.7135077, 3.1335962 ], [ 101.7136791, 3.1338319 ], [ 101.715117, 3.1327659 ], [ 101.7148984, 3.1325543 ] ] ], [ [ [ 101.7190659, 3.1343466 ], [ 101.7190425, 3.1342085 ], [ 101.7185326, 3.132758 ], [ 101.718469798542358, 3.132781404135954 ], [ 101.718489840280171, 3.133283558625382 ], [ 101.718663990648864, 3.13415185092641 ], [ 101.718766632520484, 3.134437867914501 ], [ 101.7190659, 3.1343466 ] ] ], [ [ [ 101.716105359696186, 3.133139059204226 ], [ 101.7158591, 3.1328187 ], [ 101.7154194, 3.1328024 ], [ 101.7137524, 3.1340357 ], [ 101.7139871, 3.1343397 ], [ 101.7142834, 3.1345304 ], [ 101.7141285, 3.1348009 ], [ 101.7151088, 3.1350219 ], [ 101.716445619142917, 3.135004728228421 ], [ 101.716363336033012, 3.133986013984264 ], [ 101.716105359696186, 3.133139059204226 ] ] ], [ [ [ 101.7200748, 3.1343233 ], [ 101.7205305, 3.1358371 ], [ 101.7209444, 3.1361154 ], [ 101.7224401, 3.135721 ], [ 101.7227169, 3.135721 ], [ 101.7243199, 3.1352725 ], [ 101.7237871, 3.1333674 ], [ 101.7200748, 3.1343233 ] ] ], [ [ [ 101.7189048, 3.1346451 ], [ 101.718856094625593, 3.134658508768615 ], [ 101.718971690679567, 3.134902548402975 ], [ 101.7189048, 3.1346451 ] ] ], [ [ [ 101.7153965, 3.1352708 ], [ 101.7144757, 3.1351235 ], [ 101.7143818, 3.1351945 ], [ 101.7141766, 3.135686 ], [ 101.714, 3.1359111 ], [ 101.7143651, 3.1361418 ], [ 101.7151059, 3.1362565 ], [ 101.715461, 3.1362354 ], [ 101.7154494, 3.1358725 ], [ 101.716344004237826, 3.135845915118274 ], [ 101.716435417763265, 3.135225133070099 ], [ 101.7153965, 3.1352708 ] ] ], [ [ [ 101.723783999777922, 3.137268342034965 ], [ 101.724477738007565, 3.137076976221306 ], [ 101.7244635, 3.1370237 ], [ 101.7237685, 3.1372118 ], [ 101.723783999777922, 3.137268342034965 ] ] ], [ [ [ 101.713471, 3.1367214 ], [ 101.7130343, 3.1372785 ], [ 101.7130387, 3.1373663 ], [ 101.714274, 3.1385163 ], [ 101.7149995, 3.137869 ], [ 101.7149913, 3.1377637 ], [ 101.7145337, 3.1374214 ], [ 101.714455, 3.1374252 ], [ 101.7144189, 3.1372928 ], [ 101.7136243, 3.1366508 ], [ 101.713471, 3.1367214 ] ] ], [ [ [ 101.7206636, 3.140602 ], [ 101.7213651, 3.142276 ], [ 101.7221001, 3.1420446 ], [ 101.7214133, 3.139967 ], [ 101.721796, 3.1394625 ], [ 101.723039358446371, 3.13910833144806 ], [ 101.722218268183582, 3.138590771353517 ], [ 101.7211394, 3.1389406 ], [ 101.7206636, 3.140602 ] ] ], [ [ [ 101.716362800514844, 3.144909410957908 ], [ 101.719692, 3.1436776 ], [ 101.719969400000011, 3.1437216 ], [ 101.7211583, 3.1433499 ], [ 101.7203782, 3.1412367 ], [ 101.7198311, 3.1401619 ], [ 101.7185385, 3.1402091 ], [ 101.7184548, 3.1399279 ], [ 101.7183446, 3.1399577 ], [ 101.7183133, 3.1398402 ], [ 101.7190652, 3.1395454 ], [ 101.718750889623436, 3.138391749601767 ], [ 101.71774099352379, 3.138896124739162 ], [ 101.717082000516754, 3.139440859485413 ], [ 101.7171366, 3.1394463 ], [ 101.7173116, 3.1400341 ], [ 101.716374252546771, 3.140364962995581 ], [ 101.716090689786043, 3.140928246721231 ], [ 101.7160983, 3.1413432 ], [ 101.7160058, 3.1416381 ], [ 101.715870712044222, 3.14164010916493 ], [ 101.715773499341623, 3.142215322002108 ], [ 101.715775790854579, 3.143101084425153 ], [ 101.715949948013971, 3.143969377574241 ], [ 101.716362800514844, 3.144909410957908 ] ] ], [ [ [ 101.7220651, 3.1421058 ], [ 101.7214337, 3.1423322 ], [ 101.721864, 3.1437205 ], [ 101.7227041, 3.1434671 ], [ 101.7220651, 3.1421058 ] ] ], [ [ [ 101.7153345, 3.1452481 ], [ 101.7154303, 3.144955 ], [ 101.715371892173707, 3.144522522201756 ], [ 101.715227101430486, 3.144216854807492 ], [ 101.7148616, 3.1441701 ], [ 101.7148803, 3.1446199 ], [ 101.7151467, 3.1448088 ], [ 101.7151369, 3.1449715 ], [ 101.7150083, 3.1451836 ], [ 101.7149028, 3.1451155 ], [ 101.7147551, 3.1453447 ], [ 101.7150264, 3.145606 ], [ 101.7153345, 3.1452481 ] ] ], [ [ [ 101.7150469, 3.1456939 ], [ 101.7151665, 3.1458716 ], [ 101.715631381416273, 3.14537947813055 ], [ 101.715548423441106, 3.145046167269568 ], [ 101.7150469, 3.1456939 ] ] ], [ [ [ 101.716780741508458, 3.145522035942302 ], [ 101.717405450771082, 3.146146732617581 ], [ 101.718538657773081, 3.146825455402301 ], [ 101.719819072393037, 3.147144286581043 ], [ 101.720936536511402, 3.147106110171867 ], [ 101.719859700000015, 3.143761 ], [ 101.7197309, 3.1437449 ], [ 101.7179982, 3.1444788 ], [ 101.7164311955041, 3.145023440642724 ], [ 101.716780741508458, 3.145522035942302 ] ] ], [ [ [ 101.7152388, 3.1459103 ], [ 101.715702413584495, 3.146599053783354 ], [ 101.715637276452199, 3.145418722010204 ], [ 101.7152388, 3.1459103 ] ] ], [ [ [ 101.7171887, 3.1470245 ], [ 101.71725406564795, 3.147000608624907 ], [ 101.717164032716838, 3.147014274290526 ], [ 101.7171887, 3.1470245 ] ] ], [ [ [ 101.7176715, 3.1472628 ], [ 101.7176165, 3.1472843 ], [ 101.717713, 3.1475802 ], [ 101.719131976537483, 3.147080005359931 ], [ 101.718438921844935, 3.146952206191595 ], [ 101.717564705641536, 3.14695415261167 ], [ 101.7176715, 3.1472628 ] ] ], [ [ [ 101.7185509, 3.1482628 ], [ 101.7176005, 3.1483498 ], [ 101.7175789, 3.1491728 ], [ 101.7176975, 3.1491774 ], [ 101.7176881, 3.1498283 ], [ 101.718755800000011, 3.1498066 ], [ 101.7193937, 3.1499495 ], [ 101.7198188, 3.1501311 ], [ 101.7200892, 3.1500379 ], [ 101.7206633, 3.1500651 ], [ 101.720033, 3.1491586 ], [ 101.7191754, 3.1486104 ], [ 101.7191222, 3.1485132 ], [ 101.7185509, 3.1482628 ] ] ], [ [ [ 101.715387, 3.1492602 ], [ 101.7142368, 3.1497519 ], [ 101.7142275, 3.1498514 ], [ 101.7143819, 3.1499773 ], [ 101.71572780000001, 3.1500331 ], [ 101.7163312, 3.1499568 ], [ 101.716204, 3.149684 ], [ 101.715387, 3.1492602 ] ] ], [ [ [ 101.7171723, 3.1509611 ], [ 101.7170063, 3.1500937 ], [ 101.7162949, 3.1501638 ], [ 101.7164814, 3.1511652 ], [ 101.7171723, 3.1509611 ] ] ], [ [ [ 101.7196086, 3.1512198 ], [ 101.7200957, 3.1508854 ], [ 101.7198361, 3.1504098 ], [ 101.7190675, 3.1501273 ], [ 101.718711, 3.1510017 ], [ 101.7193542, 3.1506955 ], [ 101.7196086, 3.1512198 ] ] ], [ [ [ 101.7143147, 3.1520039 ], [ 101.7147162, 3.1520923 ], [ 101.7147811, 3.1516564 ], [ 101.7140783, 3.151288 ], [ 101.7143147, 3.1520039 ] ] ], [ [ [ 101.714265, 3.1535373 ], [ 101.714274300000014, 3.1531249 ], [ 101.7141697, 3.1530151 ], [ 101.7138246, 3.153007 ], [ 101.7136216, 3.1528634 ], [ 101.7131284, 3.1529133 ], [ 101.713337, 3.1535872 ], [ 101.714265, 3.1535373 ] ] ], [ [ [ 101.7153602, 3.153825 ], [ 101.7152473, 3.1543905 ], [ 101.715707, 3.1544791 ], [ 101.7158391, 3.1538174 ], [ 101.7153602, 3.153825 ] ] ], [ [ [ 101.7183145, 3.1539146 ], [ 101.718382500000018, 3.1555388 ], [ 101.7185623, 3.1557384 ], [ 101.7190585, 3.155763 ], [ 101.7189581, 3.1539338 ], [ 101.7183145, 3.1539146 ] ] ], [ [ [ 101.722668322498677, 3.155917095467332 ], [ 101.7225557, 3.1563605 ], [ 101.7217403, 3.1562526 ], [ 101.7214123, 3.1571668 ], [ 101.7224974, 3.1572568 ], [ 101.7225867, 3.1574136 ], [ 101.72282007060916, 3.157432017366246 ], [ 101.722812253194334, 3.15666535340858 ], [ 101.722668322498677, 3.155917095467332 ] ] ], [ [ [ 101.7183747, 3.1578123 ], [ 101.7184257, 3.1592478 ], [ 101.719282, 3.1592398 ], [ 101.7193678, 3.1585254 ], [ 101.7202321, 3.1587611 ], [ 101.7206305, 3.1574401 ], [ 101.7197195, 3.1571692 ], [ 101.719515300000012, 3.1579154 ], [ 101.7183747, 3.1578123 ] ] ], [ [ [ 101.7136895, 3.1576521 ], [ 101.7133829, 3.1585861 ], [ 101.7140759, 3.1587656 ], [ 101.7144416, 3.1578641 ], [ 101.7136895, 3.1576521 ] ] ], [ [ [ 101.7144948, 3.1579739 ], [ 101.7141613, 3.1587839 ], [ 101.7147223, 3.1591076 ], [ 101.7152029, 3.158223 ], [ 101.7144948, 3.1579739 ] ] ], [ [ [ 101.7214772, 3.1601187 ], [ 101.7216796, 3.1572626 ], [ 101.7214017, 3.1571803 ], [ 101.72109780000001, 3.1582772 ], [ 101.7205447, 3.1597084 ], [ 101.7206384, 3.1599508 ], [ 101.7214772, 3.1601187 ] ] ], [ [ [ 101.7174236, 3.1578862 ], [ 101.7175634, 3.1579516 ], [ 101.7165531, 3.1595533 ], [ 101.7162192, 3.1593889 ], [ 101.7160562, 3.1599235 ], [ 101.716414, 3.1600656 ], [ 101.7171095, 3.1601925 ], [ 101.7182282, 3.1600191 ], [ 101.7182875, 3.1599508 ], [ 101.718262700000011, 3.1591936 ], [ 101.717323, 3.1591852 ], [ 101.717372200000014, 3.1591253 ], [ 101.7182482, 3.1591472 ], [ 101.718224, 3.1577787 ], [ 101.717494400000021, 3.1577979 ], [ 101.7174236, 3.1578862 ] ] ], [ [ [ 101.7192525, 3.1592485 ], [ 101.7184237, 3.1592592 ], [ 101.7184666, 3.1597185 ], [ 101.7192498, 3.1596917 ], [ 101.7192525, 3.1592485 ] ] ], [ [ [ 101.7149307, 3.1597025 ], [ 101.7146535, 3.1594984 ], [ 101.7145668, 3.15951 ], [ 101.7143256, 3.1597775 ], [ 101.7146628, 3.1600168 ], [ 101.7149307, 3.1597025 ] ] ], [ [ [ 101.7224528, 3.1601455 ], [ 101.722813413248318, 3.160153159697101 ], [ 101.722718306738841, 3.159775704313254 ], [ 101.7224748, 3.159762 ], [ 101.7224528, 3.1601455 ] ] ], [ [ [ 101.723229940950532, 3.160071096890684 ], [ 101.722977055583769, 3.160156635541225 ], [ 101.7232202, 3.1601618 ], [ 101.723229940950532, 3.160071096890684 ] ] ], [ [ [ 101.7160304, 3.160392 ], [ 101.7156134, 3.1602032 ], [ 101.715368, 3.1604376 ], [ 101.7158643, 3.1606878 ], [ 101.7160304, 3.160392 ] ] ], [ [ [ 101.7149067, 3.1608214 ], [ 101.7149572, 3.1609816 ], [ 101.7151979, 3.1611547 ], [ 101.7155209, 3.1605463 ], [ 101.7152721, 3.1604282 ], [ 101.7149067, 3.1608214 ] ] ], [ [ [ 101.7172703, 3.1630166 ], [ 101.7177049, 3.1628924 ], [ 101.7176306, 3.1619168 ], [ 101.7176794, 3.1619172 ], [ 101.7177865, 3.161295 ], [ 101.717219500000013, 3.1613178 ], [ 101.7172033, 3.1605822 ], [ 101.7166192, 3.1605795 ], [ 101.7167949, 3.1630309 ], [ 101.7172703, 3.1630166 ] ] ], [ [ [ 101.7306654, 3.1608215 ], [ 101.730373772124864, 3.160824085625927 ], [ 101.730009678526699, 3.160967632676656 ], [ 101.7300061, 3.161223 ], [ 101.730727, 3.1612061 ], [ 101.7307286, 3.1608831 ], [ 101.7306654, 3.1608215 ] ] ], [ [ [ 101.7160951, 3.161632 ], [ 101.7164536, 3.1615467 ], [ 101.7164539, 3.1610143 ], [ 101.7161144, 3.1608457 ], [ 101.7160951, 3.161632 ] ] ], [ [ [ 101.729034742443901, 3.16156320146755 ], [ 101.7292009, 3.1618279 ], [ 101.7299905, 3.1616493 ], [ 101.729995688413339, 3.160974329135135 ], [ 101.729034742443901, 3.16156320146755 ] ] ], [ [ [ 101.7207225, 3.1625554 ], [ 101.7208002, 3.1623598 ], [ 101.7207252, 3.1608602 ], [ 101.7200835, 3.160877 ], [ 101.7195588, 3.1620417 ], [ 101.7207225, 3.1625554 ] ] ], [ [ [ 101.7147291, 3.1624487 ], [ 101.7144643, 3.1623478 ], [ 101.7142821, 3.162693 ], [ 101.7145676, 3.1627994 ], [ 101.7147291, 3.1624487 ] ] ], [ [ [ 101.715488, 3.1625649 ], [ 101.7149669, 3.1621183 ], [ 101.7146769, 3.1628579 ], [ 101.7151554, 3.1630737 ], [ 101.715488, 3.1625649 ] ] ], [ [ [ 101.7156798, 3.1627202 ], [ 101.7160857, 3.1631904 ], [ 101.7165209, 3.1632649 ], [ 101.716565700000018, 3.1631656 ], [ 101.7165055, 3.1624075 ], [ 101.716000300000019, 3.1624412 ], [ 101.7156798, 3.1627202 ] ] ], [ [ [ 101.7187925, 3.1629812 ], [ 101.7182751, 3.1633011 ], [ 101.71754820000001, 3.1634836 ], [ 101.7175556, 3.164118 ], [ 101.717717800000017, 3.1641838 ], [ 101.7191895, 3.1633563 ], [ 101.7187925, 3.1629812 ] ] ], [ [ [ 101.7893309, 2.9788024 ], [ 101.7893403, 2.9795361 ], [ 101.7896269, 2.9795279 ], [ 101.7896192, 2.9788038 ], [ 101.7893309, 2.9788024 ] ] ], [ [ [ 101.7896331, 2.9806286 ], [ 101.7894013, 2.9806327 ], [ 101.7894156, 2.9812457 ], [ 101.7896514, 2.9812397 ], [ 101.7896331, 2.9806286 ] ] ], [ [ [ 101.7892528, 2.986081 ], [ 101.7892393, 2.9867426 ], [ 101.7896135, 2.9866314 ], [ 101.7896175, 2.9860515 ], [ 101.7892528, 2.986081 ] ] ], [ [ [ 101.790068365400899, 2.991994300884974 ], [ 101.789180200365692, 2.991014140572712 ], [ 101.78844643411972, 2.990523938049129 ], [ 101.78798058568529, 2.990311587735015 ], [ 101.7870858, 2.9908149 ], [ 101.7866375, 2.991288 ], [ 101.7863432, 2.9918138 ], [ 101.7860323, 2.9932419 ], [ 101.7877989, 2.9932419 ], [ 101.790545781411666, 2.992941996918592 ], [ 101.790068365400899, 2.991994300884974 ] ] ], [ [ [ 101.7854282, 2.9927357 ], [ 101.7849279, 2.9924652 ], [ 101.7847909, 2.9926761 ], [ 101.7853068, 2.9929647 ], [ 101.7854282, 2.9927357 ] ] ], [ [ [ 101.7838779, 2.9925383 ], [ 101.7836895, 2.992718 ], [ 101.7847658, 2.9932951 ], [ 101.7848791, 2.9930859 ], [ 101.7838779, 2.9925383 ] ] ], [ [ [ 101.7867656, 2.993479 ], [ 101.7867562, 2.9937415 ], [ 101.7874925, 2.9937522 ], [ 101.7874965, 2.993487 ], [ 101.7867656, 2.993479 ] ] ], [ [ [ 101.785619, 2.9941679 ], [ 101.7853696, 2.9937463 ], [ 101.7848734, 2.994116 ], [ 101.7850618, 2.9944916 ], [ 101.785619, 2.9941679 ] ] ], [ [ [ 101.7878108, 2.9961331 ], [ 101.7889307, 2.9961353 ], [ 101.7889238, 2.9953952 ], [ 101.7878174, 2.9953918 ], [ 101.7878108, 2.9961331 ] ] ], [ [ [ 101.790385986048534, 2.996464367907819 ], [ 101.790397, 2.9954785 ], [ 101.7903079, 2.9953202 ], [ 101.7896231, 2.9953002 ], [ 101.7896327, 2.9966544 ], [ 101.79030159939083, 2.996642554003679 ], [ 101.790385986048534, 2.996464367907819 ] ] ], [ [ [ 101.7870445, 2.9969286 ], [ 101.787253, 2.9967302 ], [ 101.787399, 2.9964565 ], [ 101.7874023, 2.9959852 ], [ 101.7872616, 2.9959845 ], [ 101.787087, 2.9965537 ], [ 101.7868873, 2.9967776 ], [ 101.7870445, 2.9969286 ] ] ], [ [ [ 101.7856862, 2.9990236 ], [ 101.7854636, 2.9992968 ], [ 101.7856433, 2.9994442 ], [ 101.7858686, 2.9991629 ], [ 101.7856862, 2.9990236 ] ] ], [ [ [ 101.785968490175634, 3.004935433629148 ], [ 101.786948675607292, 3.004221014911076 ], [ 101.786015500000019, 3.0034568 ], [ 101.7852671, 3.0043701 ], [ 101.785968490175634, 3.004935433629148 ] ] ], [ [ [ 101.7736308, 3.0290421 ], [ 101.774188903910684, 3.02966303902346 ], [ 101.774351879637805, 3.02949510584941 ], [ 101.7738107, 3.0288869 ], [ 101.7736308, 3.0290421 ] ] ], [ [ [ 101.7706286, 3.0407104 ], [ 101.7699304, 3.0397625 ], [ 101.7689853, 3.0404913 ], [ 101.769137200000017, 3.040862 ], [ 101.7695739, 3.0413676 ], [ 101.7706286, 3.0407104 ] ] ], [ [ [ 101.7733083, 3.0432235 ], [ 101.7736433, 3.042991 ], [ 101.7736752, 3.042682 ], [ 101.773286, 3.0416755 ], [ 101.7731233, 3.0414366 ], [ 101.7725256, 3.0412889 ], [ 101.7723384, 3.0419568 ], [ 101.7722259, 3.0419568 ], [ 101.7716706, 3.0411496 ], [ 101.7724125, 3.0405711 ], [ 101.7719056, 3.0402341 ], [ 101.7711224, 3.0407805 ], [ 101.7711182, 3.0409916 ], [ 101.7727566, 3.0432064 ], [ 101.7729766, 3.0432973 ], [ 101.7733083, 3.0432235 ] ] ], [ [ [ 101.7708858, 3.041477 ], [ 101.7726557, 3.0438788 ], [ 101.7728739, 3.0437151 ], [ 101.7711071, 3.041299 ], [ 101.7708858, 3.041477 ] ] ], [ [ [ 101.7731823, 3.0486419 ], [ 101.771194, 3.0487621 ], [ 101.7710435, 3.0492787 ], [ 101.7732561, 3.0491628 ], [ 101.7732601, 3.0487289 ], [ 101.7731823, 3.0486419 ] ] ], [ [ [ 101.7733169, 3.0494785 ], [ 101.7731679, 3.0497102 ], [ 101.7736681, 3.0500546 ], [ 101.7738278, 3.0498272 ], [ 101.7733169, 3.0494785 ] ] ], [ [ [ 101.771072505809812, 3.050197913500452 ], [ 101.7727532, 3.0502097 ], [ 101.7727575, 3.04991 ], [ 101.770943491174179, 3.049913579033785 ], [ 101.771072505809812, 3.050197913500452 ] ] ], [ [ [ 101.7734979, 3.051097 ], [ 101.7731251, 3.0512871 ], [ 101.7740638, 3.0518068 ], [ 101.7742087, 3.0514987 ], [ 101.7734979, 3.051097 ] ] ], [ [ [ 101.776464243927748, 3.052528927919727 ], [ 101.7763195, 3.0525235 ], [ 101.776331527397829, 3.052566981649322 ], [ 101.776464243927748, 3.052528927919727 ] ] ], [ [ [ 101.769778, 3.0592751 ], [ 101.7708507, 3.0594552 ], [ 101.7709035, 3.058978 ], [ 101.770014326394502, 3.058810180213278 ], [ 101.769778, 3.0592751 ] ] ], [ [ [ 101.7716296, 3.0606535 ], [ 101.7715855, 3.0608558 ], [ 101.772797, 3.0610802 ], [ 101.7728158, 3.0608678 ], [ 101.7716296, 3.0606535 ] ] ], [ [ [ 101.7712057, 3.0625625 ], [ 101.7708437, 3.0630527 ], [ 101.7712513, 3.0633767 ], [ 101.7716322, 3.0628812 ], [ 101.7712057, 3.0625625 ] ] ], [ [ [ 101.766543835493451, 3.068213487834828 ], [ 101.765715242685616, 3.067620594221813 ], [ 101.7652952, 3.067991 ], [ 101.7659174, 3.0687088 ], [ 101.766543835493451, 3.068213487834828 ] ] ], [ [ [ 101.7596248, 3.071097 ], [ 101.759205468839127, 3.070448671837362 ], [ 101.759077208292638, 3.071163197995574 ], [ 101.7596248, 3.071097 ] ] ], [ [ [ 101.76726, 3.0713346 ], [ 101.7651636, 3.0724789 ], [ 101.7653922, 3.0728525 ], [ 101.7659076, 3.0725758 ], [ 101.7660749, 3.0729132 ], [ 101.7667491, 3.0725505 ], [ 101.7665429, 3.0722349 ], [ 101.7675398, 3.0717018 ], [ 101.76726, 3.0713346 ] ] ], [ [ [ 101.7623044, 3.072953 ], [ 101.762112, 3.0732931 ], [ 101.7623015, 3.0736332 ], [ 101.763735, 3.0726362 ], [ 101.7634944, 3.0722451 ], [ 101.762745, 3.0725065 ], [ 101.7623044, 3.072953 ] ] ], [ [ [ 101.7628434, 3.0736528 ], [ 101.7635548, 3.0747131 ], [ 101.7651069, 3.0736881 ], [ 101.764359500000012, 3.0725739 ], [ 101.7628434, 3.0736528 ] ] ], [ [ [ 101.7629589, 3.0755236 ], [ 101.7636449, 3.0751659 ], [ 101.763231, 3.0743459 ], [ 101.7628575, 3.0738076 ], [ 101.762332, 3.0741586 ], [ 101.7629589, 3.0755236 ] ] ], [ [ [ 101.7456972, 3.0752846 ], [ 101.7447127, 3.0758966 ], [ 101.7434851, 3.0758671 ], [ 101.743477, 3.0764227 ], [ 101.7450585, 3.0764117 ], [ 101.7457032, 3.075964 ], [ 101.7456972, 3.0752846 ] ] ], [ [ [ 101.7421487, 3.0760025 ], [ 101.742214, 3.0760821 ], [ 101.7433343, 3.0763251 ], [ 101.7434054, 3.0756516 ], [ 101.742511801697091, 3.075572666553952 ], [ 101.742192347362234, 3.075839945963606 ], [ 101.7421487, 3.0760025 ] ] ], [ [ [ 101.7419653, 3.0764002 ], [ 101.741505, 3.0780159 ], [ 101.7423717, 3.0781792 ], [ 101.7428338, 3.0766195 ], [ 101.7427578, 3.0765132 ], [ 101.7420566, 3.0763546 ], [ 101.7419653, 3.0764002 ] ] ], [ [ [ 101.744285, 3.0788788 ], [ 101.7454588, 3.0787212 ], [ 101.7455034, 3.0778313 ], [ 101.7435927, 3.0778522 ], [ 101.7436023, 3.0790401 ], [ 101.7437389, 3.0791253 ], [ 101.744285, 3.0788788 ] ] ], [ [ [ 101.7426242, 3.0797812 ], [ 101.743014200000019, 3.0794068 ], [ 101.7429725, 3.0790577 ], [ 101.7427064, 3.0783127 ], [ 101.7412663, 3.0780574 ], [ 101.74076073686382, 3.079710332046615 ], [ 101.7426242, 3.0797812 ] ] ], [ [ [ 101.742940467730591, 3.087225682508171 ], [ 101.742895383706482, 3.087198676781604 ], [ 101.743031770455502, 3.087293386926362 ], [ 101.742940467730591, 3.087225682508171 ] ] ], [ [ [ 101.7389255, 3.0877492 ], [ 101.737259698694274, 3.087809968201123 ], [ 101.736985910290514, 3.088115211731875 ], [ 101.7389153, 3.0880377 ], [ 101.7389255, 3.0877492 ] ] ], [ [ [ 101.7424764, 3.0874424 ], [ 101.7419321, 3.0880251 ], [ 101.7411344, 3.0907119 ], [ 101.7411574, 3.0909512 ], [ 101.7443059, 3.0915562 ], [ 101.744435, 3.0909232 ], [ 101.7436401, 3.090729 ], [ 101.7437984, 3.0902549 ], [ 101.7446245, 3.0894514 ], [ 101.7426209, 3.0874293 ], [ 101.7424764, 3.0874424 ] ] ], [ [ [ 101.7398443, 3.0902298 ], [ 101.7394674, 3.0914364 ], [ 101.7397263, 3.0914551 ], [ 101.7400978, 3.0903142 ], [ 101.7398443, 3.0902298 ] ] ], [ [ [ 101.7406372, 3.0918633 ], [ 101.7404097, 3.0925004 ], [ 101.7407369, 3.0926021 ], [ 101.7409447, 3.0919612 ], [ 101.7406372, 3.0918633 ] ] ], [ [ [ 101.7397456, 3.092376 ], [ 101.7383156, 3.0922832 ], [ 101.7381145, 3.0935656 ], [ 101.7379629, 3.0935426 ], [ 101.7378303, 3.0944766 ], [ 101.737983018888045, 3.094762808204206 ], [ 101.738830046606211, 3.095198662770909 ], [ 101.7397456, 3.092376 ] ] ], [ [ [ 101.739406921516178, 3.095377801893485 ], [ 101.739948688814593, 3.095475675018921 ], [ 101.7400152, 3.0947326 ], [ 101.7399721, 3.0940414 ], [ 101.7398735, 3.0940168 ], [ 101.739406921516178, 3.095377801893485 ] ] ], [ [ [ 101.7348689, 3.1033758 ], [ 101.7348608, 3.1028911 ], [ 101.7360702, 3.1024678 ], [ 101.735975808502772, 3.102083403231271 ], [ 101.735511387280397, 3.101473166770798 ], [ 101.7345302, 3.1026095 ], [ 101.7344343, 3.1031916 ], [ 101.7344849, 3.1032304 ], [ 101.7339686, 3.1038078 ], [ 101.7339707, 3.1039205 ], [ 101.7341049, 3.1040289 ], [ 101.734207, 3.1040225 ], [ 101.7348689, 3.1033758 ] ] ], [ [ [ 101.7328833, 3.1034713 ], [ 101.7343902, 3.1017397 ], [ 101.7336865, 3.1005584 ], [ 101.733573679126451, 3.10021137016239 ], [ 101.732868648742041, 3.100044415314378 ], [ 101.7320022, 3.1005677 ], [ 101.7327557, 3.1017708 ], [ 101.7316535, 3.1031822 ], [ 101.7319835, 3.1033998 ], [ 101.7318466, 3.1036298 ], [ 101.7321454, 3.1037853 ], [ 101.7309904, 3.105551 ], [ 101.7313733, 3.1057438 ], [ 101.7328833, 3.1034713 ] ] ], [ [ [ 101.7318576, 3.1060282 ], [ 101.7321394, 3.1060067 ], [ 101.732730300000014, 3.1058116 ], [ 101.7325025, 3.1057181 ], [ 101.7328441, 3.1052605 ], [ 101.7330548, 3.1045909 ], [ 101.732924, 3.1045119 ], [ 101.732454, 3.1052262 ], [ 101.7323774, 3.1052022 ], [ 101.7318576, 3.1060282 ] ] ], [ [ [ 101.7302967, 3.1098834 ], [ 101.7301287, 3.1103301 ], [ 101.730555, 3.11049 ], [ 101.7307231, 3.1100433 ], [ 101.7302967, 3.1098834 ] ] ], [ [ [ 101.743466501844139, 3.129003070905082 ], [ 101.743080570370935, 3.128000668745253 ], [ 101.74276607902533, 3.127504030762884 ], [ 101.7429836, 3.1290784 ], [ 101.743466501844139, 3.129003070905082 ] ] ], [ [ [ 101.7426464, 3.1299755 ], [ 101.7425538, 3.1302507 ], [ 101.7428433, 3.1303389 ], [ 101.7429519, 3.1299648 ], [ 101.7426464, 3.1299755 ] ] ], [ [ [ 101.7415275, 3.1301273 ], [ 101.7414728, 3.1303108 ], [ 101.7417717, 3.1304049 ], [ 101.7418257, 3.1302185 ], [ 101.7415275, 3.1301273 ] ] ], [ [ [ 101.7428405, 3.1303639 ], [ 101.7418964, 3.1300773 ], [ 101.7418052, 3.1303706 ], [ 101.742752, 3.1306438 ], [ 101.7428405, 3.1303639 ] ] ], [ [ [ 101.7431445, 3.1301806 ], [ 101.7429763, 3.130745 ], [ 101.743186, 3.1308704 ], [ 101.743416, 3.1301508 ], [ 101.7431445, 3.1301806 ] ] ], [ [ [ 101.7390189, 3.1313843 ], [ 101.7380519, 3.1307802 ], [ 101.7377682, 3.1315065 ], [ 101.7391863, 3.1325156 ], [ 101.739848, 3.1314682 ], [ 101.7392198, 3.1310724 ], [ 101.7390189, 3.1313843 ] ] ], [ [ [ 101.741361938263836, 3.134053131542721 ], [ 101.7399548, 3.1332571 ], [ 101.7398341, 3.1333401 ], [ 101.739246267415183, 3.134653465279791 ], [ 101.740438040442868, 3.134461328991085 ], [ 101.741361938263836, 3.134053131542721 ] ] ], [ [ [ 101.742024478426643, 3.134369226149575 ], [ 101.742036931714352, 3.135035657450199 ], [ 101.742253931939572, 3.136023273723544 ], [ 101.7427336, 3.1348318 ], [ 101.7426853, 3.1346845 ], [ 101.742024478426643, 3.134369226149575 ] ] ], [ [ [ 101.7549847, 3.1356196 ], [ 101.7549871, 3.1353492 ], [ 101.7548421, 3.1349662 ], [ 101.7546964, 3.1350291 ], [ 101.754692, 3.1357365 ], [ 101.7549847, 3.1356196 ] ] ], [ [ [ 101.7464596, 3.1357512 ], [ 101.7461868, 3.1362133 ], [ 101.7475141, 3.1370596 ], [ 101.7479067, 3.13641 ], [ 101.7470806, 3.135932 ], [ 101.7469987, 3.1360659 ], [ 101.7464596, 3.1357512 ] ] ], [ [ [ 101.7426616, 3.1368663 ], [ 101.743041897072473, 3.1374565375502 ], [ 101.7431942, 3.1375501 ], [ 101.7433623, 3.1371614 ], [ 101.7426616, 3.1368663 ] ] ], [ [ [ 101.757593900000018, 3.1367918 ], [ 101.7570191, 3.1370816 ], [ 101.7571109, 3.1373025 ], [ 101.7559789, 3.1386875 ], [ 101.7560943, 3.1389107 ], [ 101.7555321, 3.1393291 ], [ 101.7554637, 3.1394516 ], [ 101.7567062, 3.1401584 ], [ 101.7566939, 3.1403822 ], [ 101.7572999, 3.1407617 ], [ 101.7581252, 3.1401392 ], [ 101.7571586, 3.1395631 ], [ 101.7585368, 3.1377464 ], [ 101.7578106, 3.1369273 ], [ 101.757593900000018, 3.1367918 ] ] ], [ [ [ 101.7513593, 3.1393217 ], [ 101.7515612, 3.1388694 ], [ 101.7515377, 3.1385542 ], [ 101.7508573, 3.1380824 ], [ 101.7507181, 3.1380687 ], [ 101.7501044, 3.138934 ], [ 101.751126, 3.1396428 ], [ 101.7513593, 3.1393217 ] ] ], [ [ [ 101.759054, 3.1392503 ], [ 101.7588217, 3.1390557 ], [ 101.7579547, 3.1398786 ], [ 101.7582028, 3.1400359 ], [ 101.759054, 3.1392503 ] ] ], [ [ [ 101.751459, 3.1392884 ], [ 101.751234, 3.1396132 ], [ 101.7519845, 3.1401551 ], [ 101.7519438, 3.1396325 ], [ 101.751459, 3.1392884 ] ] ], [ [ [ 101.758428653496011, 3.144734897664824 ], [ 101.759473697995588, 3.144108041725252 ], [ 101.7592308, 3.1436057 ], [ 101.7591456, 3.1435848 ], [ 101.7581709, 3.1444407 ], [ 101.758428653496011, 3.144734897664824 ] ] ], [ [ [ 101.755250456721186, 3.144854683848471 ], [ 101.755383564026957, 3.144902160085915 ], [ 101.755411421253768, 3.144909095740185 ], [ 101.7553781, 3.1448122 ], [ 101.755250456721186, 3.144854683848471 ] ] ], [ [ [ 101.7631946, 3.147471 ], [ 101.763713240341886, 3.147708240431596 ], [ 101.763275325354954, 3.147176882564226 ], [ 101.7631946, 3.147471 ] ] ], [ [ [ 101.756069770646633, 3.148218977287673 ], [ 101.7567157, 3.1479325 ], [ 101.756624893185275, 3.147396203860143 ], [ 101.756069770646633, 3.148218977287673 ] ] ], [ [ [ 101.763218925183864, 3.147114663058557 ], [ 101.762267480537361, 3.146393580083986 ], [ 101.7619103, 3.1475008 ], [ 101.7608764, 3.1473575 ], [ 101.7609354, 3.1488358 ], [ 101.7615884, 3.1488506 ], [ 101.761744, 3.1489363 ], [ 101.7618781, 3.1491505 ], [ 101.762318, 3.1492469 ], [ 101.7624146, 3.1486952 ], [ 101.7627686, 3.1487595 ], [ 101.763218925183864, 3.147114663058557 ] ] ], [ [ [ 101.7617701, 3.1503196 ], [ 101.7619927, 3.1505334 ], [ 101.7624277, 3.1500331 ], [ 101.7629332, 3.1497435 ], [ 101.7627938, 3.1495272 ], [ 101.7622067, 3.1498283 ], [ 101.7617701, 3.1503196 ] ] ], [ [ [ 101.7612219, 3.1513168 ], [ 101.7610326, 3.1510977 ], [ 101.7602258, 3.1518005 ], [ 101.7603937, 3.1519836 ], [ 101.7612219, 3.1513168 ] ] ], [ [ [ 101.7584455, 3.1519072 ], [ 101.758601, 3.1521295 ], [ 101.7596095, 3.151624 ], [ 101.7594919, 3.1513767 ], [ 101.7584455, 3.1519072 ] ] ], [ [ [ 101.7599248, 3.1522632 ], [ 101.760261, 3.1520954 ], [ 101.7601247, 3.151924 ], [ 101.7598097, 3.1520265 ], [ 101.7599248, 3.1522632 ] ] ], [ [ [ 101.759437600000012, 3.1525659 ], [ 101.7593997, 3.1521793 ], [ 101.7588801, 3.1524584 ], [ 101.7588204, 3.1526037 ], [ 101.7589834, 3.1530862 ], [ 101.759437600000012, 3.1525659 ] ] ], [ [ [ 101.7361304, 3.1668815 ], [ 101.736126400000018, 3.1666177 ], [ 101.7356087, 3.166619 ], [ 101.7356087, 3.1680411 ], [ 101.7367513, 3.168017 ], [ 101.7367285, 3.1668802 ], [ 101.7361304, 3.1668815 ] ] ], [ [ [ 101.7344887, 3.1721706 ], [ 101.7343371, 3.1727785 ], [ 101.7347166, 3.1727664 ], [ 101.734718, 3.1721518 ], [ 101.7344887, 3.1721706 ] ] ], [ [ [ 101.7351886, 3.1755744 ], [ 101.7349766, 3.1747701 ], [ 101.734573200000014, 3.175012 ], [ 101.7348101, 3.1757658 ], [ 101.7351886, 3.1755744 ] ] ], [ [ [ 101.7373386, 3.1778171 ], [ 101.7377114, 3.1776565 ], [ 101.7390579, 3.1774422 ], [ 101.7391169, 3.1773351 ], [ 101.738795, 3.1758889 ], [ 101.7371589, 3.1762371 ], [ 101.7364669, 3.1769602 ], [ 101.7367807, 3.1774904 ], [ 101.736839700000019, 3.1774743 ], [ 101.7370892, 3.1777823 ], [ 101.7373386, 3.1778171 ] ] ], [ [ [ 101.7404892, 3.1966578 ], [ 101.7404311, 3.1967709 ], [ 101.740579, 3.1976036 ], [ 101.740793, 3.1977526 ], [ 101.7405499, 3.1984636 ], [ 101.741948000934244, 3.199535304337888 ], [ 101.741876445276787, 3.198282688400588 ], [ 101.741428719112349, 3.197035445520668 ], [ 101.740937561498512, 3.196300788041119 ], [ 101.7407073, 3.1965524 ], [ 101.7404892, 3.1966578 ] ] ], [ [ [ 101.7314406, 3.2025584 ], [ 101.7319986, 3.2023985 ], [ 101.7328519, 3.2020242 ], [ 101.7327489, 3.20171 ], [ 101.7327763, 3.2014365 ], [ 101.732443307200199, 3.201285236093927 ], [ 101.732018574797294, 3.201243612924763 ], [ 101.7319413, 3.2014727 ], [ 101.7310107, 3.2017235 ], [ 101.7305488, 3.2026055 ], [ 101.730545400000011, 3.2031172 ], [ 101.7306095, 3.2032856 ], [ 101.731331, 3.2029624 ], [ 101.7313159, 3.2028243 ], [ 101.7314406, 3.2025584 ] ] ], [ [ [ 101.7361176, 3.2029759 ], [ 101.7359007, 3.2029122 ], [ 101.7356168, 3.2031351 ], [ 101.736136979845313, 3.203489135344986 ], [ 101.736847037535242, 3.203645307693236 ], [ 101.7365641, 3.2032892 ], [ 101.7361176, 3.2029759 ] ] ], [ [ [ 101.735501900000017, 3.2057971 ], [ 101.736233498400011, 3.205063972242595 ], [ 101.736138650553045, 3.204604367780365 ], [ 101.7354297, 3.2052964 ], [ 101.735501900000017, 3.2057971 ] ] ] ] } },
{ "type": "Feature", "properties": { "land_use": "green" }, "geometry": { "type": "MultiPolygon", "coordinates": [ [ [ [ 101.455070788488086, 2.977961831405113 ], [ 101.455207274099322, 2.97825028893361 ], [ 101.455347995362686, 2.978485138759614 ], [ 101.4553696, 2.9775542 ], [ 101.4552717, 2.9774631 ], [ 101.4550692, 2.9774542 ], [ 101.455070788488086, 2.977961831405113 ] ] ], [ [ [ 101.44327370000002, 2.9901067 ], [ 101.4431151, 2.990279 ], [ 101.443166, 2.9904751 ], [ 101.4430824, 2.9907133 ], [ 101.4432926, 2.9905711 ], [ 101.4442346, 2.9893345 ], [ 101.443830860966116, 2.989014848201938 ], [ 101.443098791850787, 2.989474954653215 ], [ 101.44327370000002, 2.9901067 ] ] ], [ [ [ 101.4422923, 2.9904303 ], [ 101.442260980374186, 2.990320259441928 ], [ 101.44215103638119, 2.990469990042811 ], [ 101.4422923, 2.9904303 ] ] ], [ [ [ 101.4433957, 2.9920626 ], [ 101.4436345, 2.9918734 ], [ 101.4435447, 2.9917944 ], [ 101.4433101, 2.9919795 ], [ 101.4433957, 2.9920626 ] ] ], [ [ [ 101.5725463, 2.9927596 ], [ 101.572257971560148, 2.992986775788879 ], [ 101.5723154, 2.9946552 ], [ 101.5728386, 2.9946768 ], [ 101.5732572, 2.994529 ], [ 101.5735207, 2.9942443 ], [ 101.573665, 2.9937758 ], [ 101.5736542, 2.993538 ], [ 101.5734593, 2.9930731 ], [ 101.5732175, 2.9928821 ], [ 101.5725463, 2.9927596 ] ] ], [ [ [ 101.5788683, 2.9953983 ], [ 101.5788133, 2.9955805 ], [ 101.5789796, 2.9960988 ], [ 101.579163400000013, 2.9960077 ], [ 101.5790601, 2.9954559 ], [ 101.579855971773853, 2.995062592604289 ], [ 101.579815316918399, 2.994901036250092 ], [ 101.5790735, 2.9952282 ], [ 101.5788683, 2.9953983 ] ] ], [ [ [ 101.5761581, 2.9956409 ], [ 101.576007, 2.995723 ], [ 101.5761081, 2.9959185 ], [ 101.57626, 2.9959353 ], [ 101.5763649, 2.9961756 ], [ 101.576476, 2.9960633 ], [ 101.5764817, 2.9959137 ], [ 101.5762466, 2.9953454 ], [ 101.5761581, 2.9956409 ] ] ], [ [ [ 101.579547531302126, 2.998056495857859 ], [ 101.5784737, 2.9955446 ], [ 101.5780985, 2.9957018 ], [ 101.579335801086458, 2.998452842912578 ], [ 101.579547531302126, 2.998056495857859 ] ] ], [ [ [ 101.5781119, 2.9993934 ], [ 101.5776757, 2.9981722 ], [ 101.577318, 2.9983675 ], [ 101.5776238, 2.9996666 ], [ 101.577775047622055, 3.00000772600752 ], [ 101.578342843018149, 2.999614206507985 ], [ 101.5781119, 2.9993934 ] ] ], [ [ [ 101.4438664, 3.0028673 ], [ 101.4437482, 3.0034127 ], [ 101.4437876, 3.0036236 ], [ 101.4445675, 3.0034577 ], [ 101.444576, 3.0028701 ], [ 101.4444943, 3.0028195 ], [ 101.4438664, 3.0028673 ] ] ], [ [ [ 101.445971250167162, 3.006581654943557 ], [ 101.4458966, 3.0057143 ], [ 101.4455981, 3.0053842 ], [ 101.4446278, 3.0055687 ], [ 101.4447522, 3.0067648 ], [ 101.4458647, 3.0067009 ], [ 101.445971250167162, 3.006581654943557 ] ] ], [ [ [ 101.570925, 3.0055567 ], [ 101.5706366, 3.0055607 ], [ 101.5706366, 3.0060187 ], [ 101.5708753, 3.0060107 ], [ 101.5709612, 3.005937 ], [ 101.570925, 3.0055567 ] ] ], [ [ [ 101.4389864, 3.0067669 ], [ 101.4392446, 3.0067017 ], [ 101.4396749, 3.0061391 ], [ 101.4383848, 3.0061108 ], [ 101.43833, 3.0061741 ], [ 101.438320800000014, 3.006661 ], [ 101.4384673, 3.0065101 ], [ 101.4389864, 3.0067669 ] ] ], [ [ [ 101.570583, 3.006691 ], [ 101.5705709, 3.007666 ], [ 101.5716116, 3.0076459 ], [ 101.5715982, 3.0062665 ], [ 101.57111, 3.0066897 ], [ 101.570583, 3.006691 ] ] ], [ [ [ 101.4392392, 3.0087722 ], [ 101.438407671020045, 3.008384009815479 ], [ 101.439092290338621, 3.008977873540982 ], [ 101.4392392, 3.0087722 ] ] ], [ [ [ 101.567870324073382, 3.008549839494711 ], [ 101.567886, 3.0088311 ], [ 101.5687846, 3.0088365 ], [ 101.5687323, 3.0085526 ], [ 101.5682642, 3.0079392 ], [ 101.567965636375831, 3.008163445607653 ], [ 101.567870324073382, 3.008549839494711 ] ] ], [ [ [ 101.571563, 3.0104696 ], [ 101.5701575, 3.0104583 ], [ 101.5701486, 3.0117293 ], [ 101.5715529, 3.0117444 ], [ 101.571563, 3.0104696 ] ] ], [ [ [ 101.5755062, 3.0123279 ], [ 101.575603905399731, 3.012456170023806 ], [ 101.575761103976689, 3.012280973138008 ], [ 101.5756161, 3.0121096 ], [ 101.5739827, 3.0121351 ], [ 101.5740216, 3.012336 ], [ 101.5755062, 3.0123279 ] ] ], [ [ [ 101.5706411, 3.0121489 ], [ 101.5706402, 3.0128192 ], [ 101.571024200000011, 3.0128197 ], [ 101.571025, 3.0121494 ], [ 101.5706411, 3.0121489 ] ] ], [ [ [ 101.4376138, 3.0167046 ], [ 101.4365932, 3.0168867 ], [ 101.4367622, 3.0178322 ], [ 101.4377627, 3.0176488 ], [ 101.4376138, 3.0167046 ] ] ], [ [ [ 101.5745661, 3.0195773 ], [ 101.574149, 3.0195706 ], [ 101.574098, 3.0200072 ], [ 101.5741315, 3.0201063 ], [ 101.5745138, 3.02035 ], [ 101.5745714, 3.0201652 ], [ 101.5745661, 3.0195773 ] ] ], [ [ [ 101.5702524, 3.0204048 ], [ 101.5699329, 3.0204078 ], [ 101.5699362, 3.0207728 ], [ 101.5704505, 3.0207681 ], [ 101.5704486, 3.0205567 ], [ 101.5702538, 3.0205585 ], [ 101.5702524, 3.0204048 ] ] ], [ [ [ 101.5759339, 3.021937 ], [ 101.5755531, 3.0208656 ], [ 101.575680737016697, 3.020523850725646 ], [ 101.574882139093063, 3.019659874111403 ], [ 101.5748074, 3.0203513 ], [ 101.5745338, 3.0211227 ], [ 101.5759339, 3.021937 ] ] ], [ [ [ 101.5745446, 3.0225999 ], [ 101.5749416, 3.0228524 ], [ 101.5752225, 3.0224212 ], [ 101.5747987, 3.0221841 ], [ 101.5745446, 3.0225999 ] ] ], [ [ [ 101.4445567, 3.0230178 ], [ 101.4445406, 3.0231571 ], [ 101.445164195868756, 3.023256006492952 ], [ 101.444761972276467, 3.022941333654781 ], [ 101.4445567, 3.0230178 ] ] ], [ [ [ 101.5696817, 3.0227379 ], [ 101.5691655, 3.0228825 ], [ 101.5696509, 3.0238173 ], [ 101.5697046, 3.023812 ], [ 101.5696817, 3.0227379 ] ] ], [ [ [ 101.4403487, 3.0238994 ], [ 101.439420700000014, 3.0243896 ], [ 101.4396567, 3.0248208 ], [ 101.4405204, 3.0242235 ], [ 101.4403487, 3.0238994 ] ] ], [ [ [ 101.445605016288468, 3.023697526562415 ], [ 101.4447069, 3.0234008 ], [ 101.4446586, 3.0235374 ], [ 101.4450502, 3.024282 ], [ 101.4448839, 3.0251338 ], [ 101.4447498, 3.0252784 ], [ 101.4444548, 3.0252945 ], [ 101.4442617, 3.025182 ], [ 101.444009500000021, 3.0252945 ], [ 101.4439291, 3.0255088 ], [ 101.444036400000016, 3.0258998 ], [ 101.4442134, 3.0262052 ], [ 101.4453828, 3.0263659 ], [ 101.446705412907889, 3.026915805017128 ], [ 101.446694845474511, 3.026213885432947 ], [ 101.446520969325917, 3.025345345362218 ], [ 101.44618188750421, 3.024527595504805 ], [ 101.445605016288468, 3.023697526562415 ] ] ], [ [ [ 101.5710913, 3.0257606 ], [ 101.5710953, 3.0261007 ], [ 101.5706526, 3.0261062 ], [ 101.5703616, 3.026767 ], [ 101.5713945, 3.0271973 ], [ 101.5716071, 3.0266927 ], [ 101.5715729, 3.0257492 ], [ 101.5710913, 3.0257606 ] ] ], [ [ [ 101.573382347485747, 3.027458363242836 ], [ 101.574107872269707, 3.027154964975979 ], [ 101.5737748, 3.0269417 ], [ 101.5737574, 3.0272498 ], [ 101.573381900000015, 3.0272712 ], [ 101.573382347485747, 3.027458363242836 ] ] ], [ [ [ 101.4388146, 3.0280029 ], [ 101.4402324, 3.028764 ], [ 101.4405049, 3.0272971 ], [ 101.440441, 3.0272546 ], [ 101.4388188, 3.0279349 ], [ 101.4388146, 3.0280029 ] ] ], [ [ [ 101.4392558, 3.0290066 ], [ 101.438981, 3.0288491 ], [ 101.4387395, 3.029273 ], [ 101.4390078, 3.0294216 ], [ 101.4392558, 3.0290066 ] ] ], [ [ [ 101.4409008, 3.0299269 ], [ 101.4405999, 3.0297573 ], [ 101.440355, 3.0301934 ], [ 101.4406608, 3.0303645 ], [ 101.4409008, 3.0299269 ] ] ], [ [ [ 101.445936269921077, 3.042990401471955 ], [ 101.445371810426195, 3.043241099826539 ], [ 101.44491789736847, 3.043526921361961 ], [ 101.4451074, 3.0437428 ], [ 101.44533, 3.0437374 ], [ 101.445936269921077, 3.042990401471955 ] ] ], [ [ [ 101.4431826, 3.0475547 ], [ 101.4433272, 3.0471494 ], [ 101.4436943, 3.0469779 ], [ 101.4438653, 3.0470156 ], [ 101.4444724, 3.0467932 ], [ 101.444556, 3.0463632 ], [ 101.44302112687798, 3.046874033809801 ], [ 101.443017488416984, 3.047487634811664 ], [ 101.4431826, 3.0475547 ] ] ], [ [ [ 101.466489343977884, 3.058082067886197 ], [ 101.465638884600679, 3.057985076261279 ], [ 101.4656315, 3.0581467 ], [ 101.4657197, 3.0582209 ], [ 101.4664843, 3.0581763 ], [ 101.466489343977884, 3.058082067886197 ] ] ], [ [ [ 101.4645408, 3.0594947 ], [ 101.4645437, 3.0599953 ], [ 101.4650639, 3.0599923 ], [ 101.465061, 3.0594917 ], [ 101.4645408, 3.0594947 ] ] ], [ [ [ 101.4502263, 3.0605371 ], [ 101.4508703, 3.0603192 ], [ 101.4508601, 3.0601037 ], [ 101.4501589, 3.0602319 ], [ 101.4502263, 3.0605371 ] ] ], [ [ [ 101.448901, 3.0605258 ], [ 101.4480972, 3.0604944 ], [ 101.447941832559621, 3.06093926988705 ], [ 101.447984069802075, 3.061028517200175 ], [ 101.4490459, 3.0613075 ], [ 101.448901, 3.0605258 ] ] ], [ [ [ 101.4544427, 3.0610632 ], [ 101.4534204, 3.0608715 ], [ 101.4533658, 3.0609357 ], [ 101.4534574, 3.0613984 ], [ 101.4542438, 3.0616745 ], [ 101.4544427, 3.0610632 ] ] ], [ [ [ 101.462596, 3.0621151 ], [ 101.462513, 3.0611386 ], [ 101.4624137, 3.0610415 ], [ 101.4617958, 3.0610508 ], [ 101.4614634, 3.061923 ], [ 101.4618198, 3.0621885 ], [ 101.462596, 3.0621151 ] ] ], [ [ [ 101.4869842, 3.0630047 ], [ 101.4869962, 3.0629654 ], [ 101.4867692, 3.0629479 ], [ 101.4869842, 3.0630047 ] ] ], [ [ [ 101.4870531, 3.063023 ], [ 101.4877489, 3.0632489 ], [ 101.4877713, 3.0631645 ], [ 101.487363, 3.0630259 ], [ 101.4870531, 3.063023 ] ] ], [ [ [ 101.4887655, 3.0635622 ], [ 101.4878191, 3.0631852 ], [ 101.4877872, 3.0632664 ], [ 101.4887254, 3.0636696 ], [ 101.4887655, 3.0635622 ] ] ], [ [ [ 101.488904, 3.0636065 ], [ 101.4888047, 3.0636312 ], [ 101.4887777, 3.0637146 ], [ 101.4892378, 3.063915 ], [ 101.4892874, 3.0637731 ], [ 101.488904, 3.0636065 ] ] ], [ [ [ 101.4499991, 3.0637508 ], [ 101.4499178, 3.0640772 ], [ 101.450438, 3.0642299 ], [ 101.4504921, 3.0638786 ], [ 101.4499991, 3.0637508 ] ] ], [ [ [ 101.4898039, 3.0643004 ], [ 101.490117436325903, 3.064327034349206 ], [ 101.489793748989612, 3.063978490127636 ], [ 101.489326700000021, 3.0638131 ], [ 101.4892832, 3.0638956 ], [ 101.4898039, 3.0641641 ], [ 101.4898039, 3.0643004 ] ] ], [ [ [ 101.4508528, 3.0649726 ], [ 101.4503487, 3.0648255 ], [ 101.4502832, 3.0650493 ], [ 101.4507874, 3.0651963 ], [ 101.4508528, 3.0649726 ] ] ], [ [ [ 101.4826472, 3.0657093 ], [ 101.4832006, 3.0657185 ], [ 101.4832684, 3.065374 ], [ 101.4832037, 3.0650263 ], [ 101.483031200000013, 3.0647648 ], [ 101.483081115058752, 3.064505039808443 ], [ 101.48254547539247, 3.065425736749208 ], [ 101.4826491, 3.0655647 ], [ 101.4826472, 3.0657093 ] ] ], [ [ [ 101.4533085, 3.0659079 ], [ 101.4535907, 3.0657071 ], [ 101.4529509, 3.0655609 ], [ 101.4528051, 3.0661194 ], [ 101.4533085, 3.0659079 ] ] ], [ [ [ 101.4475595, 3.0655592 ], [ 101.4474527, 3.0659811 ], [ 101.447931600000018, 3.066148 ], [ 101.4480332, 3.065701 ], [ 101.4475595, 3.0655592 ] ] ], [ [ [ 101.4905215, 3.0659952 ], [ 101.490987691919599, 3.065986714637318 ], [ 101.4906174, 3.0659457 ], [ 101.490517, 3.065529 ], [ 101.4905215, 3.0659952 ] ] ], [ [ [ 101.4491061, 3.0667739 ], [ 101.4495238, 3.066933 ], [ 101.4497134, 3.0661972 ], [ 101.4492415, 3.0660591 ], [ 101.4490605, 3.0666895 ], [ 101.4491061, 3.0667739 ] ] ], [ [ [ 101.4539705, 3.0669531 ], [ 101.4535525, 3.0668319 ], [ 101.4534148, 3.0673051 ], [ 101.453833, 3.0674264 ], [ 101.4539705, 3.0669531 ] ] ], [ [ [ 101.4549072, 3.0673552 ], [ 101.4547137, 3.0672985 ], [ 101.4548408, 3.066875 ], [ 101.4546867, 3.066832 ], [ 101.4545754, 3.0672232 ], [ 101.4544152, 3.0674674 ], [ 101.454442, 3.0675793 ], [ 101.4545332, 3.0676685 ], [ 101.4549063, 3.0675514 ], [ 101.4549072, 3.0673552 ] ] ], [ [ [ 101.491061794090257, 3.06815970714404 ], [ 101.491128198387216, 3.067748748653178 ], [ 101.4910546, 3.0677073 ], [ 101.491061794090257, 3.06815970714404 ] ] ], [ [ [ 101.5171835, 3.0686519 ], [ 101.5178784, 3.0680258 ], [ 101.5176926, 3.0674147 ], [ 101.517062700000011, 3.0682012 ], [ 101.5167843, 3.0688849 ], [ 101.5169845, 3.0689188 ], [ 101.5171835, 3.0686519 ] ] ], [ [ [ 101.4867933, 3.0689841 ], [ 101.4868017, 3.0679681 ], [ 101.4859561, 3.0679332 ], [ 101.4859337, 3.0689716 ], [ 101.4867933, 3.0689841 ] ] ], [ [ [ 101.4903399, 3.0691334 ], [ 101.490729691161249, 3.069144049420224 ], [ 101.490746677086733, 3.069107727583328 ], [ 101.4903399, 3.0691334 ] ] ], [ [ [ 101.4491656, 3.0686934 ], [ 101.4488399, 3.0697767 ], [ 101.449356, 3.0699316 ], [ 101.449682, 3.0688483 ], [ 101.4491656, 3.0686934 ] ] ], [ [ [ 101.489912, 3.0697446 ], [ 101.4898801, 3.0693561 ], [ 101.4898673, 3.0697462 ], [ 101.489912, 3.0697446 ] ] ], [ [ [ 101.516661012079766, 3.070327188190681 ], [ 101.5168592, 3.0694005 ], [ 101.5168564, 3.0692307 ], [ 101.516657522633352, 3.069142751239186 ], [ 101.516661012079766, 3.070327188190681 ] ] ], [ [ [ 101.4899088, 3.0697972 ], [ 101.4898578, 3.0698259 ], [ 101.4899056, 3.0699103 ], [ 101.490294584889867, 3.069882153589275 ], [ 101.4899407, 3.0698704 ], [ 101.4899088, 3.0697972 ] ] ], [ [ [ 101.447988951548723, 3.071278084415577 ], [ 101.4484147, 3.0714772 ], [ 101.4485889, 3.0708699 ], [ 101.4478594, 3.0706614 ], [ 101.447745808443287, 3.071057567645679 ], [ 101.447988951548723, 3.071278084415577 ] ] ], [ [ [ 101.5192911, 3.0708958 ], [ 101.5191764, 3.0715982 ], [ 101.5192589, 3.0716176 ], [ 101.5194158, 3.0709199 ], [ 101.5192911, 3.0708958 ] ] ], [ [ [ 101.521694478441646, 3.074198263276535 ], [ 101.522426101544468, 3.074043428573379 ], [ 101.522480333893128, 3.074023776227425 ], [ 101.5217466, 3.0738807 ], [ 101.521694478441646, 3.074198263276535 ] ] ], [ [ [ 101.5775392, 3.1516581 ], [ 101.5772523, 3.1519572 ], [ 101.5777719, 3.1523842 ], [ 101.5781418, 3.1519374 ], [ 101.5784179, 3.1519302 ], [ 101.5784197, 3.1514329 ], [ 101.5781179, 3.1514444 ], [ 101.5781003, 3.1518059 ], [ 101.5778441, 3.1519176 ], [ 101.5775392, 3.1516581 ] ] ], [ [ [ 101.560239530539846, 3.16924136134216 ], [ 101.560178053239341, 3.170566066785913 ], [ 101.560352126409143, 3.171434490953403 ], [ 101.560521124061964, 3.171892506424021 ], [ 101.5605086, 3.1708112 ], [ 101.5616727, 3.1707309 ], [ 101.5626919, 3.1702917 ], [ 101.5622145, 3.1687598 ], [ 101.5621555, 3.1676511 ], [ 101.560887083070369, 3.167643948661036 ], [ 101.560493276229963, 3.168392997671209 ], [ 101.560239530539846, 3.16924136134216 ] ] ], [ [ [ 101.574377, 3.1731988 ], [ 101.5740833, 3.1730488 ], [ 101.5736876, 3.1732389 ], [ 101.5737694, 3.1733822 ], [ 101.574292500000013, 3.173555 ], [ 101.574377, 3.1731988 ] ] ], [ [ [ 101.5758784, 3.1757166 ], [ 101.5762464, 3.1755135 ], [ 101.5759702, 3.1750147 ], [ 101.5756023, 3.1752177 ], [ 101.5758784, 3.1757166 ] ] ], [ [ [ 101.5788, 3.1995897 ], [ 101.5789847, 3.1996085 ], [ 101.57888650000001, 3.1976648 ], [ 101.57879370000002, 3.1972065 ], [ 101.5786358, 3.1972381 ], [ 101.5787504, 3.1979645 ], [ 101.5786921, 3.1982156 ], [ 101.5788, 3.1995897 ] ] ], [ [ [ 101.5790918, 3.1999916 ], [ 101.5790631, 3.1996904 ], [ 101.5788524, 3.1997025 ], [ 101.5788545, 3.2000767 ], [ 101.5790918, 3.1999916 ] ] ], [ [ [ 101.582745666048311, 3.025488759965087 ], [ 101.582744, 3.0256347 ], [ 101.58322853238721, 3.025633146037046 ], [ 101.583005586249016, 3.02555355198953 ], [ 101.582745666048311, 3.025488759965087 ] ] ], [ [ [ 101.582289612578109, 3.025404605831347 ], [ 101.5822285, 3.0297076 ], [ 101.5827187, 3.0300828 ], [ 101.5827354, 3.0258149 ], [ 101.582745562561342, 3.025488734168189 ], [ 101.582289612578109, 3.025404605831347 ] ] ], [ [ [ 101.5850883, 3.0292505 ], [ 101.5858795, 3.0292425 ], [ 101.586137262202698, 3.029120252956519 ], [ 101.585895498839221, 3.028241431830065 ], [ 101.5849494, 3.0282497 ], [ 101.5849569, 3.0290336 ], [ 101.5850856, 3.0290336 ], [ 101.5850883, 3.0292505 ] ] ], [ [ [ 101.585055, 3.0293637 ], [ 101.585055, 3.0298257 ], [ 101.585456, 3.0298257 ], [ 101.585456, 3.0293637 ], [ 101.585055, 3.0293637 ] ] ], [ [ [ 101.582712, 3.0318812 ], [ 101.5827107, 3.0305562 ], [ 101.582236800000018, 3.0302888 ], [ 101.5822541, 3.0318763 ], [ 101.582712, 3.0318812 ] ] ], [ [ [ 101.5821664, 3.0320985 ], [ 101.5822099, 3.0336013 ], [ 101.5826892, 3.0335968 ], [ 101.5827087, 3.0320796 ], [ 101.5821664, 3.0320985 ] ] ], [ [ [ 101.5840442, 3.0320802 ], [ 101.5840343, 3.0336298 ], [ 101.5853132, 3.0336254 ], [ 101.5853125, 3.0320718 ], [ 101.5840442, 3.0320802 ] ] ], [ [ [ 101.5801157, 3.0335335 ], [ 101.5801181, 3.0328363 ], [ 101.5793382, 3.0328339 ], [ 101.5797912, 3.0333959 ], [ 101.5797888, 3.0335288 ], [ 101.5801157, 3.0335335 ] ] ], [ [ [ 101.579691899416105, 3.033914117673063 ], [ 101.5796327, 3.0337157 ], [ 101.579445392678991, 3.033777843111145 ], [ 101.579691899416105, 3.033914117673063 ] ] ], [ [ [ 101.5822406, 3.0337585 ], [ 101.582239687691057, 3.034365354298306 ], [ 101.582676090324085, 3.034291225137191 ], [ 101.582686, 3.0337648 ], [ 101.5822406, 3.0337585 ] ] ], [ [ [ 101.5859896, 3.0349289 ], [ 101.5859662, 3.0357172 ], [ 101.5875616, 3.0356858 ], [ 101.5876066, 3.0349259 ], [ 101.5859896, 3.0349289 ] ] ], [ [ [ 101.5855175, 3.0376181 ], [ 101.5855202, 3.0369645 ], [ 101.5854719, 3.0369351 ], [ 101.5843731456321, 3.037168647042493 ], [ 101.584654951601948, 3.037633423878014 ], [ 101.5855175, 3.0376181 ] ] ], [ [ [ 101.590245, 3.0384196 ], [ 101.590249, 3.0383513 ], [ 101.5901166, 3.0383472 ], [ 101.5901164, 3.0384142 ], [ 101.590245, 3.0384196 ] ] ], [ [ [ 101.587057, 3.0456052 ], [ 101.587061751935607, 3.044948720275317 ], [ 101.586521247995734, 3.045605200105538 ], [ 101.587057, 3.0456052 ] ] ], [ [ [ 101.5919131, 3.0457052 ], [ 101.5921085, 3.0456545 ], [ 101.592109, 3.045708 ], [ 101.5922171, 3.0457071 ], [ 101.5922154, 3.0455113 ], [ 101.5919114, 3.0455143 ], [ 101.5919131, 3.0457052 ] ] ], [ [ [ 101.5911956, 3.0507905 ], [ 101.5917026, 3.050753 ], [ 101.591492300000013, 3.0499221 ], [ 101.5908657, 3.0504156 ], [ 101.5911956, 3.0507905 ] ] ], [ [ [ 101.589344400000016, 3.0526435 ], [ 101.5902032, 3.0526225 ], [ 101.5901845, 3.051152 ], [ 101.5901362, 3.0510824 ], [ 101.5886636, 3.0523386 ], [ 101.5890043, 3.052751 ], [ 101.589344400000016, 3.0526435 ] ] ], [ [ [ 101.59107280000002, 3.0552635 ], [ 101.5910718, 3.0559049 ], [ 101.5912126, 3.0559052 ], [ 101.5912136, 3.0552637 ], [ 101.59107280000002, 3.0552635 ] ] ], [ [ [ 101.581918500000015, 3.0671899 ], [ 101.5823524, 3.0671919 ], [ 101.5823637, 3.0666278 ], [ 101.5819214, 3.0666284 ], [ 101.581918500000015, 3.0671899 ] ] ], [ [ [ 101.590392572861077, 3.066562410095023 ], [ 101.5894672, 3.0665655 ], [ 101.5894701, 3.0674069 ], [ 101.590429356791319, 3.067403528351803 ], [ 101.590392572861077, 3.066562410095023 ] ] ], [ [ [ 101.5858383, 3.0678733 ], [ 101.5850817, 3.0678641 ], [ 101.5850676, 3.0690146 ], [ 101.5858243, 3.0690238 ], [ 101.5858383, 3.0678733 ] ] ], [ [ [ 101.5833818, 3.0786091 ], [ 101.5838119, 3.0788447 ], [ 101.5840065, 3.0784872 ], [ 101.583386, 3.0784893 ], [ 101.5833818, 3.0786091 ] ] ], [ [ [ 101.588995214479198, 3.079318968259589 ], [ 101.5889933, 3.0787017 ], [ 101.5882136, 3.0786945 ], [ 101.5882096, 3.0798256 ], [ 101.588489469695858, 3.079723223498855 ], [ 101.588995214479198, 3.079318968259589 ] ] ], [ [ [ 101.587032, 3.0801479 ], [ 101.5867402, 3.0801518 ], [ 101.5867445, 3.0804678 ], [ 101.5870363, 3.0804638 ], [ 101.587032, 3.0801479 ] ] ], [ [ [ 101.5843096, 3.0832847 ], [ 101.584471500000021, 3.083022 ], [ 101.5842623, 3.0828935 ], [ 101.5841004, 3.0831561 ], [ 101.5843096, 3.0832847 ] ] ], [ [ [ 101.585765, 3.083858 ], [ 101.5853157, 3.0838557 ], [ 101.5851822, 3.0836765 ], [ 101.5851765, 3.0838302 ], [ 101.5854823, 3.0839775 ], [ 101.5857244, 3.0839671 ], [ 101.5857945, 3.0839096 ], [ 101.585765, 3.083858 ] ] ], [ [ [ 101.5859083, 3.0839769 ], [ 101.5856593, 3.0840468 ], [ 101.585943, 3.0841674 ], [ 101.5859083, 3.0839769 ] ] ], [ [ [ 101.586109, 3.0842373 ], [ 101.586680900000019, 3.0843304 ], [ 101.586813, 3.0843203 ], [ 101.5859655, 3.0840555 ], [ 101.586109, 3.0842373 ] ] ], [ [ [ 101.58455309048766, 3.08739232991908 ], [ 101.584659066672103, 3.087535246154317 ], [ 101.584804811032257, 3.087696108057863 ], [ 101.5848067, 3.0873877 ], [ 101.58455309048766, 3.08739232991908 ] ] ], [ [ [ 101.5872315, 3.0875537 ], [ 101.5872207, 3.0882956 ], [ 101.5876839, 3.0882924 ], [ 101.587676700000017, 3.0875484 ], [ 101.5872315, 3.0875537 ] ] ], [ [ [ 101.5859809, 3.0883345 ], [ 101.5860399, 3.0881744 ], [ 101.5851346, 3.0879963 ], [ 101.5859809, 3.0883345 ] ] ], [ [ [ 101.587527524735265, 3.089133310841806 ], [ 101.588237604036621, 3.089173713462257 ], [ 101.5882298, 3.0888517 ], [ 101.5876321, 3.0888436 ], [ 101.587527524735265, 3.089133310841806 ] ] ], [ [ [ 101.5920474, 3.0905146 ], [ 101.592117744092931, 3.090476374092225 ], [ 101.592037135699371, 3.090447603261665 ], [ 101.5920474, 3.0905146 ] ] ], [ [ [ 101.5921159, 3.0906346 ], [ 101.5920254, 3.0906343 ], [ 101.5920237, 3.0911472 ], [ 101.5921142, 3.0911475 ], [ 101.5921159, 3.0906346 ] ] ], [ [ [ 101.586896681942108, 3.091101489735841 ], [ 101.5865636, 3.0920426 ], [ 101.58741790000002, 3.0924376 ], [ 101.58753320000001, 3.0923707 ], [ 101.5882011, 3.0924363 ], [ 101.588253191974601, 3.090777103112485 ], [ 101.587723263790792, 3.09084809997529 ], [ 101.586896681942108, 3.091101489735841 ] ] ], [ [ [ 101.5926951, 3.0915002 ], [ 101.5929513, 3.0912351 ], [ 101.5929291, 3.0911782 ], [ 101.5928131, 3.091211 ], [ 101.5926951, 3.0915002 ] ] ], [ [ [ 101.5921902, 3.0915491 ], [ 101.5924758, 3.0913449 ], [ 101.5924457, 3.0911259 ], [ 101.592048, 3.0914125 ], [ 101.5920735, 3.0916362 ], [ 101.5921681, 3.0916522 ], [ 101.5921902, 3.0915491 ] ] ], [ [ [ 101.5926334, 3.091517 ], [ 101.592509400000012, 3.0916556 ], [ 101.5925644, 3.0917038 ], [ 101.5926871, 3.0915712 ], [ 101.5926334, 3.091517 ] ] ], [ [ [ 101.586043816607159, 3.09157224307078 ], [ 101.585602, 3.0919636 ], [ 101.586245700000021, 3.092214 ], [ 101.5864509, 3.0917279 ], [ 101.586043816607159, 3.09157224307078 ] ] ], [ [ [ 101.5928408, 3.0931275 ], [ 101.5927883, 3.0930981 ], [ 101.5927127, 3.0932329 ], [ 101.5927652, 3.0932623 ], [ 101.5928408, 3.0931275 ] ] ], [ [ [ 101.5934354, 3.0931273 ], [ 101.593310700000018, 3.0931253 ], [ 101.5931947, 3.0933021 ], [ 101.5933623, 3.0933309 ], [ 101.5934354, 3.0931273 ] ] ], [ [ [ 101.5926743, 3.0934313 ], [ 101.5926287, 3.0933322 ], [ 101.5924839, 3.0936362 ], [ 101.5926227, 3.0935726 ], [ 101.5926743, 3.0934313 ] ] ], [ [ [ 101.5917444, 3.093532 ], [ 101.5916716, 3.0935078 ], [ 101.5916342, 3.0936198 ], [ 101.591707, 3.0936441 ], [ 101.5917444, 3.093532 ] ] ], [ [ [ 101.591609, 3.093648 ], [ 101.591517200000013, 3.0939035 ], [ 101.5915979, 3.0939324 ], [ 101.5916897, 3.0936768 ], [ 101.591609, 3.093648 ] ] ], [ [ [ 101.5923471, 3.0937734 ], [ 101.5923297, 3.0939127 ], [ 101.5923719, 3.0939589 ], [ 101.5924571, 3.093756 ], [ 101.5923471, 3.0937734 ] ] ], [ [ [ 101.5848389, 3.0938625 ], [ 101.584429459135407, 3.093627542411007 ], [ 101.58430673150562, 3.093975011042365 ], [ 101.5847209, 3.094137 ], [ 101.584861700000019, 3.0939603 ], [ 101.5848389, 3.0938625 ] ] ], [ [ [ 101.5917946, 3.0941464 ], [ 101.591987, 3.0939495 ], [ 101.5918878, 3.0938886 ], [ 101.5916866, 3.0940654 ], [ 101.5917946, 3.0941464 ] ] ], [ [ [ 101.5915145, 3.0939436 ], [ 101.5914683, 3.0940847 ], [ 101.5915342, 3.0941062 ], [ 101.5915804, 3.0939651 ], [ 101.5915145, 3.0939436 ] ] ], [ [ [ 101.5928802, 3.0940794 ], [ 101.5928708, 3.0938906 ], [ 101.5927568, 3.0938906 ], [ 101.5926723, 3.0941343 ], [ 101.5928011, 3.0941638 ], [ 101.5928802, 3.0940794 ] ] ], [ [ [ 101.5858103, 3.0944957 ], [ 101.5864657, 3.0946459 ], [ 101.5866776, 3.0942589 ], [ 101.5861988, 3.0940466 ], [ 101.5862236, 3.0939804 ], [ 101.5860814, 3.093908 ], [ 101.5858103, 3.0944957 ] ] ], [ [ [ 101.5926235, 3.0943088 ], [ 101.5924094, 3.0943712 ], [ 101.5924321, 3.0944487 ], [ 101.5926462, 3.0943863 ], [ 101.5926235, 3.0943088 ] ] ], [ [ [ 101.5922794, 3.0943915 ], [ 101.5920728, 3.0944959 ], [ 101.5920822, 3.0945682 ], [ 101.5922539, 3.0945629 ], [ 101.5923719, 3.0944156 ], [ 101.5922794, 3.0943915 ] ] ], [ [ [ 101.5912896, 3.094757 ], [ 101.5914841, 3.094587 ], [ 101.5913929, 3.0944852 ], [ 101.591232, 3.094674 ], [ 101.5912896, 3.094757 ] ] ], [ [ [ 101.5868093, 3.0961743 ], [ 101.5873242, 3.0961163 ], [ 101.5878362, 3.0957185 ], [ 101.5876678, 3.0955078 ], [ 101.5853253, 3.0944715 ], [ 101.584689700000013, 3.0956429 ], [ 101.5848042, 3.0959284 ], [ 101.5860396, 3.0965607 ], [ 101.5867224, 3.0967209 ], [ 101.5868093, 3.0961743 ] ] ], [ [ [ 101.5922782, 3.0966686 ], [ 101.5921875, 3.0968061 ], [ 101.5923518, 3.0969225 ], [ 101.5924231, 3.0968311 ], [ 101.5922782, 3.0966686 ] ] ], [ [ [ 101.5879067, 3.0977099 ], [ 101.5881246, 3.097598 ], [ 101.5880254, 3.0974019 ], [ 101.5878098, 3.0973517 ], [ 101.5877562, 3.09759 ], [ 101.5878725, 3.0976181 ], [ 101.5879067, 3.0977099 ] ] ], [ [ [ 101.5928555, 3.0981287 ], [ 101.5926081, 3.098281 ], [ 101.5925829, 3.0985124 ], [ 101.5927355, 3.0984857 ], [ 101.5928555, 3.0981287 ] ] ], [ [ [ 101.5924587, 3.0983806 ], [ 101.5925231, 3.0981713 ], [ 101.5920745, 3.0984579 ], [ 101.5924406, 3.0988328 ], [ 101.5925682, 3.0987062 ], [ 101.5924587, 3.0983806 ] ] ], [ [ [ 101.592706193481263, 3.098733393302342 ], [ 101.5927225, 3.0985768 ], [ 101.592615, 3.0985856 ], [ 101.592706193481263, 3.098733393302342 ] ] ], [ [ [ 101.591308634249714, 3.101601921457464 ], [ 101.5913739, 3.1017132 ], [ 101.5914571, 3.1016622 ], [ 101.591415750875242, 3.101606947069727 ], [ 101.591308634249714, 3.101601921457464 ] ] ], [ [ [ 101.5887422, 3.1029643 ], [ 101.5888575, 3.1029198 ], [ 101.588805100000016, 3.1028052 ], [ 101.5887049, 3.1028422 ], [ 101.5887422, 3.1029643 ] ] ], [ [ [ 101.584031056756061, 3.104791447202019 ], [ 101.583822530493237, 3.104923934251641 ], [ 101.5839638, 3.1049709 ], [ 101.584031056756061, 3.104791447202019 ] ] ], [ [ [ 101.5842982, 3.1050115 ], [ 101.5842339, 3.1050571 ], [ 101.5842627, 3.1050993 ], [ 101.5843371, 3.1050841 ], [ 101.5842982, 3.1050115 ] ] ], [ [ [ 101.5843624, 3.105209 ], [ 101.5843168, 3.1052749 ], [ 101.5843912, 3.1053103 ], [ 101.5844182, 3.1052732 ], [ 101.5843624, 3.105209 ] ] ], [ [ [ 101.5846074, 3.1055336 ], [ 101.584702, 3.1055311 ], [ 101.5846, 3.1054091 ], [ 101.5845521, 3.1054473 ], [ 101.5846074, 3.1055336 ] ] ], [ [ [ 101.5848294, 3.1056357 ], [ 101.5847448, 3.1056652 ], [ 101.5848079, 3.1056974 ], [ 101.5848294, 3.1056357 ] ] ], [ [ [ 101.5847791, 3.1058511 ], [ 101.5847775, 3.1057482 ], [ 101.58472, 3.1058106 ], [ 101.5847791, 3.1058511 ] ] ], [ [ [ 101.5840174, 3.1064926 ], [ 101.5841077, 3.1065607 ], [ 101.5842303, 3.1065366 ], [ 101.5841558, 3.1061815 ], [ 101.583749800000021, 3.1056982 ], [ 101.583507591791204, 3.105160615479713 ], [ 101.583321579744052, 3.105330924967252 ], [ 101.5839391, 3.1062298 ], [ 101.5840174, 3.1064926 ] ] ], [ [ [ 101.5851093, 3.1061956 ], [ 101.5850849, 3.1061227 ], [ 101.5850529, 3.1061163 ], [ 101.5850555, 3.1062045 ], [ 101.5851093, 3.1061956 ] ] ], [ [ [ 101.5846476, 3.1067676 ], [ 101.5847923, 3.106659 ], [ 101.5847478, 3.1064846 ], [ 101.5846022, 3.1065219 ], [ 101.5846476, 3.1067676 ] ] ], [ [ [ 101.5868187, 3.1080708 ], [ 101.586695, 3.108127 ], [ 101.586962600000021, 3.1087872 ], [ 101.586982300000017, 3.10858 ], [ 101.5868187, 3.1080708 ] ] ], [ [ [ 101.58962632655323, 3.150802512941827 ], [ 101.58996559966576, 3.151620091600648 ], [ 101.590615293215251, 3.152530073693787 ], [ 101.590434, 3.1502405 ], [ 101.590316, 3.1501589 ], [ 101.5898929, 3.1501742 ], [ 101.5897018, 3.1500551 ], [ 101.589470998677768, 3.150059018541876 ], [ 101.58962632655323, 3.150802512941827 ] ] ], [ [ [ 101.59025133516144, 3.196058972702566 ], [ 101.590065415495616, 3.196178866268523 ], [ 101.590254, 3.1961708 ], [ 101.59025133516144, 3.196058972702566 ] ] ], [ [ [ 101.592440300000021, 2.9988094 ], [ 101.59251, 2.999155 ], [ 101.5939745, 2.9993103 ], [ 101.593652700000021, 2.9983353 ], [ 101.592440300000021, 2.9988094 ] ] ], [ [ [ 101.5980212, 2.9989 ], [ 101.5969569, 2.9993071 ], [ 101.5972638, 3.0000678 ], [ 101.5981242, 2.9997271 ], [ 101.5981672, 2.9996435 ], [ 101.5980212, 2.9989 ] ] ], [ [ [ 101.6017199, 3.0091485 ], [ 101.6024374, 3.0091525 ], [ 101.602474, 3.0085374 ], [ 101.6017686, 3.0085314 ], [ 101.6017138, 3.0084684 ], [ 101.6017199, 3.0091485 ] ] ], [ [ [ 101.60587790000001, 3.010486 ], [ 101.6066278, 3.010544 ], [ 101.6068433, 3.01083 ], [ 101.6070874, 3.0107344 ], [ 101.6072073, 3.0104852 ], [ 101.6074221, 3.0104805 ], [ 101.6074181, 3.0113606 ], [ 101.607931534189774, 3.011352801008913 ], [ 101.6080424, 3.0111765 ], [ 101.608347275171539, 3.010944234990906 ], [ 101.6083291, 3.0106759 ], [ 101.608590035079388, 3.010651946231045 ], [ 101.608833, 3.0100319 ], [ 101.608314, 3.0097008 ], [ 101.607733300000021, 3.0091207 ], [ 101.6076194, 3.0092014 ], [ 101.6074375, 3.0096881 ], [ 101.607504, 3.009862 ], [ 101.607972, 3.0101122 ], [ 101.6075189, 3.0103136 ], [ 101.6072606, 3.0102111 ], [ 101.6071721, 3.0102429 ], [ 101.6071155, 3.0104762 ], [ 101.6069067, 3.0107272 ], [ 101.6065952, 3.0104691 ], [ 101.606156400000017, 3.0104868 ], [ 101.6060095, 3.0103772 ], [ 101.6059706, 3.0102434 ], [ 101.605968, 3.010106 ], [ 101.6060891, 3.010038 ], [ 101.6061033, 3.0099496 ], [ 101.6060077, 3.0098047 ], [ 101.605996, 3.0091306 ], [ 101.6060929, 3.00877 ], [ 101.606553, 3.0088199 ], [ 101.6068643, 3.0086751 ], [ 101.607065, 3.0086753 ], [ 101.6076382, 3.0091869 ], [ 101.6077303, 3.0091146 ], [ 101.606997, 3.0083168 ], [ 101.6067296, 3.0081362 ], [ 101.606507, 3.0081698 ], [ 101.6064933, 3.008283 ], [ 101.6058887, 3.0082413 ], [ 101.60587790000001, 3.010486 ] ] ], [ [ [ 101.6045058, 3.0110489 ], [ 101.604504, 3.0113069 ], [ 101.6045713, 3.0113688 ], [ 101.6053357, 3.0113635 ], [ 101.6053003, 3.0110666 ], [ 101.6045058, 3.0110489 ] ] ], [ [ [ 101.6030066, 3.0115398 ], [ 101.603010064774779, 3.011949866795697 ], [ 101.60336892242168, 3.012112730300975 ], [ 101.6037485, 3.0121132 ], [ 101.6037414, 3.0115357 ], [ 101.6030066, 3.0115398 ] ] ], [ [ [ 101.6069895, 3.0114575 ], [ 101.6060812, 3.0114832 ], [ 101.6060251, 3.0115368 ], [ 101.606025099865676, 3.012313213044027 ], [ 101.607025999806922, 3.011952161013109 ], [ 101.6069895, 3.0114575 ] ] ], [ [ [ 101.609273358627149, 3.014389224160055 ], [ 101.609207460449525, 3.014478999829293 ], [ 101.6092017, 3.015217 ], [ 101.6096185, 3.0152312 ], [ 101.609775, 3.0144395 ], [ 101.609273358627149, 3.014389224160055 ] ] ], [ [ [ 101.6088825, 3.0179167 ], [ 101.6089518, 3.0171244 ], [ 101.608361992944637, 3.017081804131477 ], [ 101.60843706398559, 3.017926281935722 ], [ 101.6088825, 3.0179167 ] ] ], [ [ [ 101.6149832, 3.0195243 ], [ 101.614775, 3.0195787 ], [ 101.6148689, 3.0200662 ], [ 101.61679195167001, 3.019729431135576 ], [ 101.616629090122672, 3.019560615978283 ], [ 101.617149183233394, 3.018441390849152 ], [ 101.6146516, 3.0188903 ], [ 101.614716, 3.0194019 ], [ 101.614952, 3.0193671 ], [ 101.6149832, 3.0195243 ] ] ], [ [ [ 101.6118031, 3.025869 ], [ 101.6119977, 3.0269728 ], [ 101.6124033, 3.0269045 ], [ 101.6123998, 3.02579 ], [ 101.611849500000019, 3.0258087 ], [ 101.6118031, 3.025869 ] ] ], [ [ [ 101.6183855, 3.0296965 ], [ 101.6188039, 3.0301063 ], [ 101.618525, 3.0303956 ], [ 101.6188729, 3.0307463 ], [ 101.6191333, 3.0308455 ], [ 101.61932732737651, 3.030100995968988 ], [ 101.618819588211935, 3.029634253810272 ], [ 101.6183855, 3.0296965 ] ] ], [ [ [ 101.61205288292733, 3.031147992938418 ], [ 101.6124336, 3.0319612 ], [ 101.6129298, 3.0316773 ], [ 101.6129398, 3.0308792 ], [ 101.612081612190778, 3.03108654423828 ], [ 101.61205288292733, 3.031147992938418 ] ] ], [ [ [ 101.620306675385606, 3.034650539651446 ], [ 101.620381097152446, 3.034415871310289 ], [ 101.6202988, 3.034419 ], [ 101.620306675385606, 3.034650539651446 ] ] ], [ [ [ 101.612493698883981, 3.035940242391798 ], [ 101.612886290591803, 3.036396991239789 ], [ 101.612976056203976, 3.036478385347573 ], [ 101.6131123, 3.036252 ], [ 101.6131078, 3.0358977 ], [ 101.612493698883981, 3.035940242391798 ] ] ], [ [ [ 101.625098600768254, 3.046361579267711 ], [ 101.624515489999027, 3.045357709144504 ], [ 101.6243456, 3.0453905 ], [ 101.6247304, 3.0463491 ], [ 101.625231082256491, 3.046730961523285 ], [ 101.625098600768254, 3.046361579267711 ] ] ], [ [ [ 101.5931362, 3.0469767 ], [ 101.5931368, 3.0474192 ], [ 101.5938561, 3.0474182 ], [ 101.5938555, 3.0469755 ], [ 101.5931362, 3.0469767 ] ] ], [ [ [ 101.594540056989317, 3.092523329131253 ], [ 101.5944277, 3.0925861 ], [ 101.5944659, 3.0926542 ], [ 101.594580226857545, 3.092590328618025 ], [ 101.594540056989317, 3.092523329131253 ] ] ], [ [ [ 101.5943746, 3.0925996 ], [ 101.594177500000015, 3.0927163 ], [ 101.5942208, 3.0927893 ], [ 101.594418, 3.0926725 ], [ 101.5943746, 3.0925996 ] ] ], [ [ [ 101.59413570000001, 3.0927441 ], [ 101.5939697, 3.0928413 ], [ 101.5940112, 3.0929119 ], [ 101.5941772, 3.0928147 ], [ 101.59413570000001, 3.0927441 ] ] ], [ [ [ 101.59458, 3.0928796 ], [ 101.59445, 3.09282 ], [ 101.5943232, 3.0929954 ], [ 101.594498200000018, 3.0930282 ], [ 101.59458, 3.0928796 ] ] ], [ [ [ 101.5940579, 3.0932027 ], [ 101.5941046, 3.093288 ], [ 101.59422, 3.0932251 ], [ 101.5941732, 3.0931397 ], [ 101.5940579, 3.0932027 ] ] ], [ [ [ 101.5940217, 3.0932143 ], [ 101.5938903, 3.0932853 ], [ 101.5939316, 3.0933617 ], [ 101.594063, 3.0932907 ], [ 101.5940217, 3.0932143 ] ] ], [ [ [ 101.5937296, 3.0933967 ], [ 101.5936022, 3.0934664 ], [ 101.5936446, 3.0935438 ], [ 101.593772, 3.0934741 ], [ 101.5937296, 3.0933967 ] ] ], [ [ [ 101.5930134, 3.0956135 ], [ 101.5938085, 3.09668 ], [ 101.59494778185001, 3.09594843682731 ], [ 101.595069413131995, 3.095351929846891 ], [ 101.594854, 3.0950392 ], [ 101.595109931229743, 3.094878678777425 ], [ 101.595098182027542, 3.094349243401232 ], [ 101.5930134, 3.0956135 ] ] ], [ [ [ 101.594650376908135, 3.096726811747272 ], [ 101.594726840976946, 3.096563258592222 ], [ 101.594648, 3.0965665 ], [ 101.594650376908135, 3.096726811747272 ] ] ], [ [ [ 101.594103858775711, 3.09759019454684 ], [ 101.59404170000002, 3.0974824 ], [ 101.5938863, 3.0974678 ], [ 101.5936624, 3.0976093 ], [ 101.5936477, 3.0977519 ], [ 101.593943849295101, 3.097768540006082 ], [ 101.594103858775711, 3.09759019454684 ] ] ], [ [ [ 101.624729, 3.1012334 ], [ 101.6246284, 3.1010066 ], [ 101.6244307, 3.1009872 ], [ 101.6244361, 3.1012379 ], [ 101.624729, 3.1012334 ] ] ], [ [ [ 101.6265091, 3.1036834 ], [ 101.627509, 3.1037735 ], [ 101.627536144654499, 3.103575299704104 ], [ 101.627419442723976, 3.10319580578658 ], [ 101.6271642, 3.1032044 ], [ 101.6271736, 3.1030825 ], [ 101.6265093, 3.1030569 ], [ 101.6265067, 3.1028238 ], [ 101.6266955, 3.1026702 ], [ 101.6271762, 3.1027274 ], [ 101.627186361239907, 3.10265038583759 ], [ 101.626630356729294, 3.101808241658078 ], [ 101.6262028, 3.1016982 ], [ 101.6257755, 3.101866 ], [ 101.6258285, 3.1020035 ], [ 101.6242892, 3.1026456 ], [ 101.6244321, 3.1029835 ], [ 101.623804, 3.1037659 ], [ 101.6238438, 3.1046841 ], [ 101.6240531, 3.1046715 ], [ 101.624046600000014, 3.1045135 ], [ 101.624124, 3.104395 ], [ 101.6255852, 3.1043121 ], [ 101.6255746, 3.1040761 ], [ 101.6265091, 3.1036834 ] ] ], [ [ [ 101.6260268, 3.1059831 ], [ 101.6261341, 3.1061492 ], [ 101.6269012, 3.1061224 ], [ 101.626464, 3.10571 ], [ 101.6260268, 3.1059831 ] ] ], [ [ [ 101.6092347, 3.1082832 ], [ 101.609112156576856, 3.108288785981127 ], [ 101.608761299813423, 3.108937092160683 ], [ 101.6092373, 3.1089329 ], [ 101.6092347, 3.1082832 ] ] ], [ [ [ 101.6047015, 3.1081842 ], [ 101.6042462, 3.1081568 ], [ 101.6041448, 3.1094213 ], [ 101.604531, 3.1093731 ], [ 101.6047015, 3.1081842 ] ] ], [ [ [ 101.60856673132254, 3.109444644706178 ], [ 101.608426878997236, 3.110043965750727 ], [ 101.6084607, 3.1102146 ], [ 101.6089542, 3.1101182 ], [ 101.6088121, 3.109446 ], [ 101.60856673132254, 3.109444644706178 ] ] ], [ [ [ 101.6014875, 3.1106797 ], [ 101.6022855, 3.1106945 ], [ 101.6022693, 3.1103393 ], [ 101.602226, 3.1102696 ], [ 101.6014924, 3.1102543 ], [ 101.6014875, 3.1106797 ] ] ], [ [ [ 101.6043692, 3.1102351 ], [ 101.6043646, 3.1107011 ], [ 101.6054542, 3.1107118 ], [ 101.6054588, 3.1102459 ], [ 101.6043692, 3.1102351 ] ] ], [ [ [ 101.6129739, 3.1111429 ], [ 101.6126765, 3.1112513 ], [ 101.6130413, 3.1113986 ], [ 101.6130735, 3.111337 ], [ 101.6129739, 3.1111429 ] ] ], [ [ [ 101.59550683201428, 3.111644616663574 ], [ 101.5950535, 3.1113556 ], [ 101.5949345, 3.1120225 ], [ 101.595525760759571, 3.11215970642151 ], [ 101.59550683201428, 3.111644616663574 ] ] ], [ [ [ 101.6171107, 3.1120124 ], [ 101.61723250933106, 3.111800648006898 ], [ 101.6171304, 3.111665 ], [ 101.6169416, 3.1118026 ], [ 101.6171107, 3.1120124 ] ] ], [ [ [ 101.6147176, 3.1125451 ], [ 101.6152024, 3.112458 ], [ 101.6150293, 3.1113955 ], [ 101.6143764, 3.1115111 ], [ 101.614257400000014, 3.1117568 ], [ 101.6147176, 3.1125451 ] ] ], [ [ [ 101.599845547756502, 3.111925335633121 ], [ 101.599805193000748, 3.11249759841275 ], [ 101.5999451, 3.1125903 ], [ 101.6000349, 3.1125274 ], [ 101.6000188, 3.1119288 ], [ 101.599845547756502, 3.111925335633121 ] ] ], [ [ [ 101.6135934, 3.112799 ], [ 101.6137102, 3.1129952 ], [ 101.6140823, 3.1127745 ], [ 101.6139655, 3.1125782 ], [ 101.6135934, 3.112799 ] ] ], [ [ [ 101.609169174589667, 3.113370038267912 ], [ 101.609388175629547, 3.113665341911787 ], [ 101.609432990749795, 3.113714799941862 ], [ 101.6095981, 3.1133216 ], [ 101.609169174589667, 3.113370038267912 ] ] ], [ [ [ 101.6085068, 3.1138318 ], [ 101.60859639310894, 3.113822264118785 ], [ 101.608697340652711, 3.113423321979171 ], [ 101.608473500000017, 3.1134486 ], [ 101.6085068, 3.1138318 ] ] ], [ [ [ 101.600151130910007, 3.114236585545374 ], [ 101.6001651, 3.1139323 ], [ 101.600029770976278, 3.113898265879984 ], [ 101.600151130910007, 3.114236585545374 ] ] ], [ [ [ 101.603276, 3.1141031 ], [ 101.6024337, 3.1142155 ], [ 101.6024034, 3.1144179 ], [ 101.6032993, 3.1143235 ], [ 101.6033388, 3.1141573 ], [ 101.603276, 3.1141031 ] ] ], [ [ [ 101.594970475838338, 3.114270476367405 ], [ 101.5947483, 3.1142937 ], [ 101.594779624314782, 3.114592353764075 ], [ 101.594970475838338, 3.114270476367405 ] ] ], [ [ [ 101.6074416, 3.1140394 ], [ 101.606851600000013, 3.1141144 ], [ 101.6069298, 3.1147895 ], [ 101.6072876, 3.1147542 ], [ 101.6072485, 3.1143769 ], [ 101.6074813, 3.1143426 ], [ 101.6074416, 3.1140394 ] ] ], [ [ [ 101.6048506, 3.1139483 ], [ 101.604577, 3.1139805 ], [ 101.6046897, 3.1150196 ], [ 101.6052476, 3.1149661 ], [ 101.6051671, 3.1143179 ], [ 101.6048989, 3.1143447 ], [ 101.6048506, 3.1139483 ] ] ], [ [ [ 101.593326910029305, 3.11597463490377 ], [ 101.593452381990318, 3.115898613767985 ], [ 101.5937036, 3.1142602 ], [ 101.5934287, 3.1142241 ], [ 101.5934649, 3.1139737 ], [ 101.5930706, 3.1139254 ], [ 101.593326910029305, 3.11597463490377 ] ] ], [ [ [ 101.6072167, 3.1156786 ], [ 101.6073902, 3.115089 ], [ 101.6073328, 3.1150042 ], [ 101.6063946, 3.1150179 ], [ 101.6064298, 3.1156694 ], [ 101.6072167, 3.1156786 ] ] ], [ [ [ 101.597785973542415, 3.120106336555857 ], [ 101.5975339, 3.1204133 ], [ 101.597998483428924, 3.120424790704702 ], [ 101.597785973542415, 3.120106336555857 ] ] ], [ [ [ 101.5965221, 3.1253159 ], [ 101.5968622, 3.1253096 ], [ 101.5968419, 3.1239054 ], [ 101.596202, 3.1239113 ], [ 101.5961603, 3.1239633 ], [ 101.5965221, 3.1253159 ] ] ], [ [ [ 101.603645, 3.1319572 ], [ 101.6057233, 3.1319308 ], [ 101.6055112, 3.1309751 ], [ 101.60362, 3.1310118 ], [ 101.603645, 3.1319572 ] ] ], [ [ [ 101.6195959, 3.1356454 ], [ 101.6195567, 3.1343178 ], [ 101.618668, 3.1343925 ], [ 101.6187793, 3.1356383 ], [ 101.6195959, 3.1356454 ] ] ], [ [ [ 101.6267042, 3.1383883 ], [ 101.626613479149711, 3.138326259577471 ], [ 101.626676139889014, 3.138430751255161 ], [ 101.6267042, 3.1383883 ] ] ], [ [ [ 101.6193362, 3.1442749 ], [ 101.6198793, 3.1435759 ], [ 101.6197814, 3.1434983 ], [ 101.618877500000011, 3.1434808 ], [ 101.6188185, 3.1435197 ], [ 101.618785, 3.1439294 ], [ 101.6192436, 3.144291 ], [ 101.6193362, 3.1442749 ] ] ], [ [ [ 101.6209744, 3.1443959 ], [ 101.620979, 3.1446527 ], [ 101.6214435, 3.1449235 ], [ 101.621391100000011, 3.143951 ], [ 101.6209744, 3.1443959 ] ] ], [ [ [ 101.6206264, 3.1446805 ], [ 101.6208563, 3.14466 ], [ 101.6208449, 3.1444373 ], [ 101.6208267, 3.1444373 ], [ 101.6206264, 3.1446805 ] ] ], [ [ [ 101.614291059179578, 3.146977448634211 ], [ 101.6145916, 3.1464885 ], [ 101.6143275, 3.1463536 ], [ 101.614159361047101, 3.146350035954369 ], [ 101.614291059179578, 3.146977448634211 ] ] ], [ [ [ 101.6183212, 3.1484351 ], [ 101.6182282, 3.1485924 ], [ 101.6181651, 3.1492322 ], [ 101.6185493, 3.1485732 ], [ 101.6183212, 3.1484351 ] ] ], [ [ [ 101.6175712, 3.1497404 ], [ 101.6175551, 3.1499892 ], [ 101.6180748, 3.1497764 ], [ 101.618197600000016, 3.1486441 ], [ 101.6175712, 3.1497404 ] ] ], [ [ [ 101.6102853, 3.1512686 ], [ 101.610436331598294, 3.150996743123607 ], [ 101.610109187546414, 3.150908228679883 ], [ 101.6101061, 3.1512616 ], [ 101.6102853, 3.1512686 ] ] ], [ [ [ 101.6061088, 3.1528517 ], [ 101.6069162, 3.1528517 ], [ 101.606913500000019, 3.1519224 ], [ 101.606100666662996, 3.15192107916287 ], [ 101.6060954, 3.1521849 ], [ 101.606259, 3.1523081 ], [ 101.6062564, 3.1524661 ], [ 101.6060927, 3.1525946 ], [ 101.6061088, 3.1528517 ] ] ], [ [ [ 101.6079934, 3.1535015 ], [ 101.608038300000018, 3.1513083 ], [ 101.6076628, 3.1513244 ], [ 101.6076126, 3.1534054 ], [ 101.6079324, 3.1534342 ], [ 101.6079934, 3.1535015 ] ] ], [ [ [ 101.6132112, 3.1562128 ], [ 101.61343558185645, 3.156385162229278 ], [ 101.613571502156205, 3.155271285464714 ], [ 101.6130742, 3.1552756 ], [ 101.6133413, 3.1556139 ], [ 101.6132112, 3.1562128 ] ] ], [ [ [ 101.608497200000016, 3.1559869 ], [ 101.6083046, 3.1560075 ], [ 101.6082882, 3.1562819 ], [ 101.6085456, 3.1561418 ], [ 101.608497200000016, 3.1559869 ] ] ], [ [ [ 101.6066426, 3.1577179 ], [ 101.6066441, 3.1583148 ], [ 101.6069484, 3.1582884 ], [ 101.6072139, 3.1581625 ], [ 101.6077772, 3.1577795 ], [ 101.6077906, 3.1576911 ], [ 101.6066426, 3.1577179 ] ] ], [ [ [ 101.607217284032316, 3.15940941294261 ], [ 101.60736708043774, 3.159480167086506 ], [ 101.607578342897, 3.159555549495754 ], [ 101.6075764, 3.1594048 ], [ 101.607217284032316, 3.15940941294261 ] ] ], [ [ [ 101.6053589, 3.1948534 ], [ 101.605358367976365, 3.19478701865355 ], [ 101.605285239909847, 3.194853979983058 ], [ 101.6053589, 3.1948534 ] ] ], [ [ [ 101.612482360744025, 3.196544384426226 ], [ 101.612396619188161, 3.19634220446599 ], [ 101.6123074, 3.1965046 ], [ 101.612482360744025, 3.196544384426226 ] ] ], [ [ [ 101.6060521, 3.2012487 ], [ 101.6062352, 3.2019633 ], [ 101.606698100000017, 3.2018977 ], [ 101.6066914, 3.2009682 ], [ 101.6060521, 3.2012487 ] ] ], [ [ [ 101.594798, 3.2031558 ], [ 101.594977218284043, 3.203735593417688 ], [ 101.595738558201404, 3.203144629207303 ], [ 101.5952482, 3.2026093 ], [ 101.594798, 3.2031558 ] ] ], [ [ [ 101.6221685, 3.2032209 ], [ 101.622098517099431, 3.20327285991292 ], [ 101.622196168631959, 3.20325804333128 ], [ 101.6221685, 3.2032209 ] ] ], [ [ [ 101.6561312, 2.9608132 ], [ 101.6563772, 2.9608804 ], [ 101.65652060328253, 2.960794668916031 ], [ 101.656047396402727, 2.960632080864903 ], [ 101.6561312, 2.9608132 ] ] ], [ [ [ 101.650490056445875, 2.966200317070088 ], [ 101.650598, 2.9662141 ], [ 101.650598, 2.9661296 ], [ 101.6505416, 2.9659289 ], [ 101.65042160507322, 2.965928341374389 ], [ 101.650490056445875, 2.966200317070088 ] ] ], [ [ [ 101.65066346121796, 2.966712442396969 ], [ 101.650932613922592, 2.967245987202057 ], [ 101.6510992, 2.9671271 ], [ 101.6511274, 2.9670492 ], [ 101.6509205, 2.9664871 ], [ 101.6506824, 2.9665571 ], [ 101.65066346121796, 2.966712442396969 ] ] ], [ [ [ 101.652742586541066, 2.968982999988893 ], [ 101.653241560288876, 2.96920266556722 ], [ 101.6532451, 2.9689745 ], [ 101.652742586541066, 2.968982999988893 ] ] ], [ [ [ 101.664634, 2.9840165 ], [ 101.6648579, 2.9841065 ], [ 101.665451290854861, 2.983909364464128 ], [ 101.665478917929121, 2.983269452012534 ], [ 101.6643007, 2.9832881 ], [ 101.6643302, 2.9836901 ], [ 101.664634, 2.9840165 ] ] ], [ [ [ 101.6619303, 2.9846717 ], [ 101.6612665, 2.9842626 ], [ 101.6612286, 2.9845808 ], [ 101.6619303, 2.9846717 ] ] ], [ [ [ 101.6618993, 2.9859719 ], [ 101.6622374, 2.9860101 ], [ 101.662304400000011, 2.9853953 ], [ 101.6623172, 2.9848634 ], [ 101.6620237, 2.9847328 ], [ 101.6618993, 2.9859719 ] ] ], [ [ [ 101.670307, 2.9859804 ], [ 101.670033244261305, 2.985608836735151 ], [ 101.669872751616708, 2.985714854154141 ], [ 101.6701775, 2.9860895 ], [ 101.670307, 2.9859804 ] ] ], [ [ [ 101.6694921, 2.9886202 ], [ 101.6697255, 2.9889015 ], [ 101.669881, 2.9887702 ], [ 101.6695565, 2.9883069 ], [ 101.6691354, 2.9884836 ], [ 101.6692668, 2.9887542 ], [ 101.6694921, 2.9886202 ] ] ], [ [ [ 101.669704, 2.9919212 ], [ 101.669931600000012, 2.9917418 ], [ 101.6696181, 2.9913069 ], [ 101.6694049, 2.9914658 ], [ 101.6696133, 2.9917454 ], [ 101.6693944, 2.9919211 ], [ 101.670318, 2.993191 ], [ 101.6707666, 2.9928353 ], [ 101.6701293, 2.9919476 ], [ 101.670033700000019, 2.9919859 ], [ 101.6700957, 2.9920957 ], [ 101.6699347, 2.9922027 ], [ 101.6698221, 2.9920556 ], [ 101.6696616, 2.9920408 ], [ 101.669704, 2.9919212 ] ] ], [ [ [ 101.6552067, 3.0511066 ], [ 101.6552094, 3.050595 ], [ 101.6545227, 3.0510986 ], [ 101.6552067, 3.0511066 ] ] ], [ [ [ 101.6587177, 3.0514762 ], [ 101.6584307, 3.0516905 ], [ 101.6581759, 3.0518057 ], [ 101.65923, 3.0518244 ], [ 101.6591817, 3.0515539 ], [ 101.658892, 3.0512325 ], [ 101.6587177, 3.0514762 ] ] ], [ [ [ 101.648414773709959, 3.052302355548155 ], [ 101.648609637666667, 3.051762057137122 ], [ 101.6479274, 3.0517439 ], [ 101.647939, 3.0523153 ], [ 101.648414773709959, 3.052302355548155 ] ] ], [ [ [ 101.6467116, 3.0522451 ], [ 101.6467411, 3.0528035 ], [ 101.6477091, 3.0527578 ], [ 101.6476751, 3.0518766 ], [ 101.6474174, 3.0517291 ], [ 101.6464139, 3.051742 ], [ 101.64633910000002, 3.0518169 ], [ 101.6467116, 3.0522451 ] ] ], [ [ [ 101.6449606, 3.0533565 ], [ 101.6455265, 3.0533458 ], [ 101.6455176, 3.052926 ], [ 101.6449472, 3.0529413 ], [ 101.6449606, 3.0533565 ] ] ], [ [ [ 101.6421648, 3.0530094 ], [ 101.6416044, 3.0530231 ], [ 101.6416227, 3.0534319 ], [ 101.6421762, 3.0534228 ], [ 101.6421648, 3.0530094 ] ] ], [ [ [ 101.6570225, 3.0544439 ], [ 101.657800400000013, 3.0548189 ], [ 101.6581035, 3.0550412 ], [ 101.6580954, 3.05461 ], [ 101.65792380000002, 3.0546046 ], [ 101.6579157, 3.0544493 ], [ 101.6570225, 3.0544439 ] ] ], [ [ [ 101.6564399, 3.0586254 ], [ 101.6564235, 3.058539 ], [ 101.6567533, 3.0582855 ], [ 101.6567321, 3.0582433 ], [ 101.6558727, 3.0587319 ], [ 101.6543737, 3.0579023 ], [ 101.6543141, 3.0580688 ], [ 101.6558894, 3.0589407 ], [ 101.6564399, 3.0586254 ] ] ], [ [ [ 101.6694465, 3.0602399 ], [ 101.6694894, 3.0594846 ], [ 101.6692749, 3.0593802 ], [ 101.6689154, 3.0601864 ], [ 101.6694465, 3.0602399 ] ] ], [ [ [ 101.6651216, 3.0604928 ], [ 101.664697, 3.0605384 ], [ 101.6646817, 3.0608691 ], [ 101.6651321, 3.0608561 ], [ 101.6651216, 3.0604928 ] ] ], [ [ [ 101.6656139, 3.063701 ], [ 101.6656155, 3.0631946 ], [ 101.665163, 3.063202 ], [ 101.665109, 3.0632975 ], [ 101.6650164, 3.0633002 ], [ 101.6650173, 3.0639181 ], [ 101.6650737, 3.0639589 ], [ 101.6654845, 3.0638647 ], [ 101.6656139, 3.063701 ] ] ], [ [ [ 101.647092711697965, 3.099970693673368 ], [ 101.647026121148485, 3.099939238006287 ], [ 101.6470581, 3.1000356 ], [ 101.647092711697965, 3.099970693673368 ] ] ], [ [ [ 101.6468415, 3.0999308 ], [ 101.6466773, 3.0999898 ], [ 101.6466491, 3.1001304 ], [ 101.6467047, 3.100196 ], [ 101.6469415, 3.1001411 ], [ 101.6469555, 3.1000373 ], [ 101.6468415, 3.0999308 ] ] ], [ [ [ 101.6466512, 3.1014341 ], [ 101.646386100000015, 3.1037735 ], [ 101.6478675, 3.1035434 ], [ 101.6479439, 3.1034655 ], [ 101.6479131, 3.1032646 ], [ 101.6473155, 3.1013765 ], [ 101.6466512, 3.1014341 ] ] ], [ [ [ 101.648991796631208, 3.10658702520682 ], [ 101.649405239889575, 3.105804762175679 ], [ 101.649658922646097, 3.104956448931066 ], [ 101.649743096570035, 3.10407468548597 ], [ 101.649726624052221, 3.103754020212876 ], [ 101.6496279, 3.1037229 ], [ 101.6493545, 3.1037 ], [ 101.6483667, 3.1038447 ], [ 101.648229, 3.1045689 ], [ 101.647534600000014, 3.1060216 ], [ 101.6475395, 3.1061329 ], [ 101.647722700000017, 3.106305 ], [ 101.648660795124414, 3.107020899940772 ], [ 101.648991796631208, 3.10658702520682 ] ] ], [ [ [ 101.6382789, 3.1075313 ], [ 101.6379684, 3.1070429 ], [ 101.6379538, 3.1067737 ], [ 101.6376917, 3.1067427 ], [ 101.6376937, 3.1070086 ], [ 101.6378014, 3.1073436 ], [ 101.638101500000019, 3.1076596 ], [ 101.6382789, 3.1075313 ] ] ], [ [ [ 101.638946178321717, 3.10868024369147 ], [ 101.6398188, 3.1082267 ], [ 101.639727800000017, 3.1080522 ], [ 101.638242143962302, 3.108824366871894 ], [ 101.638946178321717, 3.10868024369147 ] ] ], [ [ [ 101.666548800000015, 3.1122562 ], [ 101.6668527, 3.1122512 ], [ 101.666775302246918, 3.111367331063426 ], [ 101.666265645312421, 3.111633829437626 ], [ 101.6662739, 3.1121116 ], [ 101.666548800000015, 3.1122562 ] ] ], [ [ [ 101.6685693, 3.1121155 ], [ 101.6678758, 3.1121231 ], [ 101.667872100000011, 3.1117877 ], [ 101.6677104, 3.1117895 ], [ 101.6677141, 3.1121316 ], [ 101.6669638, 3.1121398 ], [ 101.666966300000013, 3.112372 ], [ 101.668572, 3.1123544 ], [ 101.6685693, 3.1121155 ] ] ], [ [ [ 101.657964846124216, 3.112020128571343 ], [ 101.6583653, 3.1130218 ], [ 101.65920650000001, 3.1135013 ], [ 101.6588384, 3.1127993 ], [ 101.658362901864635, 3.111528765881181 ], [ 101.657964846124216, 3.112020128571343 ] ] ], [ [ [ 101.6635676, 3.1132085 ], [ 101.6634996, 3.1130852 ], [ 101.6632321, 3.1132135 ], [ 101.6633441, 3.1133012 ], [ 101.6635676, 3.1132085 ] ] ], [ [ [ 101.6578994, 3.1138367 ], [ 101.6575785, 3.1136392 ], [ 101.6576108, 3.1134821 ], [ 101.6575227, 3.1134543 ], [ 101.6574985, 3.1136626 ], [ 101.657618, 3.1140064 ], [ 101.6578994, 3.1138367 ] ] ], [ [ [ 101.6623428, 3.1153625 ], [ 101.6623325, 3.1152378 ], [ 101.6611792, 3.114998 ], [ 101.6615139, 3.1151815 ], [ 101.6623428, 3.1153625 ] ] ], [ [ [ 101.6587995, 3.1141654 ], [ 101.659027, 3.1147473 ], [ 101.659508300000013, 3.1151444 ], [ 101.66202, 3.1163203 ], [ 101.661587900000015, 3.1157746 ], [ 101.6587995, 3.1141654 ] ] ], [ [ [ 101.6628152, 3.1153571 ], [ 101.6640675, 3.1151877 ], [ 101.6628164, 3.1152382 ], [ 101.6628152, 3.1153571 ] ] ], [ [ [ 101.6614283, 3.1153078 ], [ 101.6618541, 3.1155901 ], [ 101.6618686, 3.1155409 ], [ 101.6620755, 3.1155577 ], [ 101.6614283, 3.1153078 ] ] ], [ [ [ 101.6639403, 3.1156731 ], [ 101.6639671, 3.1155702 ], [ 101.6638719, 3.1155759 ], [ 101.6639403, 3.1156731 ] ] ], [ [ [ 101.6661451, 3.116442 ], [ 101.6658182, 3.1166077 ], [ 101.6662011, 3.1165655 ], [ 101.6667435, 3.1162087 ], [ 101.6664948, 3.1160687 ], [ 101.6661451, 3.116442 ] ] ], [ [ [ 101.6588477, 3.1163484 ], [ 101.6584983, 3.116758 ], [ 101.658871, 3.1168729 ], [ 101.6589029, 3.1165857 ], [ 101.6592827, 3.1166263 ], [ 101.6593216, 3.1169001 ], [ 101.6595687, 3.1169072 ], [ 101.6602404, 3.1166533 ], [ 101.6601733, 3.1164981 ], [ 101.6599127, 3.1165575 ], [ 101.6598286, 3.1162997 ], [ 101.6597159, 3.1162989 ], [ 101.6597157, 3.1165219 ], [ 101.6596324, 3.1165673 ], [ 101.6591045, 3.116496 ], [ 101.6588477, 3.1163484 ] ] ], [ [ [ 101.660184, 3.1168587 ], [ 101.6601762, 3.1170218 ], [ 101.65956, 3.1171598 ], [ 101.6595725, 3.117244 ], [ 101.6601966, 3.1171179 ], [ 101.6602365, 3.1169694 ], [ 101.660184, 3.1168587 ] ] ], [ [ [ 101.6619864, 3.1174877 ], [ 101.6620866, 3.1181994 ], [ 101.6629505, 3.1183491 ], [ 101.6621919, 3.1181445 ], [ 101.6621463, 3.1176788 ], [ 101.6627266, 3.1173398 ], [ 101.66202, 3.1163203 ], [ 101.6617828, 3.1163941 ], [ 101.6613161, 3.116174 ], [ 101.6612442, 3.1162132 ], [ 101.6614852, 3.1163918 ], [ 101.6615341, 3.1167762 ], [ 101.661627300000021, 3.1168793 ], [ 101.6618485, 3.1168429 ], [ 101.661934700000018, 3.1166964 ], [ 101.6618694, 3.1164367 ], [ 101.6619284, 3.1163523 ], [ 101.6620457, 3.1164253 ], [ 101.6620835, 3.1165948 ], [ 101.6620209, 3.1167525 ], [ 101.6618407, 3.1169454 ], [ 101.6616736, 3.1169884 ], [ 101.6614582, 3.1167994 ], [ 101.6614582, 3.1165165 ], [ 101.6613759, 3.1163823 ], [ 101.6608311, 3.1159925 ], [ 101.6606197, 3.1158878 ], [ 101.6605263, 3.1162316 ], [ 101.6602795, 3.116238 ], [ 101.6602316, 3.116475 ], [ 101.6602779, 3.11665 ], [ 101.6604468, 3.1166826 ], [ 101.660368, 3.1173957 ], [ 101.6604375, 3.1174039 ], [ 101.6605312, 3.1172392 ], [ 101.6619864, 3.1174877 ] ] ], [ [ [ 101.6591898, 3.1171813 ], [ 101.6594822, 3.1172118 ], [ 101.6594759, 3.1172716 ], [ 101.6595433, 3.1172588 ], [ 101.659466900000012, 3.117119 ], [ 101.6590073, 3.1170793 ], [ 101.6589966, 3.1171877 ], [ 101.6590614, 3.1172317 ], [ 101.6591833, 3.1172431 ], [ 101.6591898, 3.1171813 ] ] ], [ [ [ 101.6602449, 3.117507 ], [ 101.6600982, 3.1174473 ], [ 101.6599104, 3.1174788 ], [ 101.6599347, 3.1176077 ], [ 101.6596141, 3.1176677 ], [ 101.6596003, 3.1175946 ], [ 101.659438, 3.1176696 ], [ 101.6595335, 3.1178799 ], [ 101.6596061, 3.117894 ], [ 101.660252, 3.1177014 ], [ 101.6602449, 3.117507 ] ] ], [ [ [ 101.6714971, 3.1177982 ], [ 101.6709834, 3.1177286 ], [ 101.6708916, 3.1178655 ], [ 101.671131, 3.1179776 ], [ 101.6714971, 3.1177982 ] ] ], [ [ [ 101.6592235, 3.1182603 ], [ 101.659035386970004, 3.118293621944969 ], [ 101.659830983199981, 3.118748588610561 ], [ 101.6602843, 3.1187494 ], [ 101.6600574, 3.1186637 ], [ 101.6598958, 3.1184932 ], [ 101.6595879, 3.1183821 ], [ 101.6592891, 3.118379 ], [ 101.6592235, 3.1182603 ] ] ], [ [ [ 101.6621663, 3.1182768 ], [ 101.6619638, 3.1184093 ], [ 101.6618796, 3.1187295 ], [ 101.6625257, 3.1187745 ], [ 101.6625057, 3.1184793 ], [ 101.6627708, 3.1184696 ], [ 101.662782600000014, 3.118761 ], [ 101.6629487, 3.1187497 ], [ 101.6629165, 3.1184093 ], [ 101.6621663, 3.1182768 ] ] ], [ [ [ 101.663051, 3.1186862 ], [ 101.663265, 3.1186279 ], [ 101.6633831, 3.1184056 ], [ 101.663234, 3.1184747 ], [ 101.6629854, 3.1184279 ], [ 101.663051, 3.1186862 ] ] ], [ [ [ 101.671019, 3.1191497 ], [ 101.6711927, 3.118689 ], [ 101.670854700000021, 3.1184577 ], [ 101.670842600000014, 3.1180881 ], [ 101.6707702, 3.1186519 ], [ 101.67092980000001, 3.1187891 ], [ 101.6708996, 3.119148 ], [ 101.671019, 3.1191497 ] ] ], [ [ [ 101.6716876, 3.1187102 ], [ 101.6716332, 3.1187557 ], [ 101.6717311, 3.1188461 ], [ 101.6717338, 3.1188293 ], [ 101.6716876, 3.1187102 ] ] ], [ [ [ 101.671483, 3.1188762 ], [ 101.6713972, 3.1187744 ], [ 101.6713335, 3.1187965 ], [ 101.6713623, 3.1188728 ], [ 101.671483, 3.1188762 ] ] ], [ [ [ 101.660620086993404, 3.119011877587451 ], [ 101.66120970984457, 3.119113971702802 ], [ 101.661671240558476, 3.119133525533527 ], [ 101.6611246, 3.1188736 ], [ 101.6611203, 3.1189218 ], [ 101.6606732, 3.1188874 ], [ 101.660620086993404, 3.119011877587451 ] ] ], [ [ [ 101.671776, 3.119065 ], [ 101.671271800000014, 3.1189498 ], [ 101.6711485, 3.1191541 ], [ 101.6712671, 3.1191601 ], [ 101.671426, 3.1193315 ], [ 101.6715561, 3.1193355 ], [ 101.6717291, 3.1191855 ], [ 101.671776, 3.119065 ] ] ], [ [ [ 101.668127898964627, 3.120001774374004 ], [ 101.6683247, 3.1199696 ], [ 101.6687478, 3.1200539 ], [ 101.668713600000018, 3.120155 ], [ 101.6687941, 3.1201771 ], [ 101.6688041, 3.1200111 ], [ 101.6689295, 3.1199026 ], [ 101.6681758, 3.1198778 ], [ 101.668127898964627, 3.120001774374004 ] ] ], [ [ [ 101.6715018, 3.1204925 ], [ 101.6715038, 3.1204148 ], [ 101.6712832, 3.1204202 ], [ 101.6712859, 3.1205528 ], [ 101.6715018, 3.1204925 ] ] ], [ [ [ 101.6704536, 3.1211745 ], [ 101.6707516, 3.1211677 ], [ 101.6706567, 3.1209604 ], [ 101.6704536, 3.1211745 ] ] ], [ [ [ 101.6713093, 3.1222166 ], [ 101.6708326, 3.1222233 ], [ 101.6708305, 3.1225829 ], [ 101.6713093, 3.1222166 ] ] ], [ [ [ 101.63872706999291, 3.127363009746125 ], [ 101.638501229680571, 3.127743937197657 ], [ 101.638351209377305, 3.128064869517311 ], [ 101.6388213, 3.1280555 ], [ 101.6388112, 3.1274673 ], [ 101.63872706999291, 3.127363009746125 ] ] ], [ [ [ 101.627340747541396, 3.132955750816326 ], [ 101.626890516233019, 3.133498858352611 ], [ 101.6273387, 3.133494 ], [ 101.627340747541396, 3.132955750816326 ] ] ], [ [ [ 101.627768, 3.1354096 ], [ 101.6277666, 3.1359829 ], [ 101.6284636, 3.1359847 ], [ 101.6284651, 3.1354114 ], [ 101.627768, 3.1354096 ] ] ], [ [ [ 101.6337899, 3.1378752 ], [ 101.6334453, 3.1372577 ], [ 101.6328169, 3.1367505 ], [ 101.6322193, 3.1365032 ], [ 101.631849, 3.1361622 ], [ 101.6317845, 3.1362412 ], [ 101.6318106, 3.1400083 ], [ 101.6324823, 3.1399868 ], [ 101.6324792, 3.1397983 ], [ 101.632759, 3.1397832 ], [ 101.6327446, 3.139457 ], [ 101.633595958248918, 3.13943593453281 ], [ 101.633725652537748, 3.139317174661055 ], [ 101.633787605826456, 3.139248114877459 ], [ 101.6337899, 3.1378752 ] ] ], [ [ [ 101.6610159, 3.1397588 ], [ 101.6621977, 3.1395401 ], [ 101.6621984, 3.1393088 ], [ 101.660932, 3.1395928 ], [ 101.6607021, 3.1398655 ], [ 101.660034258753413, 3.139930011188292 ], [ 101.6597257589208, 3.140206225141309 ], [ 101.6597622, 3.1402531 ], [ 101.6608668, 3.139941 ], [ 101.6610159, 3.1397588 ] ] ], [ [ [ 101.6618469, 3.140146 ], [ 101.6618319, 3.1400316 ], [ 101.6615464, 3.1400769 ], [ 101.6615273, 3.1401874 ], [ 101.6616886, 3.1402155 ], [ 101.6618469, 3.140146 ] ] ], [ [ [ 101.658471619880913, 3.142469519323646 ], [ 101.658382307964615, 3.143012557013238 ], [ 101.658370603979279, 3.143265157365426 ], [ 101.6587097, 3.1431382 ], [ 101.6586273, 3.1426454 ], [ 101.658471619880913, 3.142469519323646 ] ] ], [ [ [ 101.66970811982651, 3.204967571728303 ], [ 101.6697036, 3.2051782 ], [ 101.669818933014113, 3.20520149185045 ], [ 101.66970811982651, 3.204967571728303 ] ] ], [ [ [ 101.6492828, 3.2103746 ], [ 101.6496355, 3.2101835 ], [ 101.6496356, 3.2101475 ], [ 101.6491536, 3.2101458 ], [ 101.6491528, 3.2103741 ], [ 101.6492828, 3.2103746 ] ] ], [ [ [ 101.6538262, 3.2128555 ], [ 101.654073, 3.2128662 ], [ 101.6540247, 3.212352 ], [ 101.6538155, 3.2124538 ], [ 101.6538262, 3.2128555 ] ] ], [ [ [ 101.6418406, 3.2131148 ], [ 101.6417968, 3.2130225 ], [ 101.6412123, 3.2130211 ], [ 101.6412046, 3.2133563 ], [ 101.6418406, 3.2131148 ] ] ], [ [ [ 101.646797600000014, 3.2131105 ], [ 101.6467744, 3.2130697 ], [ 101.6462112, 3.2133609 ], [ 101.6462358, 3.2134077 ], [ 101.646797600000014, 3.2131105 ] ] ], [ [ [ 101.6487318, 3.2147499 ], [ 101.648705, 3.2141594 ], [ 101.6479956, 3.2146013 ], [ 101.6480291, 3.2147714 ], [ 101.6487318, 3.2147499 ] ] ], [ [ [ 101.6463098, 3.2146736 ], [ 101.645239626539308, 3.21506332710875 ], [ 101.645577863650189, 3.215332307043579 ], [ 101.6465877, 3.2152802 ], [ 101.6463098, 3.2146736 ] ] ], [ [ [ 101.642763212807864, 3.217430817471754 ], [ 101.642768024456231, 3.217425453532829 ], [ 101.6427621, 3.2174268 ], [ 101.642763212807864, 3.217430817471754 ] ] ], [ [ [ 101.6364449, 3.2173423 ], [ 101.636086159075816, 3.217481286118746 ], [ 101.63682105959758, 3.218132706559735 ], [ 101.6364449, 3.2173423 ] ] ], [ [ [ 101.638001741716806, 3.21872755879262 ], [ 101.6379446, 3.2183127 ], [ 101.637565400000014, 3.2183297 ], [ 101.637711219893546, 3.218623926445474 ], [ 101.638001741716806, 3.21872755879262 ] ] ], [ [ [ 101.6741974, 2.987138 ], [ 101.6740123, 2.9871613 ], [ 101.674347, 2.9875765 ], [ 101.6741974, 2.987138 ] ] ], [ [ [ 101.6746475, 2.9873855 ], [ 101.6750184, 2.9878789 ], [ 101.675648800000019, 2.9873822 ], [ 101.6746475, 2.9873855 ] ] ], [ [ [ 101.6924863, 3.0537972 ], [ 101.6925707, 3.0538341 ], [ 101.6926391, 3.0537733 ], [ 101.6925281, 3.0537337 ], [ 101.6924863, 3.0537972 ] ] ], [ [ [ 101.6900009, 3.0554419 ], [ 101.689852, 3.0554828 ], [ 101.6898922, 3.0557145 ], [ 101.690133, 3.0557754 ], [ 101.6900009, 3.0554419 ] ] ], [ [ [ 101.6925516, 3.0556476 ], [ 101.6926614, 3.0556435 ], [ 101.6926715, 3.0555837 ], [ 101.6926197, 3.0555715 ], [ 101.6925516, 3.0556476 ] ] ], [ [ [ 101.6899017, 3.0557475 ], [ 101.6900479, 3.056243 ], [ 101.6902437, 3.0560281 ], [ 101.6901478, 3.0558044 ], [ 101.6899017, 3.0557475 ] ] ], [ [ [ 101.6918337, 3.0564302 ], [ 101.6919607, 3.0563687 ], [ 101.6918893, 3.0563125 ], [ 101.6919102, 3.0562248 ], [ 101.691369800000018, 3.0563717 ], [ 101.6913616, 3.0564241 ], [ 101.6918337, 3.0564302 ] ] ], [ [ [ 101.6921334, 3.0565127 ], [ 101.6920885, 3.0565937 ], [ 101.692136100000013, 3.0566178 ], [ 101.6923178, 3.0560942 ], [ 101.6922746, 3.0560775 ], [ 101.692171, 3.0563734 ], [ 101.6920905, 3.0563192 ], [ 101.6919037, 3.0565495 ], [ 101.6920462, 3.0564598 ], [ 101.6921334, 3.0565127 ] ] ], [ [ [ 101.6900641, 3.0563064 ], [ 101.6901499, 3.056533 ], [ 101.6903233, 3.0566439 ], [ 101.6904259, 3.0564579 ], [ 101.6905233, 3.0564884 ], [ 101.6902808, 3.056089 ], [ 101.6900641, 3.0563064 ] ] ], [ [ [ 101.6908299, 3.0564282 ], [ 101.6908191, 3.0565226 ], [ 101.690957, 3.0565041 ], [ 101.6911516, 3.056412 ], [ 101.6911567, 3.0563459 ], [ 101.690957, 3.0563272 ], [ 101.6908299, 3.0564282 ] ] ], [ [ [ 101.6923701, 3.0560569 ], [ 101.6920953, 3.0568132 ], [ 101.6922427, 3.0568292 ], [ 101.6922163, 3.0569599 ], [ 101.6922892, 3.0570071 ], [ 101.6923751, 3.0568884 ], [ 101.6922729, 3.0566889 ], [ 101.6922798, 3.0566066 ], [ 101.692467, 3.0560537 ], [ 101.6923303, 3.0559022 ], [ 101.6921034, 3.0562568 ], [ 101.69218, 3.0563035 ], [ 101.6922725, 3.056028 ], [ 101.6923701, 3.0560569 ] ] ], [ [ [ 101.6916626, 3.0567207 ], [ 101.6916857, 3.0567638 ], [ 101.6918152, 3.0566661 ], [ 101.691792, 3.0566384 ], [ 101.6916626, 3.0567207 ] ] ], [ [ [ 101.692308, 3.0566825 ], [ 101.69239730000001, 3.0569121 ], [ 101.6922093, 3.0571995 ], [ 101.6926049, 3.0571904 ], [ 101.692519500000017, 3.0576702 ], [ 101.6926465, 3.0574343 ], [ 101.6926567, 3.0571798 ], [ 101.6928894, 3.0569731 ], [ 101.6929598, 3.0567733 ], [ 101.6928384, 3.0565612 ], [ 101.6929995, 3.0564353 ], [ 101.692369, 3.0558431 ], [ 101.6924947, 3.0560885 ], [ 101.692308, 3.0566825 ] ] ], [ [ [ 101.6918067, 3.0568315 ], [ 101.6916418, 3.0567953 ], [ 101.6914924, 3.0566076 ], [ 101.6913476, 3.0567761 ], [ 101.6913568, 3.0568469 ], [ 101.6915383, 3.0568021 ], [ 101.6915379, 3.0569207 ], [ 101.6918067, 3.0568315 ] ] ], [ [ [ 101.6918888, 3.0569807 ], [ 101.6920355, 3.0568973 ], [ 101.692001100000013, 3.0567945 ], [ 101.6921051, 3.056679 ], [ 101.692067, 3.0566372 ], [ 101.6918342, 3.0567813 ], [ 101.691918700000016, 3.0568635 ], [ 101.691806, 3.0569484 ], [ 101.6918888, 3.0569807 ] ] ], [ [ [ 101.6909029, 3.0572036 ], [ 101.6909396, 3.0571183 ], [ 101.6910064, 3.057098 ], [ 101.6905551, 3.0565365 ], [ 101.6904149, 3.0564848 ], [ 101.690332600000019, 3.056669 ], [ 101.6901725, 3.0565772 ], [ 101.690537, 3.0572363 ], [ 101.6909029, 3.0572036 ] ] ], [ [ [ 101.6919449, 3.0572345 ], [ 101.6919182, 3.0570984 ], [ 101.6917747, 3.0571672 ], [ 101.6917236, 3.0570235 ], [ 101.6915445, 3.0570657 ], [ 101.6914897, 3.0569258 ], [ 101.6912907, 3.0568987 ], [ 101.6912826, 3.0567818 ], [ 101.6910996, 3.0567185 ], [ 101.6910055, 3.056547 ], [ 101.6908547, 3.0565722 ], [ 101.6910815, 3.0568537 ], [ 101.691952, 3.0575024 ], [ 101.6920948, 3.0572592 ], [ 101.6919449, 3.0572345 ] ] ], [ [ [ 101.6919487, 3.05706 ], [ 101.692178, 3.0570077 ], [ 101.6921626, 3.0569709 ], [ 101.6919487, 3.05706 ] ] ], [ [ [ 101.6912888, 3.0573945 ], [ 101.6910397, 3.0571233 ], [ 101.690851, 3.0572587 ], [ 101.6905486, 3.0572586 ], [ 101.6908644, 3.057669 ], [ 101.6909963, 3.0577425 ], [ 101.6911516, 3.0576894 ], [ 101.6912888, 3.0573945 ] ] ], [ [ [ 101.6914713, 3.0578033 ], [ 101.6917146, 3.0577083 ], [ 101.6913492, 3.0574313 ], [ 101.6912081, 3.0576866 ], [ 101.6913213, 3.0576734 ], [ 101.6913727, 3.0578019 ], [ 101.6915594, 3.057718 ], [ 101.6914713, 3.0578033 ] ] ], [ [ [ 101.6899159, 3.0612009 ], [ 101.6904059, 3.0609137 ], [ 101.6908004, 3.0603055 ], [ 101.691323, 3.0590096 ], [ 101.6916171, 3.0586537 ], [ 101.691008, 3.0581353 ], [ 101.6904197, 3.0579763 ], [ 101.690084, 3.057966 ], [ 101.6899041, 3.0580454 ], [ 101.6897103, 3.0579418 ], [ 101.688852, 3.0579038 ], [ 101.688634, 3.058042 ], [ 101.6884713, 3.0589301 ], [ 101.6879972, 3.0600844 ], [ 101.6877688, 3.060423 ], [ 101.6875257, 3.0606371 ], [ 101.6877975, 3.0610566 ], [ 101.6887458, 3.0611882 ], [ 101.6887246, 3.0613299 ], [ 101.687468, 3.0612291 ], [ 101.6876131, 3.0614839 ], [ 101.6891254, 3.0615358 ], [ 101.6894679, 3.0614265 ], [ 101.6896259, 3.061255 ], [ 101.6899159, 3.0612009 ] ] ], [ [ [ 101.686285, 3.0655161 ], [ 101.6863836, 3.0658226 ], [ 101.6870878, 3.0655969 ], [ 101.6869893, 3.0652904 ], [ 101.686285, 3.0655161 ] ] ], [ [ [ 101.6718485, 3.1189003 ], [ 101.6717533, 3.1188139 ], [ 101.6718472, 3.118913 ], [ 101.6718485, 3.1189003 ] ] ], [ [ [ 101.673070900000013, 3.1200616 ], [ 101.6730947, 3.1199833 ], [ 101.6729066, 3.1197165 ], [ 101.6725331, 3.1193288 ], [ 101.6723527, 3.1188471 ], [ 101.6719178, 3.1190767 ], [ 101.671753200000012, 3.1193596 ], [ 101.6718015, 3.1196596 ], [ 101.6718049, 3.1203968 ], [ 101.672034900000014, 3.1202093 ], [ 101.672200500000017, 3.120382 ], [ 101.673070900000013, 3.1200616 ] ] ], [ [ [ 101.6717787, 3.1195578 ], [ 101.6716962, 3.1195551 ], [ 101.671715, 3.120388 ], [ 101.6717807, 3.1203874 ], [ 101.6717787, 3.1195578 ] ] ], [ [ [ 101.6773393, 3.1246174 ], [ 101.6764389, 3.125298 ], [ 101.6770113, 3.1259475 ], [ 101.6775362, 3.1255107 ], [ 101.6776512, 3.1252974 ], [ 101.6776344, 3.1251189 ], [ 101.6773393, 3.1246174 ] ] ], [ [ [ 101.6763293, 3.1253908 ], [ 101.6758034, 3.1257916 ], [ 101.676032, 3.1261107 ], [ 101.6761392, 3.1260411 ], [ 101.6764504, 3.1263786 ], [ 101.6768839, 3.1260386 ], [ 101.6763293, 3.1253908 ] ] ], [ [ [ 101.6785095, 3.1270043 ], [ 101.6783508, 3.1267857 ], [ 101.6783508, 3.1268522 ], [ 101.6785095, 3.1270043 ] ] ], [ [ [ 101.6901667, 3.1275622 ], [ 101.6903951, 3.12752 ], [ 101.6905648, 3.127732 ], [ 101.6908393, 3.1276541 ], [ 101.6904738, 3.1274747 ], [ 101.6905622, 3.1274044 ], [ 101.6905875, 3.127249 ], [ 101.6907339, 3.1271528 ], [ 101.6907531, 3.1269795 ], [ 101.6909367, 3.1269117 ], [ 101.690916518096046, 3.126805152381396 ], [ 101.69035714701792, 3.126830581824982 ], [ 101.69034, 3.1274049 ], [ 101.6901539, 3.1274458 ], [ 101.6898956, 3.1271638 ], [ 101.6896556, 3.1270379 ], [ 101.689272569252509, 3.127094261733034 ], [ 101.6895629, 3.1273931 ], [ 101.6897656, 3.1273462 ], [ 101.6899425, 3.1275158 ], [ 101.6897439, 3.1278552 ], [ 101.6903245, 3.1282621 ], [ 101.6904344, 3.1281454 ], [ 101.6903039, 3.1278905 ], [ 101.6901565, 3.1278581 ], [ 101.6901667, 3.1275622 ] ] ], [ [ [ 101.6779291, 3.1298328 ], [ 101.6782394, 3.129276 ], [ 101.6780373, 3.1290491 ], [ 101.6776361, 3.1296235 ], [ 101.6779291, 3.1298328 ] ] ], [ [ [ 101.6846493, 3.1331989 ], [ 101.684688, 3.133276 ], [ 101.6847619, 3.1332314 ], [ 101.684711, 3.1331613 ], [ 101.6846493, 3.1331989 ] ] ], [ [ [ 101.6885552, 3.1355996 ], [ 101.6879395, 3.1351922 ], [ 101.687651800000012, 3.1357107 ], [ 101.6877955, 3.1357895 ], [ 101.6878424, 3.1357043 ], [ 101.6879541, 3.1357656 ], [ 101.6884103, 3.1355227 ], [ 101.6885552, 3.1355996 ] ] ], [ [ [ 101.6855282, 3.1371343 ], [ 101.685765500000016, 3.1369987 ], [ 101.686082, 3.1370055 ], [ 101.6857135, 3.1367461 ], [ 101.6855282, 3.1371343 ] ] ], [ [ [ 101.6901853, 3.1380686 ], [ 101.690105, 3.1383842 ], [ 101.6902306, 3.1385963 ], [ 101.6905633, 3.1386687 ], [ 101.6907332, 3.1385662 ], [ 101.6908429, 3.1383188 ], [ 101.6908164, 3.1381369 ], [ 101.6907155, 3.1380238 ], [ 101.6903509, 3.1379132 ], [ 101.6901853, 3.1380686 ] ] ], [ [ [ 101.686042195606291, 3.141644320232845 ], [ 101.686612330875008, 3.141771748990763 ], [ 101.6870827, 3.1409944 ], [ 101.6874223, 3.1409854 ], [ 101.6869806, 3.1397212 ], [ 101.6869332, 3.1391725 ], [ 101.6877793, 3.1390914 ], [ 101.6878169, 3.1388663 ], [ 101.6857921, 3.1387855 ], [ 101.6847345, 3.1388657 ], [ 101.6845647, 3.1389866 ], [ 101.6844843, 3.1392273 ], [ 101.6845263, 3.1397716 ], [ 101.6844299, 3.1400335 ], [ 101.684086761009894, 3.1404332429713 ], [ 101.684848256690884, 3.141080459428689 ], [ 101.686042195606291, 3.141644320232845 ] ] ], [ [ [ 101.692354, 3.1417706 ], [ 101.6922466, 3.1418143 ], [ 101.6922824, 3.1419022 ], [ 101.6923934, 3.1418548 ], [ 101.6925367, 3.1422208 ], [ 101.6923215, 3.142308 ], [ 101.6924326, 3.1425797 ], [ 101.6927725, 3.1424454 ], [ 101.6929518, 3.1416507 ], [ 101.6924416, 3.1414491 ], [ 101.6924001, 3.1413483 ], [ 101.6925194, 3.1412993 ], [ 101.6924569, 3.1411477 ], [ 101.692338, 3.1411966 ], [ 101.6922494, 3.1409816 ], [ 101.6920828, 3.1409123 ], [ 101.692041700000019, 3.1410082 ], [ 101.6921237, 3.1410436 ], [ 101.692208, 3.1412504 ], [ 101.692131700000019, 3.1412815 ], [ 101.692354, 3.1417706 ] ] ], [ [ [ 101.6917008, 3.1534972 ], [ 101.692130500000019, 3.1545472 ], [ 101.6922873, 3.1546137 ], [ 101.6928178, 3.1546501 ], [ 101.6918814, 3.1533643 ], [ 101.691736700000021, 3.153277 ], [ 101.6914782, 3.1533113 ], [ 101.6917008, 3.1534972 ] ] ], [ [ [ 101.6922897, 3.1566105 ], [ 101.6918905, 3.1562428 ], [ 101.6917967, 3.1560228 ], [ 101.6917599, 3.1557649 ], [ 101.6919552, 3.1548164 ], [ 101.6915276, 3.1546586 ], [ 101.6909638, 3.1546509 ], [ 101.6909232, 3.1548066 ], [ 101.6914512, 3.1547716 ], [ 101.6915202, 3.1548533 ], [ 101.6915192, 3.155277 ], [ 101.6914155, 3.1555537 ], [ 101.6912721, 3.1557038 ], [ 101.6915931, 3.1563923 ], [ 101.691788, 3.156446 ], [ 101.6919288, 3.1566882 ], [ 101.6919563, 3.157013 ], [ 101.6917974, 3.1570953 ], [ 101.691846400000017, 3.1572297 ], [ 101.69217, 3.1574697 ], [ 101.692288800000014, 3.1574096 ], [ 101.6922897, 3.1566105 ] ] ], [ [ [ 101.6927138, 3.1565226 ], [ 101.6925555, 3.1567342 ], [ 101.6923852, 3.1571761 ], [ 101.6923611, 3.1575617 ], [ 101.692433500000021, 3.157622 ], [ 101.6924067, 3.1578818 ], [ 101.6924724, 3.1579755 ], [ 101.692699, 3.1579072 ], [ 101.6928278, 3.1576742 ], [ 101.6926454, 3.1570114 ], [ 101.6927138, 3.1565226 ] ] ], [ [ [ 101.6927612, 3.1588403 ], [ 101.69304790000001, 3.1586283 ], [ 101.6925241, 3.1585611 ], [ 101.6923826, 3.1584481 ], [ 101.6922873, 3.1581355 ], [ 101.692169, 3.1581132 ], [ 101.6920711, 3.1583774 ], [ 101.6918906, 3.1585117 ], [ 101.6924321, 3.1588438 ], [ 101.6923719, 3.1599005 ], [ 101.6918198, 3.1612221 ], [ 101.6910341, 3.161572 ], [ 101.6908642, 3.161791 ], [ 101.6904325, 3.1634272 ], [ 101.690436, 3.1638937 ], [ 101.6905032, 3.1640739 ], [ 101.6905563, 3.1640598 ], [ 101.6910589, 3.1618299 ], [ 101.6915827, 3.1617592 ], [ 101.6915084, 3.1629466 ], [ 101.6916181, 3.1633848 ], [ 101.6914376, 3.1640704 ], [ 101.6916181, 3.1642117 ], [ 101.6918234, 3.1635968 ], [ 101.6919118, 3.1629996 ], [ 101.6918941, 3.1624271 ], [ 101.6919791, 3.1620207 ], [ 101.692000300000018, 3.1612928 ], [ 101.6922162, 3.1606143 ], [ 101.69286390000002, 3.1591124 ], [ 101.6927612, 3.1588403 ] ] ], [ [ [ 101.689873402227875, 3.159747995334051 ], [ 101.689634327132055, 3.160813768611529 ], [ 101.689636610063104, 3.161699549922189 ], [ 101.68966228264587, 3.16187046564469 ], [ 101.6898516, 3.1618416 ], [ 101.6902861, 3.1621469 ], [ 101.6901198, 3.163095 ], [ 101.690007941158811, 3.163085224426722 ], [ 101.690157400099849, 3.163397508371958 ], [ 101.690591400000017, 3.1622578 ], [ 101.690484900000016, 3.162088 ], [ 101.6905714, 3.1617115 ], [ 101.6903741, 3.1615776 ], [ 101.6899025, 3.1607901 ], [ 101.690293200000013, 3.1604365 ], [ 101.6906302, 3.1590974 ], [ 101.6904798, 3.1590162 ], [ 101.6900326, 3.1598158 ], [ 101.689873402227875, 3.159747995334051 ] ] ], [ [ [ 101.69010376647006, 3.163475564748698 ], [ 101.6901301, 3.1634692 ], [ 101.690145315013183, 3.163429244502439 ], [ 101.69010376647006, 3.163475564748698 ] ] ], [ [ [ 101.68914413879935, 3.165675220930386 ], [ 101.6894156, 3.1652863 ], [ 101.689250259546839, 3.165157210137766 ], [ 101.68914413879935, 3.165675220930386 ] ] ], [ [ [ 101.6898005, 3.1670887 ], [ 101.6899708, 3.1675814 ], [ 101.6900794, 3.1670284 ], [ 101.6903396, 3.1665504 ], [ 101.6898005, 3.1670887 ] ] ], [ [ [ 101.6896234, 3.167236 ], [ 101.689514800000012, 3.1674931 ], [ 101.6894759, 3.1678613 ], [ 101.6896301, 3.1682068 ], [ 101.6899574, 3.1686045 ], [ 101.689771, 3.1681666 ], [ 101.6898501, 3.1674208 ], [ 101.6897374, 3.1671543 ], [ 101.6896234, 3.167236 ] ] ], [ [ [ 101.6865657, 3.1753078 ], [ 101.6865161, 3.1760228 ], [ 101.6867709, 3.1762009 ], [ 101.6869922, 3.1761246 ], [ 101.6872028, 3.1757657 ], [ 101.6865657, 3.1753078 ] ] ], [ [ [ 101.6876196, 3.1773371 ], [ 101.6873528, 3.17756 ], [ 101.687426400000021, 3.1776479 ], [ 101.6876933, 3.177425 ], [ 101.6876196, 3.1773371 ] ] ], [ [ [ 101.6852283, 3.179124 ], [ 101.6851793, 3.1789951 ], [ 101.6849105, 3.17918 ], [ 101.6849782, 3.1792848 ], [ 101.6852283, 3.179124 ] ] ], [ [ [ 101.6826227, 3.1806146 ], [ 101.6827021, 3.1805581 ], [ 101.6828889, 3.1803693 ], [ 101.6826032, 3.1805675 ], [ 101.6826227, 3.1806146 ] ] ], [ [ [ 101.6844695, 3.1796964 ], [ 101.685357, 3.1805178 ], [ 101.6854843, 3.1808828 ], [ 101.6861123, 3.1809874 ], [ 101.6835223, 3.1835823 ], [ 101.683983, 3.1835517 ], [ 101.684001338930869, 3.183821274169552 ], [ 101.684083168377128, 3.183833256323915 ], [ 101.6844704, 3.1835065 ], [ 101.6851534, 3.1835648 ], [ 101.6852373, 3.1834817 ], [ 101.685304192589896, 3.183847921523713 ], [ 101.686058111468171, 3.183689535883109 ], [ 101.6863205748529, 3.183594363780553 ], [ 101.686282700000021, 3.1830842 ], [ 101.6870299, 3.1830213 ], [ 101.6874427, 3.1822669 ], [ 101.6877672, 3.1821243 ], [ 101.6881158, 3.1822521 ], [ 101.6881664, 3.181128 ], [ 101.6865991, 3.1779184 ], [ 101.6859747, 3.1784546 ], [ 101.6853878, 3.1788394 ], [ 101.6854911, 3.1790039 ], [ 101.6844695, 3.1796964 ] ], [ [ 101.684430852263489, 3.183188641180094 ], [ 101.6844113, 3.183174 ], [ 101.684275966181914, 3.182959759019818 ], [ 101.684430852263489, 3.183188641180094 ] ] ], [ [ [ 101.6820954, 3.1813602 ], [ 101.6825629, 3.1806953 ], [ 101.6825028, 3.1806282 ], [ 101.6817931, 3.1811088 ], [ 101.6820954, 3.1813602 ] ] ], [ [ [ 101.6912736, 3.1838773 ], [ 101.691203038234988, 3.183871445125803 ], [ 101.691161904379157, 3.183959458304695 ], [ 101.6912487, 3.1839726 ], [ 101.6912303, 3.1840921 ], [ 101.691105868071702, 3.18407935792112 ], [ 101.69092542111099, 3.184558292972516 ], [ 101.6911929, 3.1845961 ], [ 101.6912736, 3.1838773 ] ] ], [ [ [ 101.6914268, 3.1867564 ], [ 101.691136300000011, 3.1867213 ], [ 101.6910825, 3.1871647 ], [ 101.691373, 3.1871998 ], [ 101.6914268, 3.1867564 ] ] ], [ [ [ 101.6836531, 3.1885214 ], [ 101.6842214, 3.189021 ], [ 101.6845894, 3.1890441 ], [ 101.6848404, 3.1889809 ], [ 101.6853756, 3.1886068 ], [ 101.685575008873741, 3.188581314614507 ], [ 101.685293656017066, 3.187578954032162 ], [ 101.684876217900978, 3.186798850887611 ], [ 101.684533321143618, 3.186356021047243 ], [ 101.6843587, 3.186757 ], [ 101.6843714, 3.1872174 ], [ 101.6833985, 3.1871752 ], [ 101.6831705, 3.1874336 ], [ 101.683457, 3.1877689 ], [ 101.6834546, 3.1879922 ], [ 101.6836531, 3.1885214 ] ] ], [ [ [ 101.6819762, 3.188658 ], [ 101.681806, 3.1886088 ], [ 101.6815418, 3.1892636 ], [ 101.6816344, 3.1893046 ], [ 101.6819762, 3.188658 ] ] ], [ [ [ 101.681538800000013, 3.1892894 ], [ 101.6814249, 3.1895607 ], [ 101.681497800000017, 3.1896002 ], [ 101.6815722, 3.189582 ], [ 101.681538800000013, 3.1892894 ] ] ], [ [ [ 101.68557340000001, 3.1899596 ], [ 101.6852669, 3.1899503 ], [ 101.685239100000018, 3.190238 ], [ 101.685541325579067, 3.190249491114918 ], [ 101.68557340000001, 3.1899596 ] ] ], [ [ [ 101.676229, 3.1929758 ], [ 101.6772165, 3.1929643 ], [ 101.6772653, 3.1928901 ], [ 101.6762724, 3.1928213 ], [ 101.676229, 3.1929758 ] ] ], [ [ [ 101.6761622, 3.1930003 ], [ 101.67613481396846, 3.192885380425934 ], [ 101.6760617, 3.1929874 ], [ 101.6761622, 3.1930003 ] ] ], [ [ [ 101.6765304, 3.1943627 ], [ 101.676142, 3.1941459 ], [ 101.6759704, 3.1945476 ], [ 101.676362, 3.1947458 ], [ 101.6765304, 3.1943627 ] ] ], [ [ [ 101.6831347, 3.1943682 ], [ 101.683086, 3.1949086 ], [ 101.6832613, 3.1950564 ], [ 101.6836293, 3.1946248 ], [ 101.6833528, 3.1944051 ], [ 101.6831347, 3.1943682 ] ] ], [ [ [ 101.6730035, 3.2053083 ], [ 101.6726972, 3.205366 ], [ 101.6727282, 3.2054572 ], [ 101.6730035, 3.2053083 ] ] ], [ [ [ 101.6723457, 3.2054529 ], [ 101.6723347, 3.2053787 ], [ 101.6721862, 3.2054006 ], [ 101.6722888, 3.2054235 ], [ 101.6723457, 3.2054529 ] ] ], [ [ [ 101.6726294, 3.2054303 ], [ 101.6725218, 3.2053684 ], [ 101.6724414, 3.2054342 ], [ 101.6725396, 3.2055404 ], [ 101.6726294, 3.2054303 ] ] ], [ [ [ 101.6725234, 3.205666 ], [ 101.6724598, 3.2056234 ], [ 101.6724675, 3.2057809 ], [ 101.6725234, 3.205666 ] ] ], [ [ [ 101.6753145, 3.2061039 ], [ 101.6750594, 3.2064119 ], [ 101.6753562, 3.2066668 ], [ 101.6754813, 3.2063035 ], [ 101.6753145, 3.2061039 ] ] ], [ [ [ 101.679527144139072, 3.207460895247793 ], [ 101.6787799, 3.2067608 ], [ 101.6789618, 3.2071273 ], [ 101.678799, 3.2072133 ], [ 101.679370483837118, 3.207763198725536 ], [ 101.679527144139072, 3.207460895247793 ] ] ], [ [ [ 101.6927057, 3.05399 ], [ 101.6927531, 3.0538934 ], [ 101.692673400000018, 3.053865 ], [ 101.6926146, 3.0539777 ], [ 101.6927057, 3.05399 ] ] ], [ [ [ 101.6926801, 3.0542306 ], [ 101.6926137, 3.0541624 ], [ 101.692572, 3.0541879 ], [ 101.6926203, 3.0543186 ], [ 101.6926801, 3.0542306 ] ] ], [ [ [ 101.69273, 3.0551286 ], [ 101.6926821, 3.0550949 ], [ 101.6926646, 3.0551382 ], [ 101.6926702, 3.0551438 ], [ 101.69273, 3.0551286 ] ] ], [ [ [ 101.6927579, 3.0552904 ], [ 101.692763, 3.0551889 ], [ 101.6926868, 3.0552234 ], [ 101.6927579, 3.0552904 ] ] ], [ [ [ 101.6927213, 3.0553563 ], [ 101.6926726, 3.0552893 ], [ 101.6926085, 3.0554111 ], [ 101.6926207, 3.0554162 ], [ 101.6927213, 3.0553563 ] ] ], [ [ [ 101.6937214, 3.0900672 ], [ 101.6937059, 3.0892836 ], [ 101.6936332, 3.0892147 ], [ 101.6933203, 3.0893224 ], [ 101.6932124, 3.0896933 ], [ 101.6934007, 3.0899377 ], [ 101.6937214, 3.0900672 ] ] ], [ [ [ 101.695254484707505, 3.130419423729358 ], [ 101.694808829753995, 3.129179762475102 ], [ 101.694518747976119, 3.128715985011461 ], [ 101.6924521, 3.1290655 ], [ 101.6926183, 3.1306284 ], [ 101.6938951, 3.1308942 ], [ 101.6938733, 3.1302687 ], [ 101.6940123, 3.1298125 ], [ 101.6945006, 3.1298875 ], [ 101.6950277, 3.1301857 ], [ 101.6950054, 3.1304001 ], [ 101.695254484707505, 3.130419423729358 ] ] ], [ [ [ 101.6982864, 3.1382594 ], [ 101.698451700000021, 3.1380243 ], [ 101.69872, 3.1380561 ], [ 101.6988323, 3.1379641 ], [ 101.6988929, 3.1376859 ], [ 101.6990652, 3.1376604 ], [ 101.6993013, 3.1371328 ], [ 101.699797500000017, 3.1366856 ], [ 101.699714300000011, 3.1364204 ], [ 101.7004653, 3.1360615 ], [ 101.7007155, 3.1366855 ], [ 101.7011841, 3.136474 ], [ 101.7009857, 3.1359571 ], [ 101.7011251, 3.1359062 ], [ 101.701011500000021, 3.1356524 ], [ 101.7014095, 3.1354884 ], [ 101.7014994, 3.1356497 ], [ 101.70220607124088, 3.135329263688519 ], [ 101.701985733349943, 3.135150152700923 ], [ 101.7013996, 3.1354153 ], [ 101.7011168, 3.1346972 ], [ 101.701198027496133, 3.134668185437816 ], [ 101.700561742436605, 3.134415713339822 ], [ 101.699697050618354, 3.134245147618794 ], [ 101.69891624283062, 3.134242213514974 ], [ 101.6985572, 3.1343926 ], [ 101.6984097, 3.1346507 ], [ 101.6983732, 3.1348831 ], [ 101.6978823, 3.1344831 ], [ 101.697909964339402, 3.134437740757798 ], [ 101.697265478420306, 3.134702939731828 ], [ 101.698105, 3.1360106 ], [ 101.6981285, 3.1362848 ], [ 101.6979979, 3.1365468 ], [ 101.697463500000012, 3.1370401 ], [ 101.6972692, 3.1373102 ], [ 101.697918, 3.1381955 ], [ 101.698094, 3.1380856 ], [ 101.6982864, 3.1382594 ] ] ], [ [ [ 101.6952368, 3.1378967 ], [ 101.6951033, 3.1380446 ], [ 101.6944683, 3.1381697 ], [ 101.6951167, 3.1381761 ], [ 101.6952702, 3.1382893 ], [ 101.6952368, 3.1378967 ] ] ], [ [ [ 101.6981952, 3.1396973 ], [ 101.6971526, 3.1400388 ], [ 101.6971759, 3.1401251 ], [ 101.6980352, 3.1401135 ], [ 101.6981485, 3.140012 ], [ 101.6983458, 3.1395924 ], [ 101.6981952, 3.1396973 ] ] ], [ [ [ 101.7007444, 3.1407891 ], [ 101.7005608, 3.1406349 ], [ 101.7015465, 3.1401659 ], [ 101.7017376, 3.1396952 ], [ 101.701224, 3.1384372 ], [ 101.701222, 3.1381319 ], [ 101.7010852, 3.1377676 ], [ 101.7001417, 3.1383361 ], [ 101.6998668, 3.1387351 ], [ 101.6999981, 3.1391984 ], [ 101.6995502, 3.1393884 ], [ 101.700121, 3.1407432 ], [ 101.6999107, 3.1411234 ], [ 101.7000261, 3.1411443 ], [ 101.700302600000015, 3.1409125 ], [ 101.7007444, 3.1407891 ] ] ], [ [ [ 101.6979577, 3.1402419 ], [ 101.6980268, 3.1403327 ], [ 101.6981396, 3.1401836 ], [ 101.6981335, 3.1401694 ], [ 101.6979577, 3.1402419 ] ] ], [ [ [ 101.6997906, 3.1409348 ], [ 101.6992597, 3.1406904 ], [ 101.6990561, 3.1406634 ], [ 101.6987503, 3.1412064 ], [ 101.6988261, 3.1413316 ], [ 101.6990279, 3.1413336 ], [ 101.6994071, 3.1416048 ], [ 101.6997906, 3.1409348 ] ] ], [ [ [ 101.6990353, 3.1424792 ], [ 101.6985284, 3.1419998 ], [ 101.6985372, 3.1414007 ], [ 101.6986749, 3.1414073 ], [ 101.6987442, 3.1409953 ], [ 101.6988605, 3.1408233 ], [ 101.6988252, 3.1406016 ], [ 101.6992495, 3.1406844 ], [ 101.6992929, 3.140636 ], [ 101.6992565, 3.1405419 ], [ 101.6986489, 3.1403663 ], [ 101.698477, 3.1406318 ], [ 101.69839020000002, 3.1420989 ], [ 101.6988087, 3.1423199 ], [ 101.6989884, 3.1425274 ], [ 101.6990353, 3.1424792 ] ] ], [ [ [ 101.6958144, 3.1422775 ], [ 101.69581, 3.1423581 ], [ 101.6955742, 3.1423453 ], [ 101.6955698, 3.1424438 ], [ 101.6959957, 3.1424652 ], [ 101.6959837, 3.1425939 ], [ 101.6962338, 3.1425619 ], [ 101.69626, 3.1422113 ], [ 101.6962016, 3.1419743 ], [ 101.6956038, 3.1420869 ], [ 101.6956055, 3.1421446 ], [ 101.6959448, 3.1421614 ], [ 101.6959413, 3.1422337 ], [ 101.6958144, 3.1422775 ] ] ], [ [ [ 101.6966754, 3.1424218 ], [ 101.6970581, 3.1424393 ], [ 101.6970472, 3.1422277 ], [ 101.6966829, 3.1422594 ], [ 101.6966754, 3.1424218 ] ] ], [ [ [ 101.6999264, 3.1460969 ], [ 101.699864, 3.1459667 ], [ 101.6997405, 3.1459965 ], [ 101.6998157, 3.1460817 ], [ 101.6999264, 3.1460969 ] ] ], [ [ [ 101.6996152, 3.146698 ], [ 101.7000277, 3.146625 ], [ 101.7000537, 3.146457 ], [ 101.6996633, 3.1465607 ], [ 101.6996152, 3.146698 ] ] ], [ [ [ 101.6992063, 3.1466692 ], [ 101.6990313, 3.1467964 ], [ 101.698751, 3.1471245 ], [ 101.698997800000015, 3.1469129 ], [ 101.6992774, 3.1468694 ], [ 101.6992063, 3.1466692 ] ] ], [ [ [ 101.6998182, 3.1477038 ], [ 101.6999903, 3.1475414 ], [ 101.6998912, 3.1474366 ], [ 101.699719, 3.1475991 ], [ 101.6998182, 3.1477038 ] ] ], [ [ [ 101.6984476, 3.1475661 ], [ 101.6987894, 3.1479841 ], [ 101.6991308, 3.1476648 ], [ 101.6987622, 3.1472718 ], [ 101.6984476, 3.1475661 ] ] ], [ [ [ 101.6946371, 3.1482371 ], [ 101.6946937, 3.1485069 ], [ 101.6947454, 3.1484967 ], [ 101.6946861, 3.1482243 ], [ 101.6946371, 3.1482371 ] ] ], [ [ [ 101.6958784, 3.1480793 ], [ 101.6957366, 3.1481345 ], [ 101.696182800000017, 3.1488278 ], [ 101.6962565, 3.1487983 ], [ 101.6963477, 3.1487287 ], [ 101.6958784, 3.1480793 ] ] ], [ [ [ 101.6941611, 3.1494545 ], [ 101.6938721, 3.1480225 ], [ 101.6931593, 3.1481646 ], [ 101.6934238, 3.1495938 ], [ 101.6941611, 3.1494545 ] ] ], [ [ [ 101.692768, 3.1492741 ], [ 101.6928622, 3.149259 ], [ 101.6930077, 3.1500002 ], [ 101.6933326, 3.1499436 ], [ 101.6929876, 3.1480404 ], [ 101.6929132, 3.1480485 ], [ 101.6927234, 3.1485128 ], [ 101.692768, 3.1492741 ] ] ], [ [ [ 101.6932768, 3.1490648 ], [ 101.6932528, 3.1491575 ], [ 101.6932942, 3.149149 ], [ 101.6932768, 3.1490648 ] ] ], [ [ [ 101.6933063, 3.1492175 ], [ 101.6932801, 3.1493042 ], [ 101.693322, 3.1492958 ], [ 101.6933063, 3.1492175 ] ] ], [ [ [ 101.6933531, 3.1494598 ], [ 101.6932843, 3.149391 ], [ 101.6933002, 3.1494703 ], [ 101.6933531, 3.1494598 ] ] ], [ [ [ 101.6933114, 3.1495449 ], [ 101.6933297, 3.1496424 ], [ 101.693384, 3.1496322 ], [ 101.6933656, 3.1495347 ], [ 101.6933114, 3.1495449 ] ] ], [ [ [ 101.6936675, 3.1501361 ], [ 101.6936998, 3.1500149 ], [ 101.6932211, 3.1501544 ], [ 101.6933551, 3.1502345 ], [ 101.6936675, 3.1501361 ] ] ], [ [ [ 101.6932592, 3.1509636 ], [ 101.6935737, 3.1510621 ], [ 101.6936823, 3.1507775 ], [ 101.6942422, 3.1499774 ], [ 101.6942053, 3.1499058 ], [ 101.6939163, 3.1501984 ], [ 101.6937396, 3.1505465 ], [ 101.693178, 3.1506771 ], [ 101.6932592, 3.1509636 ] ] ], [ [ [ 101.6943986, 3.1502486 ], [ 101.6939324, 3.1507213 ], [ 101.693748, 3.1510902 ], [ 101.6941275, 3.1511565 ], [ 101.6944293, 3.1510587 ], [ 101.6945359, 3.1508398 ], [ 101.6943986, 3.1502486 ] ] ], [ [ [ 101.6949273, 3.1508123 ], [ 101.6947646, 3.150497 ], [ 101.6947029, 3.1504809 ], [ 101.6947501, 3.1509409 ], [ 101.6949273, 3.1508123 ] ] ], [ [ [ 101.6948504, 3.1512716 ], [ 101.6948821, 3.1514308 ], [ 101.6951803, 3.1511846 ], [ 101.6950167, 3.1511491 ], [ 101.6948504, 3.1512716 ] ] ], [ [ [ 101.693692, 3.1518528 ], [ 101.6946482, 3.1518901 ], [ 101.6946378, 3.1515743 ], [ 101.694587, 3.1515158 ], [ 101.6937127, 3.151445 ], [ 101.693692, 3.1518528 ] ] ], [ [ [ 101.6931968, 3.1515247 ], [ 101.6935532, 3.1531852 ], [ 101.6934414, 3.1518197 ], [ 101.6934961, 3.1513965 ], [ 101.6933826, 3.15137 ], [ 101.6931968, 3.1515247 ] ] ], [ [ [ 101.699672230825314, 3.152639131622195 ], [ 101.6995282, 3.1525277 ], [ 101.6994578, 3.1526307 ], [ 101.699575849893762, 3.152727398757552 ], [ 101.699672230825314, 3.152639131622195 ] ] ], [ [ [ 101.699836684678516, 3.152968081990517 ], [ 101.699997600000017, 3.1531251 ], [ 101.7001069, 3.1529977 ], [ 101.699989473861322, 3.152893802776507 ], [ 101.699836684678516, 3.152968081990517 ] ] ], [ [ [ 101.695006, 3.1555214 ], [ 101.69499, 3.1556009 ], [ 101.695536600000011, 3.1557108 ], [ 101.6955527, 3.1556312 ], [ 101.695006, 3.1555214 ] ] ], [ [ [ 101.6936855, 3.1560581 ], [ 101.693553, 3.1555936 ], [ 101.6934513, 3.1556213 ], [ 101.69359, 3.1560981 ], [ 101.693562300000011, 3.1565534 ], [ 101.6934513, 3.1566241 ], [ 101.6934082, 3.1569379 ], [ 101.6930107, 3.1578762 ], [ 101.6924161, 3.15827 ], [ 101.6925424, 3.1584577 ], [ 101.6928136, 3.158513 ], [ 101.6931217, 3.1583654 ], [ 101.6936239, 3.1569441 ], [ 101.6936855, 3.1560581 ] ] ], [ [ [ 101.6982338, 3.159084 ], [ 101.6981333, 3.1591829 ], [ 101.6983635, 3.1591435 ], [ 101.6982338, 3.159084 ] ] ], [ [ [ 101.697228, 3.1598957 ], [ 101.6970999, 3.1599952 ], [ 101.6971093, 3.1600317 ], [ 101.6973619, 3.1598941 ], [ 101.697228, 3.1598957 ] ] ], [ [ [ 101.6967768, 3.1600511 ], [ 101.695537800000011, 3.1608109 ], [ 101.6955498, 3.1608374 ], [ 101.6967768, 3.1600511 ] ] ], [ [ [ 101.699126, 3.1623594 ], [ 101.6988039, 3.1623599 ], [ 101.6988221, 3.1625801 ], [ 101.6991392, 3.1625119 ], [ 101.699126, 3.1623594 ] ] ], [ [ [ 101.6938492, 3.1654919 ], [ 101.69366, 3.1641513 ], [ 101.6933915, 3.1641467 ], [ 101.6938398, 3.1658206 ], [ 101.6939893, 3.1657903 ], [ 101.6938492, 3.1654919 ] ] ], [ [ [ 101.698238700000019, 3.1673806 ], [ 101.698206, 3.1673468 ], [ 101.69814, 3.1674379 ], [ 101.698238700000019, 3.1673806 ] ] ], [ [ [ 101.6972753, 3.1740521 ], [ 101.6962514, 3.1736212 ], [ 101.6960573, 3.1735598 ], [ 101.6960193, 3.1736102 ], [ 101.6972753, 3.1740521 ] ] ], [ [ [ 101.696818, 3.1741747 ], [ 101.6968374, 3.1741149 ], [ 101.69597, 3.1737922 ], [ 101.6957581, 3.1745298 ], [ 101.6957111, 3.1745125 ], [ 101.695621, 3.1747623 ], [ 101.6954511, 3.174713 ], [ 101.6954479, 3.1746045 ], [ 101.6953314, 3.1745963 ], [ 101.6953876, 3.175194 ], [ 101.6955099, 3.1752712 ], [ 101.6969942, 3.175109 ], [ 101.6973227, 3.1742392 ], [ 101.6972869, 3.1741897 ], [ 101.6972185, 3.1743367 ], [ 101.696818, 3.1741747 ] ] ], [ [ [ 101.6972605, 3.1748766 ], [ 101.6971992, 3.1750843 ], [ 101.6975884, 3.1750537 ], [ 101.6977376, 3.1747187 ], [ 101.6980833, 3.1743597 ], [ 101.6975079, 3.1742833 ], [ 101.6972936, 3.1747773 ], [ 101.6973574, 3.1748028 ], [ 101.697323, 3.1749009 ], [ 101.6972605, 3.1748766 ] ] ], [ [ [ 101.6944985, 3.1786561 ], [ 101.694688700000015, 3.1786861 ], [ 101.694665, 3.1787923 ], [ 101.6947796, 3.1788174 ], [ 101.6948569, 3.178402 ], [ 101.694580200000019, 3.1783474 ], [ 101.6944985, 3.1786561 ] ] ], [ [ [ 101.6933973, 3.1787786 ], [ 101.6932672, 3.1789205 ], [ 101.6934027, 3.1790892 ], [ 101.693562300000011, 3.1789754 ], [ 101.6933973, 3.1787786 ] ] ], [ [ [ 101.6966414, 3.1788952 ], [ 101.6958081, 3.1788763 ], [ 101.6958057, 3.1789759 ], [ 101.696232, 3.1789859 ], [ 101.6964751, 3.1791856 ], [ 101.6966174, 3.1795044 ], [ 101.6968922, 3.1792432 ], [ 101.6968946, 3.1790317 ], [ 101.6967004, 3.1788348 ], [ 101.6966414, 3.1788952 ] ] ], [ [ [ 101.696882800000012, 3.1843691 ], [ 101.6969238, 3.1833036 ], [ 101.6951724, 3.1832547 ], [ 101.6956611, 3.1843436 ], [ 101.696882800000012, 3.1843691 ] ] ], [ [ [ 101.696223, 3.1879082 ], [ 101.6975641, 3.1877019 ], [ 101.6977733, 3.1875841 ], [ 101.696459, 3.1874797 ], [ 101.696447, 3.1870251 ], [ 101.6963591, 3.18711 ], [ 101.6957972, 3.1871569 ], [ 101.6957965, 3.1874475 ], [ 101.696223, 3.1879082 ] ] ], [ [ [ 101.7064408, 3.004734 ], [ 101.7063009, 3.004736 ], [ 101.7063048, 3.0048954 ], [ 101.7064446, 3.0048913 ], [ 101.7064408, 3.004734 ] ] ], [ [ [ 101.708863201903242, 3.005613861993247 ], [ 101.70832733827244, 3.005069493491725 ], [ 101.7079279, 3.0051025 ], [ 101.708102200000013, 3.0064185 ], [ 101.70762280000001, 3.0064632 ], [ 101.7071575, 3.0063445 ], [ 101.7072712, 3.0081855 ], [ 101.7093898, 3.0084663 ], [ 101.7095502, 3.0085963 ], [ 101.7097063, 3.0084862 ], [ 101.709737528340398, 3.007340680281218 ], [ 101.709354515125639, 3.006349131385078 ], [ 101.708863201903242, 3.005613861993247 ] ] ], [ [ [ 101.7070681, 3.0115243 ], [ 101.7073752, 3.0115117 ], [ 101.7073564, 3.0110576 ], [ 101.7070494, 3.0110702 ], [ 101.7070681, 3.0115243 ] ] ], [ [ [ 101.707473272148064, 3.012493159309189 ], [ 101.707524528406097, 3.012468630801915 ], [ 101.707702038843479, 3.012361064313588 ], [ 101.7074687, 3.0123697 ], [ 101.707473272148064, 3.012493159309189 ] ] ], [ [ [ 101.7079128, 3.0184032 ], [ 101.7079663, 3.0190202 ], [ 101.708207, 3.0190069 ], [ 101.7080786, 3.0187665 ], [ 101.7080171, 3.0183952 ], [ 101.7079128, 3.0184032 ] ] ], [ [ [ 101.7049009, 3.0254742 ], [ 101.7050226, 3.0256253 ], [ 101.7054614, 3.0252729 ], [ 101.7053397, 3.0251217 ], [ 101.7049009, 3.0254742 ] ] ], [ [ [ 101.703347, 3.0272658 ], [ 101.7033255, 3.0273596 ], [ 101.703167928266211, 3.027331648310182 ], [ 101.7031726, 3.0276756 ], [ 101.7035535, 3.0277801 ], [ 101.703617900000012, 3.0274721 ], [ 101.703347, 3.0272658 ] ] ], [ [ [ 101.7057931, 3.0274897 ], [ 101.70785, 3.0258365 ], [ 101.7077147, 3.0258185 ], [ 101.7076583, 3.0257149 ], [ 101.7073899, 3.0258951 ], [ 101.7054594, 3.0274879 ], [ 101.7050913, 3.0278951 ], [ 101.7050034, 3.0280605 ], [ 101.7046883, 3.0302145 ], [ 101.7043948, 3.0309595 ], [ 101.704039069337881, 3.031327814855692 ], [ 101.704169102788427, 3.031473210469915 ], [ 101.704507, 3.031088 ], [ 101.704696100000021, 3.0306996 ], [ 101.7048751, 3.0302128 ], [ 101.7052326, 3.0283506 ], [ 101.7054908, 3.0278861 ], [ 101.7057931, 3.0274897 ] ] ], [ [ [ 101.7031216, 3.040168 ], [ 101.703631200000018, 3.0401211 ], [ 101.7036254, 3.0395909 ], [ 101.7031154, 3.039598 ], [ 101.7031216, 3.040168 ] ] ], [ [ [ 101.7026232, 3.0401735 ], [ 101.7025748, 3.0396946 ], [ 101.7023544, 3.039697 ], [ 101.702338, 3.0401766 ], [ 101.7026232, 3.0401735 ] ] ], [ [ [ 101.7021963, 3.0428732 ], [ 101.7022526, 3.0429803 ], [ 101.7030868, 3.0431865 ], [ 101.703097500000013, 3.0419437 ], [ 101.7021802, 3.0419411 ], [ 101.7021963, 3.0428732 ] ] ], [ [ [ 101.701833383376652, 3.044945583949096 ], [ 101.7018583, 3.044582 ], [ 101.70140651391668, 3.044476108512274 ], [ 101.701757779508313, 3.044877043721044 ], [ 101.701833383376652, 3.044945583949096 ] ] ], [ [ [ 101.709158736965279, 3.059371100079541 ], [ 101.7084577, 3.0593711 ], [ 101.7086502, 3.0604506 ], [ 101.709547700000016, 3.0599744 ], [ 101.709462152997133, 3.059446685347701 ], [ 101.709158736965279, 3.059371100079541 ] ] ], [ [ [ 101.7108186, 3.0611313 ], [ 101.7108124, 3.0603874 ], [ 101.7102076, 3.0609347 ], [ 101.7108186, 3.0611313 ] ] ], [ [ [ 101.7095813, 3.0640817 ], [ 101.709810100000013, 3.0638688 ], [ 101.70946050000002, 3.0636094 ], [ 101.7093707, 3.0637505 ], [ 101.7095813, 3.0640817 ] ] ], [ [ [ 101.709996, 3.0653884 ], [ 101.7093436, 3.0661686 ], [ 101.7091448, 3.0666338 ], [ 101.7093861, 3.0668944 ], [ 101.7096562, 3.067608 ], [ 101.709668506322799, 3.06806586795552 ], [ 101.709981590500107, 3.067950029481374 ], [ 101.7098947, 3.0677424 ], [ 101.70996, 3.0676083 ], [ 101.7100176, 3.0675992 ], [ 101.710140332175214, 3.067874058737695 ], [ 101.710875690327768, 3.067436575023121 ], [ 101.710736800000021, 3.0672992 ], [ 101.7104554, 3.0672447 ], [ 101.7103287, 3.0671378 ], [ 101.7100654, 3.0663636 ], [ 101.7101094, 3.0661818 ], [ 101.7102164, 3.0660795 ], [ 101.710974300000018, 3.0658144 ], [ 101.7112815, 3.0660553 ], [ 101.7115524, 3.0661151 ], [ 101.711902356962199, 3.066388643002253 ], [ 101.712174106472588, 3.065953632117895 ], [ 101.7116806, 3.0655495 ], [ 101.7115669, 3.0656324 ], [ 101.7110653, 3.0652252 ], [ 101.7105984, 3.0657383 ], [ 101.709996, 3.0653884 ] ], [ [ 101.7104376, 3.0657297 ], [ 101.7104083, 3.0658864 ], [ 101.7102054, 3.065954 ], [ 101.7100064, 3.0661667 ], [ 101.7098592, 3.0660848 ], [ 101.709767, 3.0662767 ], [ 101.709528400000011, 3.0660745 ], [ 101.7100102, 3.0654482 ], [ 101.7104376, 3.0657297 ] ] ], [ [ [ 101.711433, 3.0802896 ], [ 101.711441649110753, 3.080559637457223 ], [ 101.712152780960139, 3.080447229400898 ], [ 101.711433, 3.0802896 ] ] ], [ [ [ 101.7090465, 3.0868386 ], [ 101.709125150812952, 3.086561314825533 ], [ 101.70876610000002, 3.0870294 ], [ 101.7088185, 3.0870724 ], [ 101.7090465, 3.0868386 ] ] ], [ [ [ 101.7056066, 3.1399828 ], [ 101.7058357, 3.1398324 ], [ 101.7056092, 3.1395309 ], [ 101.7054482, 3.1396146 ], [ 101.7056066, 3.1399828 ] ] ], [ [ [ 101.7081122, 3.1404967 ], [ 101.7080198, 3.1400615 ], [ 101.7075206, 3.1402727 ], [ 101.7073473, 3.1404159 ], [ 101.7074565, 3.1406245 ], [ 101.7079138, 3.1406228 ], [ 101.7081122, 3.1404967 ] ] ], [ [ [ 101.7064472, 3.1415049 ], [ 101.706711400000017, 3.1414255 ], [ 101.7065108, 3.1413083 ], [ 101.7064472, 3.1415049 ] ] ], [ [ [ 101.7030556, 3.1416901 ], [ 101.703506600000011, 3.141391 ], [ 101.7038611, 3.1411832 ], [ 101.7030556, 3.1416901 ] ] ], [ [ [ 101.7030097, 3.14171 ], [ 101.7026687, 3.1419187 ], [ 101.7030134, 3.1417162 ], [ 101.7030097, 3.14171 ] ] ], [ [ [ 101.7026315, 3.1419371 ], [ 101.7024528, 3.14203 ], [ 101.7024612, 3.1420444 ], [ 101.7026315, 3.1419371 ] ] ], [ [ [ 101.70147080000001, 3.1425897 ], [ 101.6999978, 3.1426847 ], [ 101.7002613, 3.1427357 ], [ 101.7013859, 3.1426395 ], [ 101.7015512, 3.1425736 ], [ 101.7024099, 3.1420776 ], [ 101.70147080000001, 3.1425897 ] ] ], [ [ [ 101.7041731, 3.1428789 ], [ 101.7041913, 3.1432063 ], [ 101.7043655, 3.1432314 ], [ 101.7041731, 3.1428789 ] ] ], [ [ [ 101.702136300000021, 3.1433214 ], [ 101.7018342, 3.1433081 ], [ 101.7018147, 3.1433864 ], [ 101.7017365, 3.1433815 ], [ 101.701562, 3.1437922 ], [ 101.7014324, 3.143839 ], [ 101.7014915, 3.1444731 ], [ 101.7018279, 3.144249 ], [ 101.7017989, 3.1439137 ], [ 101.702136300000021, 3.1433214 ] ] ], [ [ [ 101.7068078, 3.1467512 ], [ 101.706760963314537, 3.146781798981879 ], [ 101.706791117574582, 3.14698254870091 ], [ 101.7069089, 3.1469056 ], [ 101.7068078, 3.1467512 ] ] ], [ [ [ 101.710214, 3.1476051 ], [ 101.7102966, 3.1473381 ], [ 101.710051600000014, 3.1473126 ], [ 101.7100614, 3.1474896 ], [ 101.7101339, 3.147606 ], [ 101.710214, 3.1476051 ] ] ], [ [ [ 101.7036387, 3.1479971 ], [ 101.703436009866877, 3.148364048471159 ], [ 101.704070037285064, 3.148106987757993 ], [ 101.7036387, 3.1479971 ] ] ], [ [ [ 101.7102071, 3.1487689 ], [ 101.7100988, 3.1486614 ], [ 101.7100786, 3.1488007 ], [ 101.7102071, 3.1487689 ] ] ], [ [ [ 101.70485996697623, 3.15169848387522 ], [ 101.7053538, 3.1517561 ], [ 101.705378784451668, 3.151736782125061 ], [ 101.70485996697623, 3.15169848387522 ] ] ], [ [ [ 101.7057923, 3.151934 ], [ 101.705797815218233, 3.151810794821645 ], [ 101.705547421034154, 3.151761477054574 ], [ 101.7056615, 3.1519211 ], [ 101.7057923, 3.151934 ] ] ], [ [ [ 101.7045429, 3.1521232 ], [ 101.7040578, 3.1521246 ], [ 101.703829983810962, 3.151807729544146 ], [ 101.703444552257125, 3.151911077194185 ], [ 101.7039062, 3.1523349 ], [ 101.7045411, 3.1522652 ], [ 101.7045429, 3.1521232 ] ] ], [ [ [ 101.7012548, 3.1528296 ], [ 101.700922557609957, 3.152554410296271 ], [ 101.7007442, 3.152712 ], [ 101.7010962, 3.1530265 ], [ 101.7012548, 3.1528296 ] ] ], [ [ [ 101.701877100000019, 3.1531657 ], [ 101.7016485, 3.1532347 ], [ 101.7016699, 3.1535427 ], [ 101.7019837, 3.1534302 ], [ 101.701877100000019, 3.1531657 ] ] ], [ [ [ 101.7019797, 3.1535032 ], [ 101.7014278, 3.1537697 ], [ 101.7015579, 3.1539652 ], [ 101.701922, 3.1538018 ], [ 101.7019797, 3.1535032 ] ] ], [ [ [ 101.7047197, 3.1559049 ], [ 101.7045098, 3.1559004 ], [ 101.7043373, 3.1558045 ], [ 101.7042978, 3.1555593 ], [ 101.7044371, 3.1552929 ], [ 101.7046633, 3.1550702 ], [ 101.7050931, 3.1554813 ], [ 101.7053505, 3.1552089 ], [ 101.705913, 3.154908 ], [ 101.7058834, 3.1547857 ], [ 101.705502200000012, 3.1545478 ], [ 101.7051145, 3.1545015 ], [ 101.7050341, 3.1544345 ], [ 101.7045003, 3.1544921 ], [ 101.704326, 3.1548001 ], [ 101.7043756, 3.1550558 ], [ 101.7040926, 3.1555098 ], [ 101.7037024, 3.1556558 ], [ 101.703473, 3.1556276 ], [ 101.7032177, 3.155415 ], [ 101.7028709, 3.154772 ], [ 101.7027849, 3.1543774 ], [ 101.7029004, 3.1532997 ], [ 101.7034659, 3.1531771 ], [ 101.7034321, 3.1531139 ], [ 101.702804889306194, 3.152174710174127 ], [ 101.702338995859989, 3.152441112462392 ], [ 101.70163537704309, 3.152440595877127 ], [ 101.7020407, 3.1528491 ], [ 101.702320300000011, 3.1532792 ], [ 101.7021599, 3.1541078 ], [ 101.7011832, 3.1539165 ], [ 101.7021266, 3.1554686 ], [ 101.7027169, 3.1559215 ], [ 101.7030426, 3.1560793 ], [ 101.7035825, 3.1562268 ], [ 101.7038307, 3.1561959 ], [ 101.7038431, 3.1564368 ], [ 101.704163, 3.1564351 ], [ 101.7044064, 3.156336 ], [ 101.7047197, 3.1559049 ] ], [ [ 101.7043098, 3.156112 ], [ 101.7042096, 3.1558658 ], [ 101.7044064, 3.156336 ], [ 101.7043098, 3.156112 ] ] ], [ [ [ 101.7100626, 3.1562888 ], [ 101.7107868, 3.1570119 ], [ 101.710848500000012, 3.1564763 ], [ 101.7102772, 3.1559273 ], [ 101.7100722, 3.1561539 ], [ 101.7100626, 3.1562888 ] ] ], [ [ [ 101.7050251, 3.1567376 ], [ 101.7048725, 3.1567126 ], [ 101.7047279, 3.1569061 ], [ 101.7048924, 3.15677 ], [ 101.7050251, 3.1567376 ] ] ], [ [ [ 101.7064361, 3.1578225 ], [ 101.7066152, 3.157576 ], [ 101.7063142, 3.1574093 ], [ 101.7062247, 3.1575635 ], [ 101.7062223, 3.1577474 ], [ 101.7064361, 3.1578225 ] ] ], [ [ [ 101.7061633, 3.1576878 ], [ 101.7060486, 3.1576851 ], [ 101.70605, 3.157584 ], [ 101.705999, 3.157584 ], [ 101.7059963, 3.1580868 ], [ 101.7060922, 3.1580534 ], [ 101.7061633, 3.1576878 ] ] ], [ [ [ 101.706343700000019, 3.1581732 ], [ 101.7065207, 3.1578324 ], [ 101.7063852, 3.1579081 ], [ 101.7062773, 3.1581263 ], [ 101.706343700000019, 3.1581732 ] ] ], [ [ [ 101.7113044, 3.1594861 ], [ 101.7108295, 3.1595441 ], [ 101.7105845, 3.1595669 ], [ 101.7106534, 3.1597064 ], [ 101.7108297, 3.1595688 ], [ 101.7112196, 3.1595221 ], [ 101.7113044, 3.1594861 ] ] ], [ [ [ 101.7011221, 3.1625238 ], [ 101.702082255343157, 3.162519509388146 ], [ 101.702222667403433, 3.162362967952145 ], [ 101.702237111851232, 3.162420298723842 ], [ 101.7021547, 3.1614994 ], [ 101.7019925, 3.1610817 ], [ 101.7009974, 3.1613575 ], [ 101.7011221, 3.1625238 ] ] ], [ [ [ 101.706701, 3.1620756 ], [ 101.7067969, 3.1621313 ], [ 101.7069945, 3.1617808 ], [ 101.706776, 3.1619432 ], [ 101.706701, 3.1620756 ] ] ], [ [ [ 101.708488, 3.1621728 ], [ 101.7077664, 3.163057 ], [ 101.708439400000017, 3.1630899 ], [ 101.7087473, 3.1623353 ], [ 101.708488, 3.1621728 ] ] ], [ [ [ 101.7086414, 3.1628152 ], [ 101.7085812, 3.1629455 ], [ 101.7086721, 3.1629872 ], [ 101.7087322, 3.162857 ], [ 101.7086414, 3.1628152 ] ] ], [ [ [ 101.7110098, 3.1674998 ], [ 101.7107713, 3.1674022 ], [ 101.7107798, 3.1675873 ], [ 101.7105389, 3.1675807 ], [ 101.7105298, 3.1677862 ], [ 101.7109168, 3.1678018 ], [ 101.7110098, 3.1674998 ] ] ], [ [ [ 101.7104167, 3.1675339 ], [ 101.7102801, 3.1675303 ], [ 101.7102727, 3.1677717 ], [ 101.7104126, 3.1677729 ], [ 101.7104167, 3.1675339 ] ] ], [ [ [ 101.709807700000013, 3.1677328 ], [ 101.7096927, 3.1677346 ], [ 101.7096937, 3.167799 ], [ 101.7098088, 3.1677972 ], [ 101.709807700000013, 3.1677328 ] ] ], [ [ [ 101.711086, 3.1677133 ], [ 101.7110939, 3.1678769 ], [ 101.7114001, 3.1678773 ], [ 101.7115041, 3.1677117 ], [ 101.711086, 3.1677133 ] ] ], [ [ [ 101.7021734, 3.168113 ], [ 101.7021822, 3.168253 ], [ 101.7025189, 3.168232 ], [ 101.7025102, 3.168092 ], [ 101.7021734, 3.168113 ] ] ], [ [ [ 101.7125221, 3.1680334 ], [ 101.7123317, 3.1680159 ], [ 101.7123706, 3.1681526 ], [ 101.7121922, 3.1683159 ], [ 101.7122331, 3.1683608 ], [ 101.7125516, 3.1681258 ], [ 101.7125221, 3.1680334 ] ] ], [ [ [ 101.7113318, 3.1681215 ], [ 101.7111668, 3.1689756 ], [ 101.7111819, 3.1690343 ], [ 101.7114968, 3.1687559 ], [ 101.7114076, 3.1685571 ], [ 101.711429, 3.1681201 ], [ 101.7113318, 3.1681215 ] ] ], [ [ [ 101.7120158, 3.1684358 ], [ 101.711753, 3.1686621 ], [ 101.7118012, 3.1687518 ], [ 101.7121996, 3.1684626 ], [ 101.7120158, 3.1684358 ] ] ], [ [ [ 101.7109242, 3.1694066 ], [ 101.7109282, 3.1695566 ], [ 101.7112917, 3.1692325 ], [ 101.7112152, 3.1691548 ], [ 101.7109242, 3.1694066 ] ] ], [ [ [ 101.703235, 3.1698244 ], [ 101.7032725, 3.1699462 ], [ 101.7034965, 3.1698766 ], [ 101.7034824, 3.1698016 ], [ 101.703235, 3.1698244 ] ] ], [ [ [ 101.706818700000014, 3.1696557 ], [ 101.706421514889513, 3.170431063685125 ], [ 101.706611455911855, 3.170692659117009 ], [ 101.7070387, 3.1697845 ], [ 101.706818700000014, 3.1696557 ] ] ], [ [ [ 101.7097313, 3.1705053 ], [ 101.7093598, 3.1706567 ], [ 101.7095207, 3.1707376 ], [ 101.7097313, 3.1705053 ] ] ], [ [ [ 101.7046902, 3.1709751 ], [ 101.7049098, 3.1708254 ], [ 101.7049468, 3.1707532 ], [ 101.7047108, 3.1707679 ], [ 101.7046902, 3.1709751 ] ] ], [ [ [ 101.7057703, 3.1716569 ], [ 101.705351900000011, 3.1717874 ], [ 101.7045781, 3.1718463 ], [ 101.7046304, 3.1727381 ], [ 101.7060174, 3.1723676 ], [ 101.7057703, 3.1716569 ] ] ], [ [ [ 101.70135550000002, 3.1742517 ], [ 101.7018, 3.174078 ], [ 101.7018299, 3.1741769 ], [ 101.7022573, 3.1740088 ], [ 101.702182, 3.1739719 ], [ 101.7020899, 3.1736332 ], [ 101.7015976, 3.1737915 ], [ 101.7015234, 3.1739719 ], [ 101.7013043, 3.1741122 ], [ 101.70135550000002, 3.1742517 ] ] ], [ [ [ 101.7028587, 3.177433 ], [ 101.7031398, 3.1782055 ], [ 101.703368412570413, 3.178456435546377 ], [ 101.704519393103794, 3.178029343983187 ], [ 101.705576898474348, 3.177236665323888 ], [ 101.706283535281884, 3.176298465396965 ], [ 101.7049801, 3.1763667 ], [ 101.7037262, 3.176602 ], [ 101.7029309, 3.1766074 ], [ 101.7028461, 3.176707 ], [ 101.7028587, 3.177433 ] ] ], [ [ [ 101.712066900000011, 3.0728638 ], [ 101.7125408, 3.0732614 ], [ 101.7130775, 3.0726218 ], [ 101.7127767, 3.07241 ], [ 101.712066900000011, 3.0728638 ] ] ], [ [ [ 101.7156908, 3.0907949 ], [ 101.7162242, 3.0909843 ], [ 101.7164357, 3.0904187 ], [ 101.7156994, 3.0900584 ], [ 101.7156908, 3.0907949 ] ] ], [ [ [ 101.7174647, 3.1223926 ], [ 101.7176647, 3.1225871 ], [ 101.7177377, 3.1225123 ], [ 101.7172694, 3.1220567 ], [ 101.7171921, 3.1221359 ], [ 101.7173833, 3.122322 ], [ 101.7171246, 3.1225872 ], [ 101.7172017, 3.1226622 ], [ 101.7174647, 3.1223926 ] ] ], [ [ [ 101.7194813, 3.1232197 ], [ 101.7194889, 3.1230914 ], [ 101.7193809, 3.1230797 ], [ 101.7193497, 3.1231893 ], [ 101.7194813, 3.1232197 ] ] ], [ [ [ 101.7162329, 3.12777 ], [ 101.7161375, 3.1278455 ], [ 101.7165659, 3.1285145 ], [ 101.7167475, 3.1283916 ], [ 101.7164776, 3.1279722 ], [ 101.7163768, 3.1280206 ], [ 101.7162329, 3.12777 ] ] ], [ [ [ 101.71631450000001, 3.1286692 ], [ 101.7165025, 3.1286586 ], [ 101.7165274, 3.1285931 ], [ 101.7159519, 3.1276677 ], [ 101.7160163, 3.1280701 ], [ 101.716326600000016, 3.1284138 ], [ 101.71631450000001, 3.1286692 ] ] ], [ [ [ 101.7166248, 3.1286587 ], [ 101.7163632, 3.1287516 ], [ 101.7163959, 3.1292374 ], [ 101.7164641, 3.1293215 ], [ 101.7168706, 3.1290495 ], [ 101.7166248, 3.1286587 ] ] ], [ [ [ 101.7220788, 3.1285939 ], [ 101.7219097, 3.1287252 ], [ 101.7229679, 3.1299798 ], [ 101.7230941, 3.1297927 ], [ 101.7220788, 3.1285939 ] ] ], [ [ [ 101.716931, 3.1291217 ], [ 101.7165472, 3.1293819 ], [ 101.716777, 3.1296298 ], [ 101.717327, 3.1292876 ], [ 101.7172367, 3.1291237 ], [ 101.717025400000011, 3.1292651 ], [ 101.716931, 3.1291217 ] ] ], [ [ [ 101.722109, 3.1305396 ], [ 101.7217623, 3.1301155 ], [ 101.7215794, 3.1302645 ], [ 101.7219261, 3.1306887 ], [ 101.722109, 3.1305396 ] ] ], [ [ [ 101.7145526, 3.1316182 ], [ 101.7145638, 3.1315226 ], [ 101.7140086, 3.1310432 ], [ 101.7138209, 3.1312816 ], [ 101.7137256, 3.1312119 ], [ 101.71382220000001, 3.1313509 ], [ 101.7138734, 3.1313274 ], [ 101.7139774, 3.1315905 ], [ 101.7138808, 3.131633 ], [ 101.7139276, 3.1317445 ], [ 101.7145526, 3.1316182 ] ] ], [ [ [ 101.7229911, 3.131751 ], [ 101.7231117, 3.1314062 ], [ 101.723099, 3.1313857 ], [ 101.7228804, 3.1315637 ], [ 101.7229911, 3.131751 ] ] ], [ [ [ 101.7179377, 3.1316055 ], [ 101.718081269076563, 3.132186969554481 ], [ 101.71835407318369, 3.132023662981926 ], [ 101.7181922, 3.1315358 ], [ 101.7179377, 3.1316055 ] ] ], [ [ [ 101.7136016, 3.1316827 ], [ 101.7132924, 3.1318388 ], [ 101.7134723, 3.1323306 ], [ 101.713798900000015, 3.1321049 ], [ 101.7136016, 3.1316827 ] ] ], [ [ [ 101.72298, 3.1320879 ], [ 101.722933900000015, 3.1322389 ], [ 101.7230024, 3.1322597 ], [ 101.72304840000001, 3.1321087 ], [ 101.72298, 3.1320879 ] ] ], [ [ [ 101.7208012, 3.1319774 ], [ 101.7202323, 3.13217 ], [ 101.7203269, 3.1324489 ], [ 101.7208959, 3.1322564 ], [ 101.7208012, 3.1319774 ] ] ], [ [ [ 101.7225652, 3.1332273 ], [ 101.7229605, 3.1318971 ], [ 101.7228016, 3.1316071 ], [ 101.7227093, 3.1316568 ], [ 101.7228613, 3.1319385 ], [ 101.7225243, 3.1321198 ], [ 101.7226635, 3.1323777 ], [ 101.7225127, 3.1324254 ], [ 101.7226271, 3.1329131 ], [ 101.7223491, 3.1329899 ], [ 101.7224518, 3.133382 ], [ 101.7225652, 3.1332273 ] ] ], [ [ [ 101.7228447, 3.1325437 ], [ 101.722798, 3.132695 ], [ 101.7228648, 3.1327155 ], [ 101.7229115, 3.1325642 ], [ 101.7228447, 3.1325437 ] ] ], [ [ [ 101.722872400000014, 3.1330635 ], [ 101.7227028, 3.1330142 ], [ 101.7226792, 3.1330953 ], [ 101.722848700000014, 3.1331446 ], [ 101.722872400000014, 3.1330635 ] ] ], [ [ [ 101.7218237, 3.1339484 ], [ 101.7218978, 3.1342704 ], [ 101.7218413, 3.1343988 ], [ 101.721718, 3.1344339 ], [ 101.7217848, 3.134654 ], [ 101.7226888, 3.1344023 ], [ 101.7229382, 3.1339856 ], [ 101.722882, 3.1337672 ], [ 101.7227122, 3.1337089 ], [ 101.7218237, 3.1339484 ] ], [ [ 101.7226317, 3.1341821 ], [ 101.7225549, 3.1341267 ], [ 101.7226001, 3.1340603 ], [ 101.7226789, 3.1341058 ], [ 101.7226317, 3.1341821 ] ] ], [ [ [ 101.7204192, 3.1347047 ], [ 101.7204431, 3.1346089 ], [ 101.7203328, 3.1345761 ], [ 101.7203075, 3.1346837 ], [ 101.7204192, 3.1347047 ] ] ], [ [ [ 101.7140237, 3.1369928 ], [ 101.7144365, 3.1372888 ], [ 101.7151129, 3.136293 ], [ 101.7145989, 3.1362166 ], [ 101.7140237, 3.1369928 ] ] ], [ [ [ 101.722588700000017, 3.1395501 ], [ 101.7227806, 3.1396063 ], [ 101.72284310000002, 3.1394844 ], [ 101.7227055, 3.1393503 ], [ 101.7225876, 3.1393578 ], [ 101.722588700000017, 3.1395501 ] ] ], [ [ [ 101.7177438, 3.1401368 ], [ 101.7170062, 3.1403441 ], [ 101.7171394, 3.1407001 ], [ 101.717405600000021, 3.1406829 ], [ 101.7174697, 3.1408675 ], [ 101.717909500000019, 3.1407469 ], [ 101.7177438, 3.1401368 ] ] ], [ [ [ 101.7193303, 3.1406433 ], [ 101.7192981, 3.1406542 ], [ 101.7193118, 3.1406649 ], [ 101.7193303, 3.1406433 ] ] ], [ [ [ 101.7192825, 3.1407105 ], [ 101.7192503, 3.1407214 ], [ 101.719264, 3.1407321 ], [ 101.7192825, 3.1407105 ] ] ], [ [ [ 101.7192572, 3.1407625 ], [ 101.7192251, 3.1407733 ], [ 101.7192387, 3.1407841 ], [ 101.7192572, 3.1407625 ] ] ], [ [ [ 101.7174163, 3.1415784 ], [ 101.7174529, 3.1417058 ], [ 101.7169132, 3.1418539 ], [ 101.7164346, 3.1431982 ], [ 101.7166262, 3.1432939 ], [ 101.7165154, 3.1435172 ], [ 101.716890800000016, 3.1438449 ], [ 101.7176653, 3.1435536 ], [ 101.7175565, 3.1432646 ], [ 101.7184064, 3.1429534 ], [ 101.7185189, 3.1432621 ], [ 101.718733, 3.1431859 ], [ 101.7185662, 3.1427247 ], [ 101.7186496, 3.1422534 ], [ 101.7182274, 3.1420435 ], [ 101.718304100000012, 3.141861 ], [ 101.71811, 3.1418037 ], [ 101.718008, 3.1419345 ], [ 101.7177911, 3.1414594 ], [ 101.7174163, 3.1415784 ] ] ], [ [ [ 101.7225342, 3.1425718 ], [ 101.7225342, 3.1421795 ], [ 101.7223113, 3.1420099 ], [ 101.7221308, 3.1420029 ], [ 101.7221556, 3.1422502 ], [ 101.722782, 3.1436108 ], [ 101.7228952, 3.1435931 ], [ 101.7233175, 3.1450744 ], [ 101.7223029, 3.1454689 ], [ 101.7224675, 3.1458546 ], [ 101.7224472, 3.1460555 ], [ 101.722578329981914, 3.146503945774084 ], [ 101.72292694573153, 3.146267988701398 ], [ 101.7231607, 3.1456569 ], [ 101.723373, 3.1453459 ], [ 101.7234686, 3.1446957 ], [ 101.7234049, 3.1437451 ], [ 101.7231748, 3.1434659 ], [ 101.7230545, 3.1434553 ], [ 101.7225342, 3.1425718 ] ] ], [ [ [ 101.718321, 3.1517901 ], [ 101.7181173, 3.1513344 ], [ 101.7175885, 3.1516159 ], [ 101.7178361, 3.1520397 ], [ 101.718321, 3.1517901 ] ] ], [ [ [ 101.7153183, 3.1514444 ], [ 101.7150074, 3.1516315 ], [ 101.7149035, 3.1517915 ], [ 101.7148432, 3.1521827 ], [ 101.7152421, 3.1521206 ], [ 101.7152354, 3.1528282 ], [ 101.71601, 3.1527947 ], [ 101.716014, 3.1520849 ], [ 101.7156522, 3.1520999 ], [ 101.715683, 3.151445 ], [ 101.7153183, 3.1514444 ] ] ], [ [ [ 101.713591746292579, 3.154089431426445 ], [ 101.713364, 3.1540227 ], [ 101.7132026, 3.1540826 ], [ 101.7123195, 3.1550323 ], [ 101.7121772, 3.1555108 ], [ 101.7122727, 3.1558561 ], [ 101.7122801, 3.1561563 ], [ 101.7121926, 3.1563385 ], [ 101.7121938, 3.156415 ], [ 101.7122583, 3.156411 ], [ 101.7122827, 3.1569049 ], [ 101.7126484, 3.1572044 ], [ 101.713325, 3.1572161 ], [ 101.713321900000011, 3.1571555 ], [ 101.7134884, 3.1571073 ], [ 101.7136389, 3.1572002 ], [ 101.7137665, 3.1571595 ], [ 101.713687600000014, 3.1572934 ], [ 101.7142051, 3.1570836 ], [ 101.7141937, 3.1570067 ], [ 101.7142844, 3.1570417 ], [ 101.7149308, 3.1568128 ], [ 101.71491, 3.1567328 ], [ 101.7149976, 3.156711 ], [ 101.7150165, 3.1567819 ], [ 101.7156158, 3.1570229 ], [ 101.715575500000014, 3.1569189 ], [ 101.715789928285545, 3.156933965452393 ], [ 101.7157736, 3.1570221 ], [ 101.7158223, 3.1570367 ], [ 101.7158531, 3.1569719 ], [ 101.7161216, 3.1569727 ], [ 101.7163381, 3.1568828 ], [ 101.7163665, 3.156946 ], [ 101.7165523, 3.15698 ], [ 101.7165158, 3.1569088 ], [ 101.7161848, 3.1568079 ], [ 101.7165581, 3.1569052 ], [ 101.7173523, 3.1567965 ], [ 101.7174027, 3.1556498 ], [ 101.7172002, 3.1552033 ], [ 101.7172172, 3.1547832 ], [ 101.7145152, 3.1542724 ], [ 101.714691352573524, 3.15448953876609 ], [ 101.714599646882505, 3.154614511979336 ], [ 101.713715919247875, 3.154437188405188 ], [ 101.713217627595739, 3.15441958400921 ], [ 101.713591746292579, 3.154089431426445 ] ] ], [ [ [ 101.7168053, 3.1571695 ], [ 101.7166634, 3.1573963 ], [ 101.7167737, 3.1574538 ], [ 101.7168491, 3.1568885 ], [ 101.7167615, 3.156942 ], [ 101.7168053, 3.1571695 ] ] ], [ [ [ 101.715814200000011, 3.1570853 ], [ 101.7157136, 3.1570221 ], [ 101.7156163, 3.157257 ], [ 101.7157055, 3.1573615 ], [ 101.7157761, 3.1573469 ], [ 101.7157517, 3.1571428 ], [ 101.715814200000011, 3.1570853 ] ] ], [ [ [ 101.7170841, 3.1575619 ], [ 101.7171892, 3.1574762 ], [ 101.7168267, 3.1573551 ], [ 101.7167937, 3.1574655 ], [ 101.7170841, 3.1575619 ] ] ], [ [ [ 101.7205714, 3.1574771 ], [ 101.7205008, 3.1574567 ], [ 101.7204518, 3.157626 ], [ 101.7205224, 3.1576464 ], [ 101.7205714, 3.1574771 ] ] ], [ [ [ 101.7186999, 3.1586372 ], [ 101.7184478, 3.1585388 ], [ 101.7184626, 3.1588146 ], [ 101.7185584, 3.1588093 ], [ 101.7186999, 3.1586372 ] ] ], [ [ [ 101.7186175, 3.1591808 ], [ 101.7186711, 3.1590905 ], [ 101.7185665, 3.1588782 ], [ 101.7184766, 3.1588829 ], [ 101.7184847, 3.1591822 ], [ 101.7186175, 3.1591808 ] ] ], [ [ [ 101.7211928, 3.1591872 ], [ 101.7211613, 3.1592928 ], [ 101.7212675, 3.1593243 ], [ 101.7212989, 3.1592187 ], [ 101.7211928, 3.1591872 ] ] ], [ [ [ 101.7210042, 3.1594351 ], [ 101.7209511, 3.1596126 ], [ 101.7211619, 3.1596755 ], [ 101.721215, 3.159498 ], [ 101.7210042, 3.1594351 ] ] ], [ [ [ 101.7178933, 3.1597941 ], [ 101.717872500000013, 3.1599287 ], [ 101.717967, 3.1599742 ], [ 101.717997900000015, 3.1598189 ], [ 101.7178933, 3.1597941 ] ] ], [ [ [ 101.7190617, 3.1603286 ], [ 101.7190139, 3.1603899 ], [ 101.7191536, 3.1604247 ], [ 101.719539, 3.1603856 ], [ 101.7190617, 3.1603286 ] ] ], [ [ [ 101.7196501, 3.1604289 ], [ 101.7196035, 3.1603798 ], [ 101.7195376, 3.1604024 ], [ 101.719600500000013, 3.1604448 ], [ 101.7196501, 3.1604289 ] ] ], [ [ [ 101.7196448, 3.1604748 ], [ 101.7196855, 3.1605363 ], [ 101.7196814, 3.1604422 ], [ 101.7196448, 3.1604748 ] ] ], [ [ [ 101.7195874, 3.1606517 ], [ 101.7195534, 3.1604736 ], [ 101.719205, 3.1604864 ], [ 101.71925090000002, 3.1605691 ], [ 101.719426, 3.1605398 ], [ 101.7194475, 3.1606556 ], [ 101.7195874, 3.1606517 ] ] ], [ [ [ 101.7187346, 3.1606841 ], [ 101.7191738, 3.1604943 ], [ 101.7190227, 3.1604497 ], [ 101.718904100000017, 3.1605299 ], [ 101.7187791, 3.1604779 ], [ 101.7187346, 3.1606841 ] ] ], [ [ [ 101.7180473, 3.1605002 ], [ 101.7178808, 3.160524 ], [ 101.7178976, 3.1607244 ], [ 101.7180008, 3.160721 ], [ 101.7180473, 3.1605002 ] ] ], [ [ [ 101.71942, 3.160623 ], [ 101.7193482, 3.1606171 ], [ 101.7193685, 3.1606525 ], [ 101.71942, 3.160623 ] ] ], [ [ [ 101.719212700000014, 3.1606799 ], [ 101.7192645, 3.1606757 ], [ 101.719212700000014, 3.160644 ], [ 101.719212700000014, 3.1606799 ] ] ], [ [ [ 101.7180128, 3.160979 ], [ 101.7186606, 3.1609438 ], [ 101.7187716, 3.16048 ], [ 101.7181212, 3.1604958 ], [ 101.7180128, 3.160979 ] ] ], [ [ [ 101.7192921, 3.1607706 ], [ 101.7191434, 3.1606994 ], [ 101.7189137, 3.1607782 ], [ 101.7187274, 3.1607174 ], [ 101.7186871, 3.1609042 ], [ 101.7195506, 3.1608706 ], [ 101.719558, 3.1606807 ], [ 101.7192921, 3.1607706 ] ] ], [ [ [ 101.7179525, 3.1609499 ], [ 101.7179937, 3.1607416 ], [ 101.71790470000002, 3.1607436 ], [ 101.7179525, 3.1609499 ] ] ], [ [ [ 101.713013300000014, 3.163107 ], [ 101.7129732, 3.1629474 ], [ 101.712887, 3.1631018 ], [ 101.713013300000014, 3.163107 ] ] ], [ [ [ 101.721443, 3.1625745 ], [ 101.7210139, 3.1629709 ], [ 101.7210076, 3.1630504 ], [ 101.7215589, 3.1637314 ], [ 101.721584, 3.1638764 ], [ 101.7218831, 3.1636396 ], [ 101.7216936, 3.1633341 ], [ 101.7215955, 3.1623857 ], [ 101.7214443, 3.1624023 ], [ 101.721443, 3.1625745 ] ] ], [ [ [ 101.7185739, 3.1640115 ], [ 101.71878310000001, 3.1642767 ], [ 101.7186275, 3.1646409 ], [ 101.7190754, 3.1646128 ], [ 101.7191371, 3.1641762 ], [ 101.7188622, 3.1637906 ], [ 101.7185739, 3.1640115 ] ] ], [ [ [ 101.7885124, 2.9849604 ], [ 101.7885192, 2.9854031 ], [ 101.7889146, 2.9853971 ], [ 101.7889079, 2.9849543 ], [ 101.7885124, 2.9849604 ] ] ], [ [ [ 101.789792299975389, 2.987267216832056 ], [ 101.790192394407839, 2.987291591514746 ], [ 101.7902484, 2.9870219 ], [ 101.7897894, 2.9870367 ], [ 101.789792299975389, 2.987267216832056 ] ] ], [ [ [ 101.7868169, 2.9939186 ], [ 101.7867361, 2.9940875 ], [ 101.7866878, 2.9951479 ], [ 101.7869289, 2.9953924 ], [ 101.7871622, 2.9954297 ], [ 101.787505, 2.9952312 ], [ 101.7875604, 2.9939873 ], [ 101.7874036, 2.9938486 ], [ 101.7871872, 2.9937865 ], [ 101.7868169, 2.9939186 ] ] ], [ [ [ 101.776109443494619, 3.037753139373968 ], [ 101.777035, 3.0388315 ], [ 101.776746300000013, 3.0391253 ], [ 101.7749362, 3.0399016 ], [ 101.775724, 3.0401026 ], [ 101.7764853, 3.040703 ], [ 101.7770433, 3.0405579 ], [ 101.7772507, 3.0404063 ], [ 101.777373, 3.0400512 ], [ 101.777593017628234, 3.039772584324758 ], [ 101.777113497026704, 3.038819171025353 ], [ 101.776552817374409, 3.038135945940593 ], [ 101.776109443494619, 3.037753139373968 ] ] ], [ [ [ 101.777788740385631, 3.040446148476769 ], [ 101.7777397, 3.0405357 ], [ 101.777848612384901, 3.04084484065078 ], [ 101.777788740385631, 3.040446148476769 ] ] ], [ [ [ 101.777863576222671, 3.041624965786053 ], [ 101.777866317979232, 3.041112799038731 ], [ 101.7778184, 3.0412604 ], [ 101.77747650000002, 3.0413494 ], [ 101.7773553, 3.0416045 ], [ 101.777863576222671, 3.041624965786053 ] ] ], [ [ [ 101.777702440314044, 3.042577551146044 ], [ 101.777241800000013, 3.0429672 ], [ 101.7770061, 3.0430157 ], [ 101.7767819, 3.0428824 ], [ 101.7763132, 3.0428969 ], [ 101.7763692, 3.0430066 ], [ 101.7765951, 3.0430472 ], [ 101.7766581, 3.0432988 ], [ 101.7768043, 3.0434126 ], [ 101.777507589561353, 3.043125943448644 ], [ 101.777702440314044, 3.042577551146044 ] ] ], [ [ [ 101.769871993909874, 3.044154789807493 ], [ 101.7699621, 3.0441041 ], [ 101.769746, 3.043803 ], [ 101.769651778148145, 3.043857662937668 ], [ 101.769871993909874, 3.044154789807493 ] ] ], [ [ [ 101.778205250985579, 3.044953251151413 ], [ 101.7779066, 3.0455405 ], [ 101.7779248, 3.0457209 ], [ 101.7784902, 3.0458777 ], [ 101.778891120134787, 3.045789227803404 ], [ 101.778205250985579, 3.044953251151413 ] ] ], [ [ [ 101.7728054, 3.047006 ], [ 101.7728993, 3.0469256 ], [ 101.7728376, 3.0468586 ], [ 101.7723173, 3.0468345 ], [ 101.7721054, 3.0470167 ], [ 101.7728054, 3.047006 ] ] ], [ [ [ 101.7720249, 3.0610475 ], [ 101.7720115, 3.0614827 ], [ 101.7724393, 3.0617157 ], [ 101.7727545, 3.0611814 ], [ 101.7720249, 3.0610475 ] ] ], [ [ [ 101.7668053, 3.0735742 ], [ 101.767413294465968, 3.073879776835173 ], [ 101.767526494218757, 3.073686447375008 ], [ 101.7673257, 3.0733425 ], [ 101.767197, 3.0733023 ], [ 101.7668053, 3.0735742 ] ] ], [ [ [ 101.766421043128972, 3.075055200755516 ], [ 101.7663413, 3.0750245 ], [ 101.7660436, 3.0748531 ], [ 101.766110770350849, 3.075289237754914 ], [ 101.766421043128972, 3.075055200755516 ] ] ], [ [ [ 101.7472018, 3.0812145 ], [ 101.7469084, 3.0814921 ], [ 101.7471641, 3.0817616 ], [ 101.7474575, 3.0814839 ], [ 101.7472018, 3.0812145 ] ] ], [ [ [ 101.740458355926691, 3.086471475944477 ], [ 101.740226760160439, 3.086481840860585 ], [ 101.7402059, 3.0869243 ], [ 101.7403507, 3.0869243 ], [ 101.740458355926691, 3.086471475944477 ] ] ], [ [ [ 101.7372181, 3.0912439 ], [ 101.737204, 3.0903862 ], [ 101.7367507, 3.0903976 ], [ 101.7367279, 3.0912131 ], [ 101.7372181, 3.0912439 ] ] ], [ [ [ 101.739272500000013, 3.0908079 ], [ 101.738736, 3.0908106 ], [ 101.738711900000013, 3.0913784 ], [ 101.7391062, 3.0913944 ], [ 101.739272500000013, 3.0908079 ] ] ], [ [ [ 101.7427061, 3.0915679 ], [ 101.7425286, 3.0915366 ], [ 101.7424837, 3.0917903 ], [ 101.7426613, 3.0918216 ], [ 101.7427061, 3.0915679 ] ] ], [ [ [ 101.7403293, 3.0929157 ], [ 101.7409274, 3.092913 ], [ 101.7409703, 3.0927336 ], [ 101.740391, 3.0925408 ], [ 101.740289, 3.0928247 ], [ 101.7403293, 3.0929157 ] ] ], [ [ [ 101.741806, 3.0943934 ], [ 101.7417953, 3.0949827 ], [ 101.7424444, 3.0949452 ], [ 101.7419294, 3.0944416 ], [ 101.741806, 3.0943934 ] ] ], [ [ [ 101.7317678, 3.1013454 ], [ 101.7311271, 3.1022033 ], [ 101.7312844, 3.1022892 ], [ 101.7318772, 3.1015407 ], [ 101.7317678, 3.1013454 ] ] ], [ [ [ 101.730235600000015, 3.1130471 ], [ 101.7300481, 3.1133797 ], [ 101.7302958, 3.1135415 ], [ 101.7304733, 3.1131564 ], [ 101.730235600000015, 3.1130471 ] ] ], [ [ [ 101.731952226203461, 3.122563501399667 ], [ 101.731506397696606, 3.12131996902482 ], [ 101.7310884, 3.1218765 ], [ 101.7310924, 3.122001 ], [ 101.7300356, 3.1233709 ], [ 101.731840636672288, 3.124785433823303 ], [ 101.731956786208144, 3.124326472671416 ], [ 101.73204087345556, 3.123444761306497 ], [ 101.731952226203461, 3.122563501399667 ] ] ], [ [ [ 101.7271263, 3.1241441 ], [ 101.7269304, 3.1244503 ], [ 101.7270313, 3.1245146 ], [ 101.7272272, 3.1242084 ], [ 101.7271263, 3.1241441 ] ] ], [ [ [ 101.7413778, 3.1275745 ], [ 101.740941400000011, 3.1273904 ], [ 101.7408439, 3.1276403 ], [ 101.7403466, 3.1275382 ], [ 101.7399901, 3.1283557 ], [ 101.7400755, 3.1284097 ], [ 101.7415083, 3.1281723 ], [ 101.7413778, 3.1275745 ] ] ], [ [ [ 101.7454882, 3.1309539 ], [ 101.745609, 3.1304169 ], [ 101.7447459, 3.1305471 ], [ 101.7446928, 3.1307288 ], [ 101.7454882, 3.1309539 ] ] ], [ [ [ 101.749362603432587, 3.131090966682417 ], [ 101.749268, 3.1314113 ], [ 101.749858147828618, 3.131575357671422 ], [ 101.749678997207212, 3.131377709050192 ], [ 101.749362603432587, 3.131090966682417 ] ] ], [ [ [ 101.7234143, 3.1313461 ], [ 101.7233274, 3.1312304 ], [ 101.7232225, 3.1312774 ], [ 101.7230715, 3.1317745 ], [ 101.7232969, 3.1318449 ], [ 101.7234143, 3.1313461 ] ] ], [ [ [ 101.727235437501733, 3.131437740074589 ], [ 101.7255983, 3.1318753 ], [ 101.7257757, 3.1325371 ], [ 101.727393632295005, 3.132104762966168 ], [ 101.727235437501733, 3.131437740074589 ] ] ], [ [ [ 101.7230807, 3.1324856 ], [ 101.7230204, 3.1324676 ], [ 101.7231255, 3.1323262 ], [ 101.7229543, 3.1322751 ], [ 101.7228808, 3.1325205 ], [ 101.7230547, 3.1325724 ], [ 101.7230807, 3.1324856 ] ] ], [ [ [ 101.7497435, 3.1341862 ], [ 101.74925, 3.1340576 ], [ 101.7491266, 3.1345022 ], [ 101.749604, 3.1347513 ], [ 101.7497435, 3.1341862 ] ] ], [ [ [ 101.7252145, 3.1357876 ], [ 101.7245679, 3.135927 ], [ 101.7247868, 3.136691 ], [ 101.7254215, 3.1365097 ], [ 101.7252145, 3.1357876 ] ] ], [ [ [ 101.7524635, 3.1366988 ], [ 101.7520383, 3.1365235 ], [ 101.7519336, 3.1367696 ], [ 101.7524666, 3.1370342 ], [ 101.7524635, 3.1366988 ] ] ], [ [ [ 101.7541005, 3.1372069 ], [ 101.7536877, 3.1371405 ], [ 101.7535445, 3.1374208 ], [ 101.754026, 3.1376911 ], [ 101.7541005, 3.1372069 ] ] ], [ [ [ 101.7562342, 3.1376567 ], [ 101.7566079, 3.1379206 ], [ 101.7571109, 3.1373025 ], [ 101.7570191, 3.1370816 ], [ 101.7561655, 3.1374944 ], [ 101.7562342, 3.1376567 ] ] ], [ [ [ 101.7544828, 3.1383479 ], [ 101.7546359, 3.1384352 ], [ 101.7544905, 3.1381231 ], [ 101.755062, 3.1378824 ], [ 101.7549527, 3.1376324 ], [ 101.7541996, 3.1379711 ], [ 101.7539535, 3.1383958 ], [ 101.7543221, 3.138629 ], [ 101.7544828, 3.1383479 ] ] ], [ [ [ 101.7472878, 3.1384748 ], [ 101.7468064, 3.1381622 ], [ 101.7463796, 3.1387096 ], [ 101.7459287, 3.138375 ], [ 101.745477432483113, 3.13897339734137 ], [ 101.746080167713188, 3.139078696376895 ], [ 101.747053943827694, 3.139062308048566 ], [ 101.7472878, 3.1384748 ] ] ], [ [ [ 101.7602249, 3.1389791 ], [ 101.760717135546059, 3.138606930252107 ], [ 101.760582725729762, 3.138346624733735 ], [ 101.7600395, 3.1387417 ], [ 101.7602249, 3.1389791 ] ] ], [ [ [ 101.7599716, 3.1388043 ], [ 101.7598149, 3.1389843 ], [ 101.7600238, 3.139206 ], [ 101.7601962, 3.1390182 ], [ 101.7599716, 3.1388043 ] ] ], [ [ [ 101.7596921, 3.1394798 ], [ 101.7599742, 3.139232 ], [ 101.7597913, 3.1390417 ], [ 101.7595484, 3.1393343 ], [ 101.7596921, 3.1394798 ] ] ], [ [ [ 101.7526057, 3.1398279 ], [ 101.7529003, 3.1399964 ], [ 101.7533299, 3.1396002 ], [ 101.7525919, 3.1391337 ], [ 101.7525133, 3.1391717 ], [ 101.7526057, 3.1398279 ] ] ], [ [ [ 101.750966100000014, 3.1406004 ], [ 101.7509389, 3.1409326 ], [ 101.7515713, 3.1416612 ], [ 101.7518552, 3.1416612 ], [ 101.7517538, 3.1411372 ], [ 101.750966100000014, 3.1406004 ] ] ], [ [ [ 101.760665753884268, 3.142653570666435 ], [ 101.761035226230661, 3.141658079892776 ], [ 101.7608257, 3.141329 ], [ 101.7603558, 3.141732 ], [ 101.7604354, 3.1419906 ], [ 101.760372300000014, 3.1420839 ], [ 101.760665753884268, 3.142653570666435 ] ] ], [ [ [ 101.753093215768246, 3.143293217042736 ], [ 101.753594274088854, 3.143857373376731 ], [ 101.7540379, 3.1438844 ], [ 101.7542717, 3.1438141 ], [ 101.7537248, 3.1431141 ], [ 101.753093215768246, 3.143293217042736 ] ] ], [ [ [ 101.7239644, 3.14308 ], [ 101.7239113, 3.1429139 ], [ 101.7238122, 3.1428998 ], [ 101.7238689, 3.143391 ], [ 101.7239857, 3.1434652 ], [ 101.7239609, 3.1438574 ], [ 101.7240918, 3.1440059 ], [ 101.723953800000018, 3.1444547 ], [ 101.723968, 3.1448186 ], [ 101.7237662, 3.145119 ], [ 101.723656340956524, 3.145586069862044 ], [ 101.724217751029911, 3.144766059377262 ], [ 101.724623384106778, 3.143660563428229 ], [ 101.7244635, 3.1435182 ], [ 101.7243927, 3.1432673 ], [ 101.7241626, 3.1430517 ], [ 101.7239644, 3.14308 ] ] ], [ [ [ 101.757333444999574, 3.145039342413816 ], [ 101.75756554187096, 3.145004104653706 ], [ 101.757584800090413, 3.14499920122025 ], [ 101.7574964, 3.1448973 ], [ 101.757333444999574, 3.145039342413816 ] ] ], [ [ [ 101.7580397, 3.1472731 ], [ 101.758051200000011, 3.1478623 ], [ 101.7586717, 3.1478502 ], [ 101.7586507, 3.1467794 ], [ 101.758084, 3.1467905 ], [ 101.7580934, 3.1472721 ], [ 101.7580397, 3.1472731 ] ] ], [ [ [ 101.7584076, 3.1491356 ], [ 101.758653600000017, 3.1499698 ], [ 101.7592091, 3.149714 ], [ 101.7591449, 3.1488816 ], [ 101.7584076, 3.1491356 ] ] ], [ [ [ 101.7611821, 3.148876 ], [ 101.76100240000001, 3.1489671 ], [ 101.7610238, 3.15027 ], [ 101.7607234, 3.1505525 ], [ 101.7610359, 3.1507668 ], [ 101.7614838, 3.1499874 ], [ 101.7622288, 3.1492563 ], [ 101.7618768, 3.1491699 ], [ 101.7615878, 3.1488747 ], [ 101.7611821, 3.148876 ] ] ], [ [ [ 101.7259483, 3.1602669 ], [ 101.7259313, 3.1604902 ], [ 101.7262064, 3.1605077 ], [ 101.726231851776745, 3.160242884941914 ], [ 101.7259483, 3.1602669 ] ] ], [ [ [ 101.7240331, 3.1605424 ], [ 101.7238976, 3.1605427 ], [ 101.7238978, 3.1606562 ], [ 101.7240333, 3.1606559 ], [ 101.7240331, 3.1605424 ] ] ], [ [ [ 101.725934, 3.1605519 ], [ 101.725928, 3.1606248 ], [ 101.7261715, 3.1606446 ], [ 101.7261775, 3.1605716 ], [ 101.725934, 3.1605519 ] ] ], [ [ [ 101.7256675, 3.1612981 ], [ 101.7258002, 3.1613068 ], [ 101.7258259, 3.1608442 ], [ 101.7257041, 3.160844 ], [ 101.7256675, 3.1612981 ] ] ], [ [ [ 101.7262732, 3.1606981 ], [ 101.72592, 3.1606628 ], [ 101.7258712, 3.1612958 ], [ 101.7260222, 3.1613109 ], [ 101.7260087, 3.161375 ], [ 101.7257986, 3.1613587 ], [ 101.7257628, 3.1615623 ], [ 101.7259666, 3.1616027 ], [ 101.7263274, 3.1614396 ], [ 101.7264062, 3.1608538 ], [ 101.7262646, 3.1608405 ], [ 101.7262732, 3.1606981 ] ] ], [ [ [ 101.7308943, 3.1624981 ], [ 101.7314127, 3.1625913 ], [ 101.7315154, 3.1625354 ], [ 101.73153880000001, 3.161766 ], [ 101.7308709, 3.1617753 ], [ 101.7308943, 3.1624981 ] ] ], [ [ [ 101.72928, 3.1634966 ], [ 101.7295263, 3.1635049 ], [ 101.7295407, 3.1630845 ], [ 101.7292928, 3.1631175 ], [ 101.72928, 3.1634966 ] ] ], [ [ [ 101.7272952, 3.1638309 ], [ 101.7268536, 3.1638022 ], [ 101.7268568, 3.1640344 ], [ 101.7272995, 3.1641395 ], [ 101.7272952, 3.1638309 ] ] ], [ [ [ 101.7362189, 3.1676991 ], [ 101.7363929, 3.1676632 ], [ 101.7365605, 3.1673972 ], [ 101.7365199, 3.1672316 ], [ 101.7362525, 3.1670715 ], [ 101.7360819, 3.1671166 ], [ 101.7359318, 3.1673629 ], [ 101.7359771, 3.1675504 ], [ 101.7362189, 3.1676991 ] ], [ [ 101.7361661, 3.1671461 ], [ 101.7364208, 3.1672438 ], [ 101.7363811, 3.1675664 ], [ 101.7361572, 3.1675867 ], [ 101.7360049, 3.1674688 ], [ 101.7360056, 3.1672644 ], [ 101.7361661, 3.1671461 ] ] ], [ [ [ 101.7335487, 3.1691426 ], [ 101.7341745, 3.1688955 ], [ 101.7343333, 3.1689841 ], [ 101.7347879, 3.1690357 ], [ 101.7348662, 3.1685256 ], [ 101.734833200000011, 3.1677239 ], [ 101.7345322, 3.1675471 ], [ 101.733913, 3.1675339 ], [ 101.733333900000019, 3.167795 ], [ 101.7331097, 3.1680981 ], [ 101.7330163, 3.1684665 ], [ 101.7330817, 3.1691099 ], [ 101.7335487, 3.1691426 ] ] ], [ [ [ 101.7361799, 3.1709077 ], [ 101.7360136, 3.1709291 ], [ 101.7360297, 3.1711942 ], [ 101.736432, 3.1711674 ], [ 101.7363194, 3.1709719 ], [ 101.7361826, 3.1709773 ], [ 101.7361799, 3.1709077 ] ] ], [ [ [ 101.7375448, 3.1744777 ], [ 101.73762170000002, 3.1741867 ], [ 101.7375475, 3.1741591 ], [ 101.7375925, 3.1740204 ], [ 101.7371796, 3.1740803 ], [ 101.7373128, 3.1746849 ], [ 101.7375448, 3.1744777 ] ] ], [ [ [ 101.7348377, 3.1961546 ], [ 101.735645, 3.1960414 ], [ 101.7354957, 3.1956759 ], [ 101.7351789, 3.1957205 ], [ 101.7351407, 3.1955106 ], [ 101.734769007202075, 3.195571007327648 ], [ 101.7348377, 3.1961546 ] ] ], [ [ [ 101.733593500000012, 3.2007026 ], [ 101.7336706, 3.200738 ], [ 101.7344733, 3.2011236 ], [ 101.734432600000019, 3.2006092 ], [ 101.733593500000012, 3.2007026 ] ] ], [ [ [ 101.735501900000017, 3.2057971 ], [ 101.7354297, 3.2052964 ], [ 101.7352514, 3.2041507 ], [ 101.7344063, 3.2049167 ], [ 101.7354026, 3.2058983 ], [ 101.735501900000017, 3.2057971 ] ] ], [ [ [ 101.7312188, 3.2074899 ], [ 101.7315949, 3.2077453 ], [ 101.732034700000014, 3.2073689 ], [ 101.731922600000019, 3.2072632 ], [ 101.7318065, 3.2073686 ], [ 101.7315523, 3.2071693 ], [ 101.7312188, 3.2074899 ] ] ], [ [ [ 101.728038195259956, 3.208226579787123 ], [ 101.72857470000001, 3.207691 ], [ 101.7284739, 3.2071726 ], [ 101.727844129663765, 3.207903095676159 ], [ 101.728038195259956, 3.208226579787123 ] ] ], [ [ [ 101.7349808, 3.2073552 ], [ 101.7344557, 3.2071929 ], [ 101.7338691, 3.2077725 ], [ 101.7344364, 3.2083425 ], [ 101.7352647, 3.2079975 ], [ 101.7349808, 3.2073552 ] ] ], [ [ [ 101.7253867, 3.2198328 ], [ 101.7252848, 3.2197096 ], [ 101.7249066, 3.2195141 ], [ 101.7241756, 3.2194346 ], [ 101.7240977, 3.2195269 ], [ 101.7250583, 3.2204491 ], [ 101.7254281, 3.2207077 ], [ 101.7253867, 3.2198328 ] ] ], [ [ [ 101.7247111, 3.2219507 ], [ 101.7242119, 3.221546 ], [ 101.7235903, 3.2223704 ], [ 101.7240853, 3.2227387 ], [ 101.7247111, 3.2219507 ] ] ] ] } },
{ "type": "Feature", "properties": { "land_use": "industrial" }, "geometry": { "type": "MultiPolygon", "coordinates": [ [ [ [ 101.4409599, 3.0033163 ], [ 101.4413373, 3.0044414 ], [ 101.4413769, 3.0044547 ], [ 101.4416602, 3.0038473 ], [ 101.4417275, 3.00385 ], [ 101.4419494, 3.0027531 ], [ 101.441051, 3.0031393 ], [ 101.4409599, 3.0033163 ] ] ], [ [ [ 101.6060916, 3.0041897 ], [ 101.60757107365734, 3.004195591202016 ], [ 101.606731189525362, 3.003734024976162 ], [ 101.606081857630286, 3.003527378774788 ], [ 101.6060916, 3.0041897 ] ] ], [ [ [ 101.611967518312696, 3.012681144598127 ], [ 101.611016506490074, 3.012992196107821 ], [ 101.6109099, 3.0135334 ], [ 101.6121703, 3.0138007 ], [ 101.612781495298833, 3.012595452209126 ], [ 101.611967518312696, 3.012681144598127 ] ] ], [ [ [ 101.6119588, 3.0139351 ], [ 101.6109181, 3.0137235 ], [ 101.6107196, 3.0149636 ], [ 101.6105211, 3.0184 ], [ 101.610749, 3.0184025 ], [ 101.610757, 3.0195007 ], [ 101.6110306, 3.0197712 ], [ 101.6114966, 3.019943 ], [ 101.6129094, 3.0200021 ], [ 101.6128761, 3.019 ], [ 101.6119588, 3.0139351 ] ] ], [ [ [ 101.614240900000013, 3.0261208 ], [ 101.613633, 3.0232566 ], [ 101.6130092, 3.0233222 ], [ 101.612669, 3.0213457 ], [ 101.6107329, 3.0214644 ], [ 101.6107036, 3.0210796 ], [ 101.6103762, 3.0206367 ], [ 101.610371, 3.0204957 ], [ 101.6099953, 3.0205001 ], [ 101.6098317, 3.0210171 ], [ 101.609665400000011, 3.0212501 ], [ 101.609228723324833, 3.021458305975316 ], [ 101.609103372171219, 3.021943083224002 ], [ 101.609019110944445, 3.02282486793124 ], [ 101.609107586706557, 3.023706235325739 ], [ 101.609365399717646, 3.024553314559143 ], [ 101.610046263306486, 3.025689102996702 ], [ 101.610670833941711, 3.026313979406106 ], [ 101.611803878812779, 3.026992987859791 ], [ 101.612647707984181, 3.027248091048922 ], [ 101.613868093897949, 3.02731500628686 ], [ 101.6138681, 3.0272556 ], [ 101.614424836854568, 3.027237911697839 ], [ 101.6141987, 3.0262201 ], [ 101.614240900000013, 3.0261208 ] ] ], [ [ [ 101.588337248965374, 3.030543116251369 ], [ 101.587110824615678, 3.030721005523276 ], [ 101.587313400000014, 3.0311146 ], [ 101.5879009, 3.0317975 ], [ 101.5891658, 3.0310347 ], [ 101.589104741185523, 3.030611756380345 ], [ 101.588337248965374, 3.030543116251369 ] ] ], [ [ [ 101.5910274, 3.0334049 ], [ 101.5926494703656, 3.033752349384123 ], [ 101.592307171233401, 3.032922273392721 ], [ 101.591518843213535, 3.031859021883895 ], [ 101.590457446641068, 3.031071606261658 ], [ 101.589424863017115, 3.030680302244866 ], [ 101.5894986, 3.0320393 ], [ 101.5894488, 3.0320469 ], [ 101.589445, 3.0332797 ], [ 101.5896252, 3.0334712 ], [ 101.5910274, 3.0334049 ] ] ], [ [ [ 101.594639577079988, 3.047257743304578 ], [ 101.594323089037971, 3.046286738996089 ], [ 101.594321206123908, 3.050016469826059 ], [ 101.594537650495809, 3.049451344637876 ], [ 101.594707478031211, 3.048582098024611 ], [ 101.594639577079988, 3.047257743304578 ] ] ], [ [ [ 101.5919023, 3.0482087 ], [ 101.5919548, 3.0495959 ], [ 101.5939102, 3.0495986 ], [ 101.5939086, 3.0479811 ], [ 101.5921962, 3.0479527 ], [ 101.5919023, 3.0482087 ] ] ], [ [ [ 101.595217831300104, 3.051924970939742 ], [ 101.594320589231486, 3.051235968447847 ], [ 101.5943191, 3.0541723 ], [ 101.596438142284853, 3.054174334065427 ], [ 101.596006191999734, 3.052988203694511 ], [ 101.595217831300104, 3.051924970939742 ] ] ], [ [ [ 101.5025651, 3.0588408 ], [ 101.502621759689589, 3.058249414321625 ], [ 101.501541195809097, 3.058001539556056 ], [ 101.500223704306279, 3.058069699801342 ], [ 101.498982623408395, 3.058519393787678 ], [ 101.498251023077273, 3.059013298513175 ], [ 101.497367354013193, 3.059998028177832 ], [ 101.496953739762304, 3.060780311089578 ], [ 101.496666729534809, 3.061857052108929 ], [ 101.4987279, 3.0616166 ], [ 101.4990965, 3.0613127 ], [ 101.499641, 3.0615241 ], [ 101.5003703, 3.0615644 ], [ 101.501348, 3.0613876 ], [ 101.5009921, 3.0594449 ], [ 101.5008106, 3.0592435 ], [ 101.5025651, 3.0588408 ] ] ], [ [ [ 101.465566349478976, 3.067019311317077 ], [ 101.465596582949885, 3.06701774800393 ], [ 101.465507288605963, 3.067016531626302 ], [ 101.465566349478976, 3.067019311317077 ] ] ], [ [ [ 101.566194988383856, 3.080767062713655 ], [ 101.565729854539128, 3.079792695399567 ], [ 101.5637849, 3.0789791 ], [ 101.5631385, 3.0805821 ], [ 101.563172, 3.0806651 ], [ 101.5657523, 3.081802 ], [ 101.566194988383856, 3.080767062713655 ] ] ], [ [ [ 101.557639113862862, 3.080920601937195 ], [ 101.557454204010483, 3.082114005705989 ], [ 101.5587889, 3.0820932 ], [ 101.5589006, 3.0819645 ], [ 101.5589342, 3.0792718 ], [ 101.558632668078147, 3.079173622645716 ], [ 101.558462223543302, 3.079363583998677 ], [ 101.557974394033494, 3.080101344740864 ], [ 101.557639113862862, 3.080920601937195 ] ] ], [ [ [ 101.5607509, 3.0794565 ], [ 101.5607378, 3.0819796 ], [ 101.5622856, 3.081966 ], [ 101.5622976, 3.0804418 ], [ 101.56175540000001, 3.0794559 ], [ 101.5607509, 3.0794565 ] ] ], [ [ [ 101.566266176606462, 3.080993487825672 ], [ 101.5661933, 3.0811613 ], [ 101.566340463341106, 3.081288600206583 ], [ 101.566266176606462, 3.080993487825672 ] ] ], [ [ [ 101.560319873515525, 3.08643190920988 ], [ 101.561514151456635, 3.086720280671021 ], [ 101.56239539038873, 3.086718146248179 ], [ 101.563259281541576, 3.086543226916784 ], [ 101.564450465782286, 3.085973338752343 ], [ 101.565130322495563, 3.085409696458253 ], [ 101.565913612851446, 3.084342627088932 ], [ 101.566248883404555, 3.083523371732229 ], [ 101.566433615125717, 3.082333546457854 ], [ 101.5662211, 3.0823544 ], [ 101.5659618, 3.0824947 ], [ 101.5603381, 3.082525 ], [ 101.560319873515525, 3.08643190920988 ] ] ], [ [ [ 101.5942099, 3.1112491 ], [ 101.5939698, 3.1112084 ], [ 101.5939571, 3.1116362 ], [ 101.5941466, 3.1116672 ], [ 101.5942099, 3.1112491 ] ] ], [ [ [ 101.5881335, 3.1116564 ], [ 101.584949886292435, 3.112924934212947 ], [ 101.585942344982854, 3.113141211027644 ], [ 101.586667635095353, 3.113147125072442 ], [ 101.586885066422383, 3.113833550004483 ], [ 101.587173488547563, 3.11439879443965 ], [ 101.5905827, 3.1125278 ], [ 101.5918383, 3.1117012 ], [ 101.5918475, 3.1116126 ], [ 101.5917981, 3.1112526 ], [ 101.591723, 3.1112167 ], [ 101.5899662, 3.1116988 ], [ 101.5881335, 3.1116564 ] ] ], [ [ [ 101.595907, 3.1191297 ], [ 101.5955626, 3.1191594 ], [ 101.5956241, 3.1196294 ], [ 101.5959569, 3.1196186 ], [ 101.595907, 3.1191297 ] ] ], [ [ [ 101.5769176, 3.2001403 ], [ 101.5769175, 3.1971095 ], [ 101.5768424, 3.1965792 ], [ 101.5778695, 3.1964692 ], [ 101.5775313, 3.1951517 ], [ 101.5774938, 3.19472 ], [ 101.577582100000015, 3.194325 ], [ 101.578102900000019, 3.1932087 ], [ 101.578203187176129, 3.19276186406395 ], [ 101.577610859655096, 3.192836135266364 ], [ 101.576768132887352, 3.193095412516226 ], [ 101.575638211777772, 3.193780027852881 ], [ 101.575016586479521, 3.194407997123158 ], [ 101.574528787462725, 3.195145798650716 ], [ 101.574087432782591, 3.19639552502588 ], [ 101.574026000223299, 3.197720217576055 ], [ 101.574200106022744, 3.198588625819983 ], [ 101.57453941728582, 3.199406206050726 ], [ 101.575328003102541, 3.200469377161933 ], [ 101.5784832, 3.2005413 ], [ 101.5784554, 3.2003056 ], [ 101.578277300000011, 3.2001088 ], [ 101.5769176, 3.2001403 ] ] ], [ [ [ 101.6059651, 3.1985525 ], [ 101.603883522694971, 3.199013676898163 ], [ 101.604090511484529, 3.199762930349402 ], [ 101.6046441, 3.1995891 ], [ 101.6058676, 3.1993859 ], [ 101.6074362, 3.1994419 ], [ 101.608735, 3.1998038 ], [ 101.6100352, 3.2003575 ], [ 101.6112035, 3.2011545 ], [ 101.611456126000107, 3.201414230030097 ], [ 101.612100756283624, 3.200606167672358 ], [ 101.6116609, 3.2005911 ], [ 101.6116685, 3.2001247 ], [ 101.6108322, 3.2001022 ], [ 101.610463, 3.1997862 ], [ 101.6102671, 3.1993951 ], [ 101.6102408, 3.1990189 ], [ 101.6091059, 3.1987393 ], [ 101.6059651, 3.1985525 ] ] ], [ [ [ 101.60513117021776, 3.201400396471867 ], [ 101.606192841880883, 3.202187641987887 ], [ 101.607007919059512, 3.202524557054191 ], [ 101.607552000113301, 3.20264818324194 ], [ 101.6074316, 3.1999193 ], [ 101.6064217, 3.1998537 ], [ 101.604333013586739, 3.200317095897482 ], [ 101.604570345594638, 3.200717059286063 ], [ 101.60513117021776, 3.201400396471867 ] ] ], [ [ [ 101.607575547986286, 3.202651632689871 ], [ 101.608754030772076, 3.202692910788706 ], [ 101.609698790142701, 3.202488577238795 ], [ 101.6106087, 3.2016003 ], [ 101.6108486, 3.2012253 ], [ 101.6098258, 3.2005574 ], [ 101.609393, 3.2003742 ], [ 101.6076946, 3.1998563 ], [ 101.6074526, 3.1998528 ], [ 101.607575547986286, 3.202651632689871 ] ] ], [ [ [ 101.596472429822029, 3.202215816017324 ], [ 101.596780840654205, 3.201610724022467 ], [ 101.597033146381463, 3.200768004725096 ], [ 101.5955993, 3.2005184 ], [ 101.5955805, 3.2006443 ], [ 101.5963932, 3.2007139 ], [ 101.5957092, 3.2017798 ], [ 101.596472429822029, 3.202215816017324 ] ] ], [ [ [ 101.652683814795225, 2.960994008333289 ], [ 101.651952400033082, 2.961487901599277 ], [ 101.651150676250936, 2.962361268750241 ], [ 101.6523333, 2.9628904 ], [ 101.6526769, 2.9628394 ], [ 101.653878300000017, 2.962107 ], [ 101.653516429846093, 2.960648124757044 ], [ 101.652683814795225, 2.960994008333289 ] ] ], [ [ [ 101.613721318546695, 3.012676915800919 ], [ 101.613228047180911, 3.012610232585607 ], [ 101.6128468, 3.0134617 ], [ 101.6127876, 3.0138205 ], [ 101.615343883070821, 3.013348218270989 ], [ 101.6145651329103, 3.01293202682096 ], [ 101.613721318546695, 3.012676915800919 ] ] ], [ [ [ 101.6120908, 3.0324143 ], [ 101.6124839, 3.0324391 ], [ 101.611969813825795, 3.031325668510351 ], [ 101.611827511929349, 3.031680275901331 ], [ 101.6120908, 3.0324143 ] ] ], [ [ [ 101.620960949546983, 3.052619764482802 ], [ 101.622224095774357, 3.052432472863714 ], [ 101.6229987, 3.0518861 ], [ 101.62309, 3.0516766 ], [ 101.623094, 3.0513597 ], [ 101.6230259, 3.0512368 ], [ 101.6227205, 3.0509934 ], [ 101.6222726, 3.0504167 ], [ 101.6213465, 3.0510271 ], [ 101.6212839, 3.0509319 ], [ 101.6198755, 3.0508927 ], [ 101.6197418, 3.0509527 ], [ 101.6197088, 3.051632 ], [ 101.619918526955743, 3.052493895472103 ], [ 101.620960949546983, 3.052619764482802 ] ] ], [ [ [ 101.6588702, 3.0558986 ], [ 101.658066, 3.0557502 ], [ 101.6557281, 3.0546977 ], [ 101.6556045, 3.0545095 ], [ 101.652311041664859, 3.052981101602827 ], [ 101.651993691649167, 3.054268204063765 ], [ 101.651995866641911, 3.055154014490981 ], [ 101.652319534403929, 3.056439526171712 ], [ 101.652956936904474, 3.057516528031447 ], [ 101.6531312, 3.0571953 ], [ 101.655872300000013, 3.0587198 ], [ 101.657111, 3.0580148 ], [ 101.658820623469694, 3.058544105021362 ], [ 101.659287837263719, 3.058216032702997 ], [ 101.6593372, 3.0560782 ], [ 101.6588702, 3.0558986 ] ] ], [ [ [ 101.664247, 3.0593312 ], [ 101.6632047, 3.0594996 ], [ 101.6627322, 3.0597105 ], [ 101.6621305, 3.0604342 ], [ 101.6621057, 3.061171 ], [ 101.662226, 3.0614858 ], [ 101.6633141, 3.061475 ], [ 101.6633825, 3.0612065 ], [ 101.6635162, 3.0610942 ], [ 101.6636165, 3.0607938 ], [ 101.6638687, 3.0608424 ], [ 101.664247, 3.0593312 ] ] ], [ [ [ 101.6632703, 3.0639283 ], [ 101.664779, 3.0641286 ], [ 101.6647379, 3.0621527 ], [ 101.6637204, 3.0621861 ], [ 101.6632703, 3.0639283 ] ] ], [ [ [ 101.6346533, 3.101931 ], [ 101.634895, 3.1019021 ], [ 101.6357611, 3.1022164 ], [ 101.6359855, 3.102633 ], [ 101.63592, 3.1027637 ], [ 101.6359965, 3.1028059 ], [ 101.6357556, 3.1034593 ], [ 101.6354257, 3.1039589 ], [ 101.634146, 3.1038445 ], [ 101.63404, 3.104052 ], [ 101.6369911, 3.1043962 ], [ 101.6370227, 3.1041544 ], [ 101.6382429, 3.1042852 ], [ 101.6383348, 3.1034312 ], [ 101.6391878, 3.1035268 ], [ 101.6393467, 3.1031915 ], [ 101.6391695, 3.1028876 ], [ 101.6370665, 3.1016403 ], [ 101.6368757, 3.1013092 ], [ 101.6363079, 3.1007468 ], [ 101.63594391587128, 3.100182393673337 ], [ 101.634834659324596, 3.100857138399013 ], [ 101.634213108024568, 3.10148506853506 ], [ 101.633537747463606, 3.102624170249202 ], [ 101.633245123068107, 3.103740875973551 ], [ 101.6338597, 3.1038144 ], [ 101.634156, 3.1029256 ], [ 101.633836200000019, 3.1028717 ], [ 101.633950700000014, 3.1022029 ], [ 101.6346533, 3.101931 ] ] ], [ [ [ 101.6256838, 3.1043082 ], [ 101.6256787, 3.1041773 ], [ 101.6255801, 3.1041811 ], [ 101.6255852, 3.1043121 ], [ 101.6256838, 3.1043082 ] ] ], [ [ [ 101.6700632, 3.1118703 ], [ 101.670032, 3.1117263 ], [ 101.6699375, 3.1116531 ], [ 101.6695474, 3.1116637 ], [ 101.6694537, 3.1123512 ], [ 101.6698164, 3.1123808 ], [ 101.6700632, 3.1118703 ] ] ], [ [ [ 101.6681467, 3.1129991 ], [ 101.6678417, 3.1129984 ], [ 101.6678414, 3.1131449 ], [ 101.6676976, 3.1131446 ], [ 101.6676964, 3.1136244 ], [ 101.6681452, 3.1136255 ], [ 101.6681467, 3.1129991 ] ] ], [ [ [ 101.613656809092817, 3.131373171007126 ], [ 101.6140319, 3.1318773 ], [ 101.6144354, 3.1326582 ], [ 101.615472200000013, 3.1325789 ], [ 101.614234134607599, 3.130926239605436 ], [ 101.613656809092817, 3.131373171007126 ] ] ], [ [ [ 101.6293757, 3.1356364 ], [ 101.629645, 3.1356278 ], [ 101.6295876, 3.134995 ], [ 101.6295245, 3.134837 ], [ 101.6294038, 3.1347794 ], [ 101.6293757, 3.1356364 ] ] ], [ [ [ 101.628075, 3.1380662 ], [ 101.628320300000013, 3.137877 ], [ 101.6281707, 3.1376766 ], [ 101.62786060000002, 3.1379275 ], [ 101.628075, 3.1380662 ] ] ], [ [ [ 101.6207825, 3.1453988 ], [ 101.6216781, 3.1459164 ], [ 101.621923, 3.14549 ], [ 101.6209895, 3.1449487 ], [ 101.6207825, 3.1453988 ] ] ], [ [ [ 101.6666124, 3.1498906 ], [ 101.6666641, 3.1497786 ], [ 101.666483700000015, 3.1497261 ], [ 101.666532, 3.149874 ], [ 101.6666124, 3.1498906 ] ] ], [ [ [ 101.616945687290212, 3.199419370699679 ], [ 101.617246991653587, 3.200554913922991 ], [ 101.617664415695387, 3.201335082672425 ], [ 101.61822524381742, 3.20201840521622 ], [ 101.618907923440105, 3.202578621570975 ], [ 101.619686219128539, 3.202994202796416 ], [ 101.620682567085808, 3.203271492958609 ], [ 101.6214328, 3.2027162 ], [ 101.6215081, 3.202325 ], [ 101.6199787, 3.2001247 ], [ 101.61926290000001, 3.1986503 ], [ 101.6188335, 3.1984811 ], [ 101.616945687290212, 3.199419370699679 ] ] ], [ [ [ 101.6661355, 3.2047171 ], [ 101.666019, 3.204803 ], [ 101.6661251, 3.2049464 ], [ 101.6662416, 3.2048605 ], [ 101.6661355, 3.2047171 ] ] ], [ [ [ 101.6557273, 3.205606 ], [ 101.655847, 3.2055761 ], [ 101.655938600000013, 3.2058805 ], [ 101.6556505, 3.2059852 ], [ 101.655372400000019, 3.2067023 ], [ 101.6556766, 3.2068059 ], [ 101.6557681, 3.2064953 ], [ 101.6564727, 3.2066381 ], [ 101.656762136155351, 3.205126734618857 ], [ 101.655800611305466, 3.205026246019931 ], [ 101.6556913, 3.2054685 ], [ 101.6557273, 3.205606 ] ] ], [ [ [ 101.655393700000019, 3.2063356 ], [ 101.655777372977951, 3.205027454248443 ], [ 101.654512859363635, 3.205223348176552 ], [ 101.653321727827802, 3.205793411083915 ], [ 101.652346517813172, 3.206686473208052 ], [ 101.651843515613862, 3.207456984310764 ], [ 101.6521133, 3.2080419 ], [ 101.6528804, 3.2076295 ], [ 101.65307420000002, 3.2079429 ], [ 101.6537226, 3.2075866 ], [ 101.6540284, 3.2080794 ], [ 101.6545836, 3.2074511 ], [ 101.655393700000019, 3.2063356 ] ] ], [ [ [ 101.670244464058811, 3.20709621992006 ], [ 101.670095764976111, 3.205976660902602 ], [ 101.6696695, 3.2059489 ], [ 101.6698305, 3.2065655 ], [ 101.669968600000018, 3.2078447 ], [ 101.670176316381017, 3.207867969325486 ], [ 101.670244464058811, 3.20709621992006 ] ] ], [ [ [ 101.648894599993184, 3.207204872878308 ], [ 101.6488946, 3.207351 ], [ 101.649457363747402, 3.207328183964679 ], [ 101.649058617802922, 3.20722889174845 ], [ 101.648894599993184, 3.207204872878308 ] ] ], [ [ [ 101.6527115, 3.2087141 ], [ 101.6521966, 3.2090434 ], [ 101.6523566, 3.209294 ], [ 101.652972, 3.2092426 ], [ 101.6529103, 3.2086801 ], [ 101.6527115, 3.2087141 ] ] ], [ [ [ 101.625545280389161, 3.211035431649892 ], [ 101.626227969997814, 3.211595634773913 ], [ 101.627010973416688, 3.212012878728749 ], [ 101.6270027, 3.2100091 ], [ 101.6276322, 3.2100585 ], [ 101.6276279, 3.2095565 ], [ 101.6271015, 3.20952 ], [ 101.6271681, 3.2088421 ], [ 101.624294524905679, 3.208628471202026 ], [ 101.624417309250973, 3.209154820917795 ], [ 101.624756657180697, 3.209972348753157 ], [ 101.625545280389161, 3.211035431649892 ] ] ], [ [ [ 101.6529704, 3.2093773 ], [ 101.6522171, 3.2094365 ], [ 101.6523069, 3.2118582 ], [ 101.6523579, 3.2119155 ], [ 101.6550022, 3.2116894 ], [ 101.65505, 3.212355 ], [ 101.6563291, 3.2122913 ], [ 101.6562908, 3.2102913 ], [ 101.654941600000015, 3.21032 ], [ 101.6549256, 3.2099315 ], [ 101.654444, 3.2097531 ], [ 101.6544344, 3.2096703 ], [ 101.654326, 3.2096576 ], [ 101.6542016, 3.2095238 ], [ 101.6529704, 3.2093773 ] ] ], [ [ [ 101.6457538, 3.2140012 ], [ 101.6460105, 3.2138726 ], [ 101.6459476, 3.2137475 ], [ 101.6456909, 3.213876 ], [ 101.6457538, 3.2140012 ] ] ], [ [ [ 101.6499413, 3.2132069 ], [ 101.649610200000012, 3.2143243 ], [ 101.6495074, 3.2154416 ], [ 101.649603835141519, 3.215949343553659 ], [ 101.650322477409446, 3.215642565485334 ], [ 101.651053967365343, 3.215148523976083 ], [ 101.651675510665115, 3.214520536354708 ], [ 101.651966372674636, 3.214114798506991 ], [ 101.6520425, 3.2135872 ], [ 101.6518149, 3.2122034 ], [ 101.6512945, 3.2121979 ], [ 101.6501811, 3.2129219 ], [ 101.6499413, 3.2132069 ] ] ], [ [ [ 101.6416786, 3.2162385 ], [ 101.637945, 3.2158486 ], [ 101.6378849, 3.2172369 ], [ 101.638261113896775, 3.218803601854939 ], [ 101.639413629084586, 3.218956682822305 ], [ 101.640527353379071, 3.218807275797103 ], [ 101.6418987, 3.2177902 ], [ 101.6427621, 3.2174268 ], [ 101.6424039, 3.2160543 ], [ 101.6416786, 3.2162385 ] ] ], [ [ [ 101.6717862, 2.9352118 ], [ 101.671661759179756, 2.935810765272794 ], [ 101.672557621034343, 2.935686335217888 ], [ 101.6725243, 2.9352461 ], [ 101.6717862, 2.9352118 ] ] ], [ [ [ 101.703534264484702, 3.012595959527575 ], [ 101.7041019883752, 3.012816149598999 ], [ 101.704286943787949, 3.012862235156309 ], [ 101.7042748, 3.0125658 ], [ 101.703534264484702, 3.012595959527575 ] ] ], [ [ [ 101.712628763159287, 3.018942695961048 ], [ 101.711842623695603, 3.018100052358025 ], [ 101.711108815076372, 3.0176097825557 ], [ 101.710850765684768, 3.01748787476165 ], [ 101.7107102, 3.0176794 ], [ 101.7107612, 3.018199 ], [ 101.7117072, 3.0189221 ], [ 101.71182, 3.0188858 ], [ 101.7124248, 3.0192737 ], [ 101.712628763159287, 3.018942695961048 ] ] ], [ [ [ 101.704901320380117, 3.019757162858232 ], [ 101.7050068, 3.0197296 ], [ 101.704955399435562, 3.019641469551461 ], [ 101.704901320380117, 3.019757162858232 ] ] ], [ [ [ 101.7123351, 3.0196956 ], [ 101.7105966, 3.0183894 ], [ 101.7101128, 3.0184861 ], [ 101.7095022, 3.0195057 ], [ 101.7115309, 3.0209852 ], [ 101.7123451, 3.0198489 ], [ 101.7123351, 3.0196956 ] ] ], [ [ [ 101.702172352375399, 3.038110106097763 ], [ 101.702119910405628, 3.038149410864138 ], [ 101.7021745, 3.0381582 ], [ 101.702172352375399, 3.038110106097763 ] ] ], [ [ [ 101.70095878743254, 3.039553990711768 ], [ 101.700623640807208, 3.040373188271895 ], [ 101.700445513225318, 3.041423415181638 ], [ 101.7009384, 3.0400628 ], [ 101.70184428956108, 3.038393169597688 ], [ 101.701446468319119, 3.038816264821935 ], [ 101.70095878743254, 3.039553990711768 ] ] ], [ [ [ 101.700433368117714, 3.041685318229935 ], [ 101.700438135774434, 3.041778139746897 ], [ 101.700434604657545, 3.041658652829998 ], [ 101.700433368117714, 3.041685318229935 ] ] ], [ [ [ 101.7021668, 3.0429428 ], [ 101.7021668, 3.0411027 ], [ 101.7012924, 3.0411054 ], [ 101.7012602, 3.0425732 ], [ 101.7011288, 3.0430499 ], [ 101.7020407, 3.0430205 ], [ 101.7021668, 3.0429428 ] ] ], [ [ [ 101.6718385, 3.0594003 ], [ 101.67171, 3.0601203 ], [ 101.6718107, 3.0606772 ], [ 101.6721683, 3.061203 ], [ 101.6725219, 3.0611961 ], [ 101.6726333, 3.060311 ], [ 101.6728923, 3.0596565 ], [ 101.6728363, 3.0596334 ], [ 101.6729136, 3.0593878 ], [ 101.6721442, 3.0591025 ], [ 101.6720117, 3.0594546 ], [ 101.6718385, 3.0594003 ] ] ], [ [ [ 101.695110402690034, 3.06156695461798 ], [ 101.695606641541545, 3.061053730905729 ], [ 101.696051623749156, 3.060388025043155 ], [ 101.6949626, 3.060326 ], [ 101.694861500000016, 3.0615472 ], [ 101.695110402690034, 3.06156695461798 ] ] ], [ [ [ 101.709335, 3.0637948 ], [ 101.7094202, 3.063693 ], [ 101.709343, 3.0636327 ], [ 101.7092639, 3.0637524 ], [ 101.7090549, 3.0635922 ], [ 101.708942100000016, 3.063656 ], [ 101.708985, 3.0639277 ], [ 101.709335, 3.0637948 ] ] ], [ [ [ 101.704065200000016, 3.0761565 ], [ 101.7033723, 3.0764484 ], [ 101.7036935, 3.07807 ], [ 101.7041049, 3.078016 ], [ 101.704354950571741, 3.077543601327459 ], [ 101.704273194636372, 3.076795263757758 ], [ 101.704065200000016, 3.0761565 ] ] ], [ [ [ 101.6942758, 3.0933151 ], [ 101.694040500000014, 3.0914074 ], [ 101.6926321, 3.0905139 ], [ 101.6913038, 3.0922478 ], [ 101.6923091, 3.0930296 ], [ 101.6925202, 3.0930805 ], [ 101.6924501, 3.093465 ], [ 101.6927019, 3.0936786 ], [ 101.6933675, 3.0936774 ], [ 101.6934218, 3.0938047 ], [ 101.6942758, 3.0933151 ] ] ], [ [ [ 101.672701980820065, 3.123243901894359 ], [ 101.672965703212881, 3.123250592404752 ], [ 101.6729091, 3.1231797 ], [ 101.6747543, 3.1217359 ], [ 101.6733256, 3.1201368 ], [ 101.6726458, 3.1194735 ], [ 101.672232, 3.1184725 ], [ 101.6719414, 3.1173161 ], [ 101.6717889, 3.1172114 ], [ 101.6712747, 3.117123 ], [ 101.6687599, 3.1171219 ], [ 101.668638, 3.1174906 ], [ 101.668546400000011, 3.1174887 ], [ 101.668252, 3.1187764 ], [ 101.6684087, 3.118981 ], [ 101.668015349836239, 3.119985285179136 ], [ 101.668590373159589, 3.120024221663748 ], [ 101.668938075647503, 3.120875159302793 ], [ 101.669386269309541, 3.121552139504908 ], [ 101.6706184, 3.1205304 ], [ 101.6707784, 3.1205033 ], [ 101.671725900000013, 3.1222808 ], [ 101.672701980820065, 3.123243901894359 ] ] ], [ [ [ 101.6767564, 3.1278146 ], [ 101.676518, 3.1275334 ], [ 101.6763998, 3.1276333 ], [ 101.6766382, 3.1279145 ], [ 101.6767564, 3.1278146 ] ] ], [ [ [ 101.6893636, 3.1303437 ], [ 101.689286, 3.1302708 ], [ 101.6896093, 3.1299281 ], [ 101.6892215, 3.1295633 ], [ 101.6888476, 3.1299608 ], [ 101.6890813, 3.1301807 ], [ 101.6890047, 3.130262 ], [ 101.6892665, 3.1305083 ], [ 101.6893636, 3.1303437 ] ] ], [ [ [ 101.7103423, 3.1350045 ], [ 101.710503300000013, 3.1352444 ], [ 101.7107974, 3.1348229 ], [ 101.7108371, 3.1346267 ], [ 101.7109551, 3.134557 ], [ 101.7109052, 3.1340987 ], [ 101.7104332, 3.1341924 ], [ 101.7103423, 3.1350045 ] ] ], [ [ [ 101.7079335, 3.1443117 ], [ 101.7075969, 3.1440151 ], [ 101.7073394, 3.143902 ], [ 101.7072928, 3.1440229 ], [ 101.7078014, 3.1442394 ], [ 101.7077156, 3.1443546 ], [ 101.7078464, 3.1444376 ], [ 101.7079335, 3.1443117 ] ] ], [ [ [ 101.6995972, 3.1490166 ], [ 101.6993089, 3.1490742 ], [ 101.699213, 3.1494947 ], [ 101.7001086, 3.1496837 ], [ 101.7002691, 3.1489644 ], [ 101.6996214, 3.1488465 ], [ 101.6995972, 3.1490166 ] ] ], [ [ [ 101.704796231513896, 3.15169561037331 ], [ 101.704855, 3.1520443 ], [ 101.7051025, 3.152132 ], [ 101.705441408029387, 3.151745952646952 ], [ 101.704796231513896, 3.15169561037331 ] ] ], [ [ [ 101.6988255, 3.1586573 ], [ 101.6983897, 3.1588474 ], [ 101.6984554, 3.1590952 ], [ 101.6988547, 3.1590603 ], [ 101.6988255, 3.1586573 ] ] ], [ [ [ 101.6931221, 3.1636666 ], [ 101.693387, 3.1641322 ], [ 101.693525, 3.164042 ], [ 101.6932288, 3.1636042 ], [ 101.6931221, 3.1636666 ] ] ], [ [ [ 101.7078437, 3.1662757 ], [ 101.7081119, 3.1662758 ], [ 101.7081119, 3.1659247 ], [ 101.7078437, 3.1659247 ], [ 101.7078437, 3.1662757 ] ] ], [ [ [ 101.697312, 3.1693229 ], [ 101.69716050000001, 3.1694548 ], [ 101.6971725, 3.1695311 ], [ 101.6974809, 3.169866 ], [ 101.6977063, 3.1697668 ], [ 101.6975802, 3.1694066 ], [ 101.697312, 3.1693229 ] ] ], [ [ [ 101.693691700000016, 3.1719709 ], [ 101.6939726, 3.1720766 ], [ 101.6940638, 3.1718597 ], [ 101.6938901, 3.17178 ], [ 101.693691700000016, 3.1719709 ] ] ], [ [ [ 101.6819686, 3.1884518 ], [ 101.6821498, 3.1885318 ], [ 101.682388300000014, 3.1878814 ], [ 101.6821758, 3.1878206 ], [ 101.6820911, 3.1879215 ], [ 101.6819036, 3.1883275 ], [ 101.6819686, 3.1884518 ] ] ], [ [ [ 101.6797296, 3.1903294 ], [ 101.6796223, 3.1875978 ], [ 101.6793702, 3.1854286 ], [ 101.678457099277182, 3.185703948672974 ], [ 101.677958044029154, 3.18613222694673 ], [ 101.677174948201966, 3.187199346896735 ], [ 101.676839828314613, 3.188018591542172 ], [ 101.67667015392999, 3.188887810944794 ], [ 101.676672446082478, 3.189773601229848 ], [ 101.676846617120688, 3.19064192160297 ], [ 101.677372597032814, 3.191770530190546 ], [ 101.677179454544046, 3.191889490738742 ], [ 101.6775034, 3.1919416 ], [ 101.6775463, 3.1917649 ], [ 101.677262, 3.1912721 ], [ 101.679225300000013, 3.1918988 ], [ 101.6797296, 3.1903294 ] ] ], [ [ [ 101.6804646, 3.1961016 ], [ 101.6813388, 3.1962388 ], [ 101.6813981, 3.1958959 ], [ 101.6802396, 3.1956901 ], [ 101.6801992, 3.1959093 ], [ 101.6804646, 3.1959914 ], [ 101.6804646, 3.1961016 ] ] ], [ [ [ 101.7800253, 2.9999161 ], [ 101.7803875, 3.0001979 ], [ 101.780664, 2.9997967 ], [ 101.7809587, 3.0000909 ], [ 101.7815925, 2.9991956 ], [ 101.7823416, 2.9979246 ], [ 101.7824291, 2.9975295 ], [ 101.7820923161606, 2.996794570599418 ], [ 101.781350679117764, 2.997197667929675 ], [ 101.780671070256673, 2.997761299446065 ], [ 101.779888116858629, 2.998828284362243 ], [ 101.779553036511615, 2.999647441300385 ], [ 101.779429616021588, 3.0001974637288 ], [ 101.7798777, 2.9998816 ], [ 101.7800253, 2.9999161 ] ] ], [ [ [ 101.784145844269716, 3.00545174484348 ], [ 101.784744999121969, 3.005377095214488 ], [ 101.785113786290594, 3.005283220329749 ], [ 101.784336, 3.0047081 ], [ 101.784145844269716, 3.00545174484348 ] ] ], [ [ [ 101.768211972132946, 3.022927692598665 ], [ 101.76732874173014, 3.023912405495615 ], [ 101.766767876891151, 3.025112469938884 ], [ 101.766577680744959, 3.026424536900634 ], [ 101.766686737555986, 3.027387020223263 ], [ 101.7667664, 3.0273371 ], [ 101.7677871, 3.02749 ], [ 101.7680742, 3.02584 ], [ 101.769637639535773, 3.022135753297061 ], [ 101.768943280109482, 3.022433732133535 ], [ 101.768211972132946, 3.022927692598665 ] ] ], [ [ [ 101.769901489319054, 3.038481649993109 ], [ 101.769611405072197, 3.038886135486426 ], [ 101.7702337, 3.0399195 ], [ 101.7709268, 3.0407881 ], [ 101.7720459, 3.0400417 ], [ 101.7707531, 3.0381124 ], [ 101.770460954650247, 3.037910464534341 ], [ 101.769901489319054, 3.038481649993109 ] ] ], [ [ [ 101.7689853, 3.0404913 ], [ 101.7699304, 3.0397625 ], [ 101.769488931484233, 3.039092754156147 ], [ 101.769226329516655, 3.039620676251741 ], [ 101.7689853, 3.0404913 ] ] ], [ [ [ 101.7708648, 3.0414603 ], [ 101.7710842, 3.0413212 ], [ 101.7706286, 3.0407104 ], [ 101.7695739, 3.0413676 ], [ 101.770329, 3.042425 ], [ 101.7711583, 3.0418966 ], [ 101.7708648, 3.0414603 ] ] ], [ [ [ 101.768911400115172, 3.041793409833718 ], [ 101.769183653198183, 3.042935220509134 ], [ 101.7701233, 3.0423419 ], [ 101.768929122469544, 3.040769818935992 ], [ 101.768911400115172, 3.041793409833718 ] ] ], [ [ [ 101.777126349650345, 3.043839504506266 ], [ 101.77751053912057, 3.043119632065447 ], [ 101.7770203, 3.0432705 ], [ 101.776788900000014, 3.0434621 ], [ 101.7766083, 3.0433043 ], [ 101.7766365, 3.0430394 ], [ 101.7763148, 3.0429718 ], [ 101.7762584, 3.0428759 ], [ 101.7768284, 3.042859 ], [ 101.77691870000001, 3.0419347 ], [ 101.7768171, 3.0417318 ], [ 101.7764503, 3.0413373 ], [ 101.7768284, 3.0410386 ], [ 101.7756657, 3.0401311 ], [ 101.7751521, 3.0400353 ], [ 101.7748135, 3.0398042 ], [ 101.7746216, 3.0399169 ], [ 101.7737298, 3.0397422 ], [ 101.7736113, 3.0398099 ], [ 101.7738935, 3.0407229 ], [ 101.7744692, 3.0410386 ], [ 101.7750392, 3.0418727 ], [ 101.775694, 3.0426392 ], [ 101.775773, 3.0435297 ], [ 101.7763487, 3.0448542 ], [ 101.777126349650345, 3.043839504506266 ] ] ], [ [ [ 101.7789797, 3.0495445 ], [ 101.779352871833339, 3.04969434685974 ], [ 101.779582872566721, 3.048654258649497 ], [ 101.779580597873505, 3.047768542305742 ], [ 101.779304886283597, 3.046617147148479 ], [ 101.7790309, 3.0466719 ], [ 101.7790651, 3.0470245 ], [ 101.7770144, 3.0469563 ], [ 101.7770827, 3.0475081 ], [ 101.7775384, 3.0481338 ], [ 101.7789797, 3.0495445 ] ] ], [ [ [ 101.7142817, 3.1118498 ], [ 101.7143621, 3.1119047 ], [ 101.7145573, 3.1117695 ], [ 101.7136976, 3.1106406 ], [ 101.71314910000001, 3.1109231 ], [ 101.7140128, 3.1120473 ], [ 101.7142817, 3.1118498 ] ] ], [ [ [ 101.709873301755835, 3.111308490329569 ], [ 101.709703617516425, 3.11217768190053 ], [ 101.70971591988355, 3.113130289185544 ], [ 101.7102786, 3.1131568 ], [ 101.7113595, 3.1133596 ], [ 101.7123356, 3.1136736 ], [ 101.7138489, 3.1147856 ], [ 101.7155195, 3.1155117 ], [ 101.714373, 3.1136278 ], [ 101.713685200000015, 3.1127905 ], [ 101.712768, 3.1120251 ], [ 101.7120474, 3.1116523 ], [ 101.7110778, 3.1113317 ], [ 101.710140675106516, 3.110634209842536 ], [ 101.709873301755835, 3.111308490329569 ] ] ], [ [ [ 101.709765360818295, 3.113459504616457 ], [ 101.710029681902583, 3.114348865821369 ], [ 101.710447055026521, 3.11512896854842 ], [ 101.711335410901668, 3.116109164537661 ], [ 101.712069326437941, 3.116599373307712 ], [ 101.712884277488342, 3.116936232983457 ], [ 101.713748945375769, 3.117106798354131 ], [ 101.714630100862237, 3.117104514955115 ], [ 101.715855983312778, 3.116798171106051 ], [ 101.7156508, 3.1163116 ], [ 101.7157902, 3.1160973 ], [ 101.7157044, 3.1158991 ], [ 101.7136016, 3.1149993 ], [ 101.7122444, 3.1139655 ], [ 101.710855, 3.1135369 ], [ 101.709765360818295, 3.113459504616457 ] ] ], [ [ [ 101.7130964, 3.1275736 ], [ 101.7152109, 3.1252462 ], [ 101.7152753, 3.1247695 ], [ 101.715978, 3.1227769 ], [ 101.7159083, 3.1219145 ], [ 101.7161014, 3.1211271 ], [ 101.7161443, 3.1203182 ], [ 101.716375, 3.1197612 ], [ 101.7164072, 3.1185613 ], [ 101.7162087, 3.1176346 ], [ 101.715913965878428, 3.116935670604239 ], [ 101.715061491282981, 3.117487626326401 ], [ 101.714440027042642, 3.118115571074458 ], [ 101.713764801828191, 3.119254658573654 ], [ 101.713511190217048, 3.120102945492434 ], [ 101.713449865258426, 3.12142749490061 ], [ 101.713624001773908, 3.122295793570794 ], [ 101.71396330935535, 3.123113257747316 ], [ 101.714524750608248, 3.123925709041967 ], [ 101.713838847689402, 3.124220626011526 ], [ 101.713107452783959, 3.124714632916164 ], [ 101.712987152501924, 3.124824806498627 ], [ 101.7132108, 3.1251523 ], [ 101.71199761895339, 3.126081860413275 ], [ 101.7130964, 3.1275736 ] ] ], [ [ [ 101.7267922, 3.1229766 ], [ 101.7272937, 3.122311 ], [ 101.7271341, 3.122074 ], [ 101.7267787, 3.1223954 ], [ 101.7265588, 3.1224844 ], [ 101.7264334, 3.1227188 ], [ 101.7267922, 3.1229766 ] ] ], [ [ [ 101.7282733, 3.1239313 ], [ 101.7280508, 3.1243286 ], [ 101.730795400000019, 3.1259699 ], [ 101.7309902, 3.1256508 ], [ 101.7282918, 3.1241106 ], [ 101.7283577, 3.1239787 ], [ 101.7309248, 3.1254197 ], [ 101.7310579, 3.1251809 ], [ 101.7284912, 3.1235887 ], [ 101.728322, 3.1236675 ], [ 101.7281844, 3.1238815 ], [ 101.7282733, 3.1239313 ] ] ], [ [ [ 101.7201294, 3.1276774 ], [ 101.720388409935538, 3.12740099807704 ], [ 101.720266004554745, 3.126877178386261 ], [ 101.719926690121184, 3.126059721656571 ], [ 101.71936524466372, 3.125247277942885 ], [ 101.720051143304147, 3.124952358114766 ], [ 101.720782530802097, 3.124458349051531 ], [ 101.72162742924418, 3.123525906528239 ], [ 101.721437800000018, 3.1235225 ], [ 101.7200014, 3.1239141 ], [ 101.7185261, 3.1243841 ], [ 101.7186066, 3.1248605 ], [ 101.7194667, 3.1278262 ], [ 101.7201294, 3.1276774 ] ] ], [ [ [ 101.73866975007077, 3.125645593417104 ], [ 101.737717775498737, 3.125852647008484 ], [ 101.737336, 3.126686 ], [ 101.73736, 3.1267732 ], [ 101.7389857, 3.1275698 ], [ 101.7390678, 3.1275338 ], [ 101.739915076919971, 3.125696610366318 ], [ 101.73866975007077, 3.125645593417104 ] ] ], [ [ [ 101.7155063, 3.126593 ], [ 101.717342112114181, 3.129298382449352 ], [ 101.7168903, 3.1295789 ], [ 101.7169853, 3.1297015 ], [ 101.716873, 3.1297909 ], [ 101.7174936, 3.1304006 ], [ 101.7176168, 3.1303509 ], [ 101.717501200000015, 3.1301028 ], [ 101.717775074903557, 3.129953449093724 ], [ 101.7175555, 3.1301309 ], [ 101.7176333, 3.1303666 ], [ 101.7179652, 3.1303837 ], [ 101.7195068, 3.1292224 ], [ 101.7174184, 3.1264436 ], [ 101.7186148, 3.1256167 ], [ 101.718298500000017, 3.1244531 ], [ 101.717408, 3.1237836 ], [ 101.7149028, 3.1260949 ], [ 101.7155063, 3.126593 ] ] ], [ [ [ 101.7155845, 3.128653 ], [ 101.7153016, 3.1270006 ], [ 101.714918, 3.1270809 ], [ 101.7151621, 3.1284307 ], [ 101.7155845, 3.128653 ] ] ], [ [ [ 101.7126334, 3.1341526 ], [ 101.7130666, 3.134369 ], [ 101.7130022, 3.1337496 ], [ 101.7126334, 3.1341526 ] ] ], [ [ [ 101.7528748, 3.1350609 ], [ 101.753631, 3.1350656 ], [ 101.7536447, 3.1341312 ], [ 101.7528766, 3.1339098 ], [ 101.7528748, 3.1350609 ] ] ], [ [ [ 101.7197326, 3.139895 ], [ 101.7195526, 3.1397052 ], [ 101.719301, 3.1396103 ], [ 101.7183133, 3.1398402 ], [ 101.7183446, 3.1399577 ], [ 101.7184548, 3.1399279 ], [ 101.7185385, 3.1402091 ], [ 101.7198311, 3.1401619 ], [ 101.7197326, 3.139895 ] ] ], [ [ [ 101.7154984, 3.1575197 ], [ 101.7153162, 3.1579378 ], [ 101.7160354, 3.1581191 ], [ 101.71631210000001, 3.1577457 ], [ 101.7154984, 3.1575197 ] ] ], [ [ [ 101.7162513, 3.1582988 ], [ 101.7161585, 3.1585196 ], [ 101.7163742, 3.1586261 ], [ 101.7168998, 3.157634 ], [ 101.716684, 3.1575518 ], [ 101.7165979, 3.1575876 ], [ 101.7161693, 3.1582412 ], [ 101.7162513, 3.1582988 ] ] ], [ [ [ 101.7367486, 3.1631912 ], [ 101.7367904, 3.1647797 ], [ 101.7383075, 3.1646708 ], [ 101.738221568705654, 3.163735553551509 ], [ 101.737397180726688, 3.163187460710552 ], [ 101.7367486, 3.1631912 ] ] ], [ [ [ 101.739448688225224, 3.165371785584897 ], [ 101.739149386864725, 3.1648080331892 ], [ 101.7389359, 3.1647962 ], [ 101.7388098, 3.1654229 ], [ 101.739448688225224, 3.165371785584897 ] ] ] ] } },
{ "type": "Feature", "properties": { "land_use": "residential" }, "geometry": { "type": "MultiPolygon", "coordinates": [ [ [ [ 101.459156984114344, 2.971591659266085 ], [ 101.457852523057326, 2.971789180821199 ], [ 101.456661261005195, 2.972358894270279 ], [ 101.455685788662876, 2.973251737486124 ], [ 101.455197839177785, 2.973989471439741 ], [ 101.454956275019185, 2.974543165086781 ], [ 101.4595231, 2.9745454 ], [ 101.4598441, 2.9744578 ], [ 101.4602182, 2.9742061 ], [ 101.461581314584464, 2.972302887628365 ], [ 101.460462305814417, 2.971783338770899 ], [ 101.459156984114344, 2.971591659266085 ] ] ], [ [ [ 101.444518487533941, 2.98873413947352 ], [ 101.443705079075485, 2.989075001706886 ], [ 101.442973444075605, 2.9895688517264 ], [ 101.442351699012676, 2.99019671146711 ], [ 101.44173838174143, 2.991202454587563 ], [ 101.4458666, 2.9911406 ], [ 101.447638540120707, 2.988921460135456 ], [ 101.447128336395664, 2.988728295982227 ], [ 101.446263648648213, 2.988557390798831 ], [ 101.445382410669637, 2.98855936379007 ], [ 101.444518487533941, 2.98873413947352 ] ] ], [ [ [ 101.44796094465795, 2.997036981192861 ], [ 101.448692576920706, 2.996543125639096 ], [ 101.449576317853129, 2.99555844103334 ], [ 101.449989994411595, 2.994776167832083 ], [ 101.450307674925142, 2.993488935343107 ], [ 101.450305705884105, 2.992602984033317 ], [ 101.449982307786115, 2.991317191486733 ], [ 101.449301577068951, 2.99018114300213 ], [ 101.448350967894555, 2.989314069725689 ], [ 101.4476466, 2.9904941 ], [ 101.446801, 2.99268 ], [ 101.444705823492754, 2.9974256560293 ], [ 101.445402362680611, 2.997554611595104 ], [ 101.446283607831759, 2.99755263265497 ], [ 101.447147535323381, 2.997377850126072 ], [ 101.44796094465795, 2.997036981192861 ] ] ], [ [ [ 101.4456364, 2.993583 ], [ 101.445962100000017, 2.9926136 ], [ 101.4458151, 2.9923203 ], [ 101.444281, 2.9917212 ], [ 101.441569356179826, 2.991637586908421 ], [ 101.441422073106153, 2.992184186029835 ], [ 101.441337648223438, 2.993066070453953 ], [ 101.441425978052465, 2.993947568208984 ], [ 101.441683668462147, 2.994794803459956 ], [ 101.442100816706926, 2.995575217038735 ], [ 101.442661391960542, 2.996258817734289 ], [ 101.443343851379538, 2.996819334892123 ], [ 101.444121968020738, 2.997235228020913 ], [ 101.444213909410806, 2.997268068446888 ], [ 101.4443851, 2.9970014 ], [ 101.4450992, 2.9955162 ], [ 101.4458268, 2.9937411 ], [ 101.4456364, 2.993583 ] ] ], [ [ [ 101.572010192543829, 2.993262918793082 ], [ 101.571522366808694, 2.99400064593611 ], [ 101.571187072271911, 2.994819877174152 ], [ 101.571017194653933, 2.995689129800307 ], [ 101.571019262769269, 2.996574998671665 ], [ 101.57119319754986, 2.997443439988472 ], [ 101.571532315021372, 2.998261079632337 ], [ 101.572023583127674, 2.998996495776529 ], [ 101.572648122539618, 2.999621426469074 ], [ 101.573381932202878, 3.000111855772752 ], [ 101.574196811739029, 3.000448936714808 ], [ 101.575061445244003, 3.000619715573206 ], [ 101.575942604823027, 3.000617629664339 ], [ 101.576806427598399, 3.000442759504942 ], [ 101.577619717103374, 3.000101825663629 ], [ 101.57835121904067, 2.999607930431257 ], [ 101.578972822373359, 2.998980054247074 ], [ 101.579648298243981, 2.997840991305632 ], [ 101.579902097107166, 2.996992667672427 ], [ 101.579986399639409, 2.996110866197977 ], [ 101.579803603473366, 2.994854488734993 ], [ 101.5780935, 2.9956418 ], [ 101.5777489, 2.9949614 ], [ 101.5766193, 2.9955369 ], [ 101.574573070885592, 2.991699391966475 ], [ 101.573761621849158, 2.991950609108477 ], [ 101.572985487637027, 2.992370036969359 ], [ 101.572010192543829, 2.993262918793082 ] ] ], [ [ [ 101.439937408729421, 3.001106480625239 ], [ 101.438807385082555, 3.001790856747351 ], [ 101.437923626911768, 3.002775544546441 ], [ 101.437362244107632, 3.003975743918456 ], [ 101.437171584285736, 3.005288094307438 ], [ 101.437368068548537, 3.006599576111692 ], [ 101.437934776770049, 3.007797244147688 ], [ 101.438822904419368, 3.008777954834457 ], [ 101.439966581260947, 3.009461040956666 ], [ 101.4412458, 3.0077776 ], [ 101.4417472, 3.0068258 ], [ 101.4416879, 3.0058478 ], [ 101.4415303, 3.0050623 ], [ 101.4408339, 3.0031994 ], [ 101.4405594, 3.0021667 ], [ 101.442307, 3.0015632 ], [ 101.442556101865151, 3.0008489464806 ], [ 101.442097631133549, 3.000779375408698 ], [ 101.441216380633307, 3.000781353088494 ], [ 101.439937408729421, 3.001106480625239 ] ] ], [ [ [ 101.44539920036668, 3.002758756959194 ], [ 101.444511080438829, 3.001778052381456 ], [ 101.443777254001347, 3.001287488471458 ], [ 101.443212710771149, 3.001039708114043 ], [ 101.4428966, 3.0017801 ], [ 101.4424475, 3.0039557 ], [ 101.4425481, 3.005857 ], [ 101.445789, 3.0051422 ], [ 101.4458581, 3.0049433 ], [ 101.445840895820311, 3.003607626393495 ], [ 101.44539920036668, 3.002758756959194 ] ] ], [ [ [ 101.572020181843911, 3.013927183521973 ], [ 101.573168334867177, 3.013851029974169 ], [ 101.574010958870787, 3.013591873109112 ], [ 101.574787100136888, 3.013172432026435 ], [ 101.575466932059157, 3.01260882597775 ], [ 101.576024329346694, 3.011922714295174 ], [ 101.576437871963336, 3.011140463994483 ], [ 101.576691668222239, 3.01029213648586 ], [ 101.576775965414456, 3.009410332335354 ], [ 101.576687524518064, 3.008528938471567 ], [ 101.576429744599935, 3.007681825977333 ], [ 101.576012532140965, 3.006901548502344 ], [ 101.575451920313853, 3.006218091306899 ], [ 101.574769452847775, 3.005657719000805 ], [ 101.573991356156071, 3.005241966249745 ], [ 101.573147531535128, 3.004986810229505 ], [ 101.57227040615409, 3.004902056627278 ], [ 101.572070923020519, 3.004912382382869 ], [ 101.572020181843911, 3.013927183521973 ] ] ], [ [ [ 101.569095086417406, 3.006233148495468 ], [ 101.5695159, 3.0068228 ], [ 101.5696202, 3.0068586 ], [ 101.569612316037492, 3.005791385597353 ], [ 101.569095086417406, 3.006233148495468 ] ] ], [ [ [ 101.568176629346965, 3.007589232783626 ], [ 101.567979806489959, 3.00811004556847 ], [ 101.5683639, 3.0078212 ], [ 101.568176629346965, 3.007589232783626 ] ] ], [ [ [ 101.437696331504256, 3.012345874071534 ], [ 101.436812570761504, 3.013330568566363 ], [ 101.436391448784292, 3.014133890312616 ], [ 101.4392301, 3.0136164 ], [ 101.4396256, 3.0132192 ], [ 101.439740880552819, 3.011391543230041 ], [ 101.438826362329337, 3.01166148975868 ], [ 101.437696331504256, 3.012345874071534 ] ] ], [ [ [ 101.57057064208739, 3.013600042014793 ], [ 101.571626626458254, 3.013886317467807 ], [ 101.5711932, 3.0133163 ], [ 101.571669200000017, 3.0130196 ], [ 101.5716398, 3.0118191 ], [ 101.5700841, 3.0118008 ], [ 101.570074410632785, 3.013353231617225 ], [ 101.57057064208739, 3.013600042014793 ] ] ], [ [ [ 101.444096, 3.016236 ], [ 101.445042575429511, 3.016013135906538 ], [ 101.445028810950532, 3.015379927924815 ], [ 101.444808752527265, 3.014382511889763 ], [ 101.4439013, 3.0144795 ], [ 101.444096, 3.016236 ] ] ], [ [ [ 101.436257032485017, 3.017154606429344 ], [ 101.436823754755167, 3.01835227136714 ], [ 101.437493544204571, 3.019134913143707 ], [ 101.4402684, 3.0181712 ], [ 101.4400127, 3.0172039 ], [ 101.4394463, 3.017393 ], [ 101.4389359, 3.0153866 ], [ 101.4400819, 3.014938 ], [ 101.4398199, 3.0139137 ], [ 101.4396166, 3.0138148 ], [ 101.4380941, 3.0141977 ], [ 101.43625646189318, 3.014515855569945 ], [ 101.436144953661326, 3.014961236527738 ], [ 101.436060537283225, 3.015843125114725 ], [ 101.436257032485017, 3.017154606429344 ] ] ], [ [ [ 101.56952285184758, 3.019399573737808 ], [ 101.568884635676781, 3.019925075801378 ], [ 101.5705267, 3.0199081 ], [ 101.570527982337737, 3.018897148981933 ], [ 101.56952285184758, 3.019399573737808 ] ] ], [ [ [ 101.575152783528821, 3.026395758425738 ], [ 101.5751649, 3.0255049 ], [ 101.5746733, 3.025214 ], [ 101.5756868, 3.0238564 ], [ 101.5764333, 3.022317 ], [ 101.5759903, 3.0218927 ], [ 101.5756747, 3.0208503 ], [ 101.575747968217541, 3.020614533896703 ], [ 101.574872377756492, 3.019651022112573 ], [ 101.574138547723123, 3.019160605845816 ], [ 101.572895496188153, 3.018716801191606 ], [ 101.571993717379144, 3.018633332615203 ], [ 101.572007271325802, 3.027668420667539 ], [ 101.572916392561041, 3.027581020461303 ], [ 101.57375902462465, 3.027321854689247 ], [ 101.574535171420507, 3.026902405404877 ], [ 101.575152783528821, 3.026395758425738 ] ] ], [ [ [ 101.567682, 3.0220482 ], [ 101.5683232, 3.0233374 ], [ 101.567574532849804, 3.023723845535514 ], [ 101.56773060333694, 3.024473020691952 ], [ 101.568199730960245, 3.025507512398238 ], [ 101.5697461, 3.0246758 ], [ 101.5705857, 3.024657 ], [ 101.5705763, 3.0227392 ], [ 101.5695128, 3.0227419 ], [ 101.5691655, 3.0228825 ], [ 101.5683836, 3.0215109 ], [ 101.5682803, 3.0215131 ], [ 101.567682, 3.0220482 ] ] ], [ [ [ 101.441286882504656, 3.022248673296299 ], [ 101.439200707707244, 3.023327786274175 ], [ 101.439036056249051, 3.023478490263436 ], [ 101.438252559299741, 3.024545534768829 ], [ 101.437917140413361, 3.02536481587517 ], [ 101.437792185977557, 3.025924153201116 ], [ 101.4391247, 3.0252373 ], [ 101.4411585, 3.0239222 ], [ 101.4422793, 3.023309 ], [ 101.4423242, 3.0230273 ], [ 101.442147367454425, 3.022150938411925 ], [ 101.441286882504656, 3.022248673296299 ] ] ], [ [ [ 101.58322853238721, 3.025633146037046 ], [ 101.582745562561342, 3.025488734168189 ], [ 101.582744, 3.0256347 ], [ 101.58322853238721, 3.025633146037046 ] ] ], [ [ [ 101.568321291357194, 3.025702686513848 ], [ 101.568740598062391, 3.026224285301085 ], [ 101.5684316, 3.0256457 ], [ 101.568321291357194, 3.025702686513848 ] ] ], [ [ [ 101.586206015975023, 3.029870220568152 ], [ 101.586117552368052, 3.028988835770807 ], [ 101.585859748674963, 3.028141736290457 ], [ 101.585178893502913, 3.027005912102187 ], [ 101.584554324105582, 3.026381008600817 ], [ 101.583820488216205, 3.025890606622336 ], [ 101.583658839799824, 3.025814219257457 ], [ 101.5827354, 3.0258149 ], [ 101.5827187, 3.0300828 ], [ 101.5836819, 3.0304992 ], [ 101.5852121, 3.0306366 ], [ 101.586151258022809, 3.030548620027484 ], [ 101.586206015975023, 3.029870220568152 ] ] ], [ [ [ 101.5781028, 3.0301779 ], [ 101.578148798247241, 3.032628920354926 ], [ 101.578540104086429, 3.033083969183552 ], [ 101.579601505234692, 3.033871402278542 ], [ 101.580416416762972, 3.03420845499411 ], [ 101.581281078228713, 3.034379204915456 ], [ 101.582239687691057, 3.034365354298306 ], [ 101.5821664, 3.0320985 ], [ 101.5822541, 3.0318763 ], [ 101.582236800000018, 3.0302888 ], [ 101.5817601, 3.029889 ], [ 101.5815872, 3.0298867 ], [ 101.5811412, 3.0295792 ], [ 101.5802991, 3.0288926 ], [ 101.5801354, 3.028859 ], [ 101.5796506, 3.0290479 ], [ 101.5786591, 3.0299069 ], [ 101.5781028, 3.0301779 ] ] ], [ [ [ 101.577246567344687, 3.03038735871692 ], [ 101.577562226820774, 3.031620259064869 ], [ 101.57796307120374, 3.032373178845519 ], [ 101.5779481, 3.0303538 ], [ 101.577246567344687, 3.03038735871692 ] ] ], [ [ [ 101.5868781, 3.0314888 ], [ 101.585571, 3.0311885 ], [ 101.5839409, 3.0310269 ], [ 101.5838526, 3.031071 ], [ 101.5829829, 3.0308423 ], [ 101.5828061, 3.0308684 ], [ 101.5828162, 3.031799 ], [ 101.582712, 3.0318812 ], [ 101.582676090324085, 3.034291225137191 ], [ 101.583441081139171, 3.03405179762377 ], [ 101.584053714235637, 3.033731397395474 ], [ 101.583873562384397, 3.034629825220012 ], [ 101.583875667897871, 3.035515684448951 ], [ 101.584199246471954, 3.036801292399813 ], [ 101.584616491762688, 3.037581551427224 ], [ 101.585504697712892, 3.038562009949505 ], [ 101.586238546806626, 3.03905240266585 ], [ 101.586381729062438, 3.039120060713175 ], [ 101.5876334, 3.0391125 ], [ 101.587858, 3.0389483 ], [ 101.587894, 3.0388242 ], [ 101.5879288, 3.0356788 ], [ 101.5879193, 3.0351308 ], [ 101.5878143, 3.0348747 ], [ 101.5878124, 3.0329383 ], [ 101.5877121, 3.0325819 ], [ 101.5873513, 3.0320213 ], [ 101.5871949, 3.0319212 ], [ 101.5864972, 3.0318892 ], [ 101.5865293, 3.0315649 ], [ 101.5868781, 3.0314888 ] ] ], [ [ [ 101.5882484, 3.0458106 ], [ 101.5879647, 3.0448807 ], [ 101.587966796717751, 3.044253257748962 ], [ 101.587373010142997, 3.044663746339213 ], [ 101.586751412162585, 3.045291645165115 ], [ 101.586263608785202, 3.046029389781852 ], [ 101.585927054551149, 3.046853867560725 ], [ 101.586328, 3.0469819 ], [ 101.5866263, 3.0471712 ], [ 101.5871956, 3.0477919 ], [ 101.5874967, 3.0477931 ], [ 101.5886578, 3.0467757 ], [ 101.588681, 3.0463472 ], [ 101.5882484, 3.0458106 ] ] ], [ [ [ 101.5030486, 3.0609962 ], [ 101.5035279, 3.060887 ], [ 101.5040797, 3.0608986 ], [ 101.5042312, 3.0592821 ], [ 101.5041885, 3.0592355 ], [ 101.5031168, 3.0591892 ], [ 101.5029848, 3.059304 ], [ 101.502935100000016, 3.060927 ], [ 101.5030486, 3.0609962 ] ] ], [ [ [ 101.505294421027443, 3.060856222862272 ], [ 101.504842983220016, 3.059980504769352 ], [ 101.504343573631715, 3.059364607783573 ], [ 101.5042197, 3.0607847 ], [ 101.505294421027443, 3.060856222862272 ] ] ], [ [ [ 101.468117436088704, 3.058790307419628 ], [ 101.4681176, 3.0618161 ], [ 101.4678513, 3.0618169 ], [ 101.4678677, 3.0612479 ], [ 101.4655846, 3.0612536 ], [ 101.4651756, 3.0613332 ], [ 101.4636474, 3.06137 ], [ 101.463660200000021, 3.0607129 ], [ 101.4626914, 3.0607051 ], [ 101.4627634, 3.0621506 ], [ 101.4618377, 3.0622576 ], [ 101.4631086, 3.0633389 ], [ 101.4617887, 3.0643345 ], [ 101.461567459973111, 3.064578979707963 ], [ 101.462087432360107, 3.065375059238418 ], [ 101.462532723252835, 3.06583745453975 ], [ 101.4647815, 3.0641417 ], [ 101.4658659, 3.0640979 ], [ 101.467503, 3.0653078 ], [ 101.4683075, 3.0654544 ], [ 101.469053410590817, 3.065337554181981 ], [ 101.469525611833149, 3.064621206066686 ], [ 101.469860987103885, 3.06380192516314 ], [ 101.470030924266212, 3.062932612744243 ], [ 101.470028893246862, 3.062046675761512 ], [ 101.469854972514412, 3.061178159934483 ], [ 101.469515846000178, 3.060360441444962 ], [ 101.469024546199776, 3.059624944369212 ], [ 101.468117436088704, 3.058790307419628 ] ] ], [ [ [ 101.584548261056, 3.062890387435865 ], [ 101.5867823, 3.0628877 ], [ 101.587289423847778, 3.062872352648202 ], [ 101.586811312427074, 3.062747811789173 ], [ 101.585934144969059, 3.06266311032861 ], [ 101.585057393748741, 3.062752066552323 ], [ 101.584548261056, 3.062890387435865 ] ] ], [ [ [ 101.4851555, 3.0651967 ], [ 101.4851398, 3.0662927 ], [ 101.4854912, 3.0662977 ], [ 101.4855069, 3.0652017 ], [ 101.4851555, 3.0651967 ] ] ], [ [ [ 101.48264540000001, 3.0658451 ], [ 101.4826491, 3.0655647 ], [ 101.48254547539247, 3.065425736749208 ], [ 101.482293349946943, 3.06619854261825 ], [ 101.4827628, 3.0662127 ], [ 101.4827641, 3.0658458 ], [ 101.48264540000001, 3.0658451 ] ] ], [ [ [ 101.455014548736358, 3.066128420381211 ], [ 101.4547531, 3.0668314 ], [ 101.4550495, 3.0668997 ], [ 101.454996, 3.0673637 ], [ 101.455308912177159, 3.067382242962312 ], [ 101.455240233564709, 3.066886156885574 ], [ 101.455014548736358, 3.066128420381211 ] ] ], [ [ [ 101.582758767304256, 3.0639943716201 ], [ 101.581975502064694, 3.065061427088113 ], [ 101.581534086477902, 3.066311106779276 ], [ 101.581472536759165, 3.067635788638774 ], [ 101.581646537978912, 3.068504210334624 ], [ 101.581985728038902, 3.069321819972026 ], [ 101.582774111174686, 3.070385062491454 ], [ 101.583835571491989, 3.071172456982361 ], [ 101.584939936903325, 3.071581611212629 ], [ 101.583854381512651, 3.071991849755202 ], [ 101.583122864407457, 3.072485787811293 ], [ 101.582659601463135, 3.072937219342684 ], [ 101.585704, 3.07291 ], [ 101.5859669, 3.0727239 ], [ 101.5858937, 3.0666643 ], [ 101.5859306, 3.063441 ], [ 101.583427927334398, 3.063438734865028 ], [ 101.582758767304256, 3.0639943716201 ] ] ], [ [ [ 101.4850424, 3.0675886 ], [ 101.4828838, 3.0675221 ], [ 101.4824358, 3.0676006 ], [ 101.482203829988975, 3.067739972582435 ], [ 101.482517674719261, 3.068961137290309 ], [ 101.482934911067034, 3.069741486732887 ], [ 101.483495570826989, 3.070425012914999 ], [ 101.484539273462261, 3.071201918539278 ], [ 101.4846755, 3.0710104 ], [ 101.485220500000011, 3.070644 ], [ 101.4850875, 3.0701534 ], [ 101.4851218, 3.0676764 ], [ 101.4850424, 3.0675886 ] ] ], [ [ [ 101.4864439, 3.0701741 ], [ 101.4877571, 3.0702148 ], [ 101.487845, 3.0701291 ], [ 101.4878693, 3.0690208 ], [ 101.4858202, 3.0689838 ], [ 101.4857845, 3.0703522 ], [ 101.4864439, 3.0701741 ] ] ], [ [ [ 101.5245682, 3.0720381 ], [ 101.524953681354873, 3.072056884973263 ], [ 101.525415907826371, 3.071023621115262 ], [ 101.5255231, 3.0705787 ], [ 101.5252078, 3.0697565 ], [ 101.5240055, 3.0702336 ], [ 101.524538400000012, 3.0717455 ], [ 101.5245682, 3.0720381 ] ] ], [ [ [ 101.5219794, 3.0715818 ], [ 101.5214865, 3.0714265 ], [ 101.5213145, 3.072109 ], [ 101.521822, 3.0722307 ], [ 101.5219, 3.0721746 ], [ 101.5219794, 3.0715818 ] ] ], [ [ [ 101.583139688888195, 3.079472099832878 ], [ 101.583873581854121, 3.079962471013324 ], [ 101.584529159798308, 3.080242600343211 ], [ 101.5856895, 3.0782602 ], [ 101.5858361, 3.0778667 ], [ 101.5858972, 3.0774 ], [ 101.5859012, 3.0749173 ], [ 101.5859653, 3.0745329 ], [ 101.5859619, 3.0737482 ], [ 101.5857328, 3.0735164 ], [ 101.582208339143719, 3.073522796859229 ], [ 101.58182580827544, 3.074252800552806 ], [ 101.581508371383023, 3.075539959584966 ], [ 101.581576288016322, 3.076864326765882 ], [ 101.582023710495221, 3.078111847250288 ], [ 101.582515063650533, 3.078847220590071 ], [ 101.583139688888195, 3.079472099832878 ] ] ], [ [ [ 101.544919392797212, 3.077601266314636 ], [ 101.544550896560111, 3.078555136740358 ], [ 101.5462156, 3.0786938 ], [ 101.5464066, 3.0785947 ], [ 101.5463974, 3.076308 ], [ 101.545942932931339, 3.076314281055033 ], [ 101.545407236563634, 3.076863504986482 ], [ 101.544919392797212, 3.077601266314636 ] ] ], [ [ [ 101.5591769, 3.0790286 ], [ 101.559273269435408, 3.078593742299884 ], [ 101.558743152926937, 3.079050486665292 ], [ 101.5591769, 3.0790286 ] ] ], [ [ [ 101.559159, 3.0806013 ], [ 101.56003, 3.0805977 ], [ 101.5600243, 3.0792243 ], [ 101.5591532, 3.079228 ], [ 101.559159, 3.0806013 ] ] ], [ [ [ 101.55305730000002, 3.0801382 ], [ 101.553332983334698, 3.080366170716248 ], [ 101.553380025103124, 3.079627013358362 ], [ 101.55305730000002, 3.0801382 ] ] ], [ [ [ 101.584383284463328, 3.082158569982679 ], [ 101.583882831763972, 3.083186967280162 ], [ 101.5851371, 3.0840343 ], [ 101.5860287, 3.0844893 ], [ 101.5891109, 3.084253 ], [ 101.5900767, 3.0843262 ], [ 101.5912924, 3.0842331 ], [ 101.5912599, 3.0833202 ], [ 101.592371278467169, 3.083186596279297 ], [ 101.591891777178702, 3.082195711381448 ], [ 101.5871442, 3.0821037 ], [ 101.5860804, 3.0818802 ], [ 101.585094045010649, 3.081332003444314 ], [ 101.584383284463328, 3.082158569982679 ] ] ], [ [ [ 101.551142031733505, 3.083626925977218 ], [ 101.5509645, 3.0824634 ], [ 101.5508249, 3.0823574 ], [ 101.5486009, 3.0823574 ], [ 101.5484858, 3.0824676 ], [ 101.548428, 3.0828959 ], [ 101.549253, 3.0830078 ], [ 101.5505247, 3.0836496 ], [ 101.5504403, 3.0838266 ], [ 101.550591521374486, 3.083902932716156 ], [ 101.551142031733505, 3.083626925977218 ] ] ], [ [ [ 101.5849245, 3.0862108 ], [ 101.5847058, 3.0863207 ], [ 101.584371929618129, 3.087140520158475 ], [ 101.584659066672103, 3.087535246154317 ], [ 101.585283701430939, 3.088160118688986 ], [ 101.586416851252309, 3.088839111401429 ], [ 101.587649575994661, 3.08915120533608 ], [ 101.587848300000019, 3.0886348 ], [ 101.5877464, 3.0883675 ], [ 101.5883792, 3.0882678 ], [ 101.5883657, 3.0877703 ], [ 101.589275, 3.0877763 ], [ 101.589326, 3.0868181 ], [ 101.5892428, 3.0863956 ], [ 101.5884972, 3.0863515 ], [ 101.5876657, 3.0864144 ], [ 101.5869093, 3.0866233 ], [ 101.5865016, 3.0866447 ], [ 101.5849245, 3.0862108 ] ] ], [ [ [ 101.5881461, 3.0910503 ], [ 101.5882873, 3.0911151 ], [ 101.588285854728554, 3.090775409828628 ], [ 101.587335814823703, 3.0909466701811 ], [ 101.587548, 3.0910369 ], [ 101.5881461, 3.0910503 ] ] ], [ [ [ 101.5864917, 3.0915655 ], [ 101.586612200000019, 3.0914662 ], [ 101.586718738443736, 3.091184762297999 ], [ 101.586216454566042, 3.091458948653218 ], [ 101.5864917, 3.0915655 ] ] ], [ [ [ 101.584306105808707, 3.093976782526686 ], [ 101.584126073356117, 3.095490841580869 ], [ 101.584505, 3.0956208 ], [ 101.5856074, 3.0936991 ], [ 101.5855752, 3.093592 ], [ 101.584675923293304, 3.093099231276238 ], [ 101.584306105808707, 3.093976782526686 ] ] ], [ [ [ 101.584879402865582, 3.097797727126276 ], [ 101.585767704891879, 3.098778141921008 ], [ 101.58650161823536, 3.099268498888236 ], [ 101.587054010781301, 3.099511781958805 ], [ 101.5870562, 3.0989407 ], [ 101.5888635, 3.0981284 ], [ 101.5884132, 3.0978781 ], [ 101.58851660000002, 3.0974727 ], [ 101.5851464, 3.0966791 ], [ 101.584258162268114, 3.09638461325599 ], [ 101.584462097311174, 3.097017489025485 ], [ 101.584879402865582, 3.097797727126276 ] ] ], [ [ [ 101.582170394048475, 3.107049175634952 ], [ 101.5831247, 3.107188 ], [ 101.5832368, 3.1064065 ], [ 101.5830804, 3.1059009 ], [ 101.582912273608684, 3.105760056596502 ], [ 101.582402279568541, 3.106522561034782 ], [ 101.582170394048475, 3.107049175634952 ] ] ], [ [ [ 101.581893842013542, 3.108283920974396 ], [ 101.5819968, 3.1082483 ], [ 101.581923580501979, 3.108029408495214 ], [ 101.581897224361526, 3.108211077193411 ], [ 101.581893842013542, 3.108283920974396 ] ] ], [ [ [ 101.583390340686961, 3.112017738555493 ], [ 101.584023745315093, 3.112490395349731 ], [ 101.5844455, 3.112318 ], [ 101.5845148, 3.1117374 ], [ 101.5837204, 3.1117214 ], [ 101.583390340686961, 3.112017738555493 ] ] ], [ [ [ 101.587296430432133, 3.11460384058496 ], [ 101.587863118312981, 3.115297175177384 ], [ 101.588297467406491, 3.115673354604472 ], [ 101.5883236, 3.1140812 ], [ 101.587296430432133, 3.11460384058496 ] ] ], [ [ [ 101.578600400000013, 3.1467283 ], [ 101.578634891135422, 3.145617373376656 ], [ 101.577802062253383, 3.145704099457046 ], [ 101.576591306690275, 3.146139449076545 ], [ 101.5777298, 3.1466832 ], [ 101.578600400000013, 3.1467283 ] ] ], [ [ [ 101.575705750649533, 3.146761195928216 ], [ 101.575377002792422, 3.147087330511491 ], [ 101.5757646, 3.1469312 ], [ 101.575705750649533, 3.146761195928216 ] ] ], [ [ [ 101.5791026, 3.1470572 ], [ 101.5789558, 3.1471464 ], [ 101.5790962, 3.1474522 ], [ 101.579338600000014, 3.1474585 ], [ 101.5803146, 3.1486815 ], [ 101.5806527, 3.1488408 ], [ 101.581667695699991, 3.146755551226124 ], [ 101.581178331662429, 3.146370455823217 ], [ 101.580400088546057, 3.145954797227494 ], [ 101.579556127817526, 3.145699741830689 ], [ 101.578884013286512, 3.14562471055304 ], [ 101.5789622, 3.1465222 ], [ 101.5791026, 3.1470572 ] ] ], [ [ [ 101.583179789220608, 3.150246585571769 ], [ 101.582235, 3.1502885 ], [ 101.5822131, 3.1507286 ], [ 101.5826503, 3.1513419 ], [ 101.583024960728423, 3.151314326187734 ], [ 101.583179789220608, 3.150246585571769 ] ] ], [ [ [ 101.5762552, 3.1514607 ], [ 101.5761786, 3.1516988 ], [ 101.5782462, 3.1534919 ], [ 101.5788661, 3.1525678 ], [ 101.5785191, 3.1523181 ], [ 101.57838, 3.1517572 ], [ 101.5784197, 3.1514329 ], [ 101.5781179, 3.1514444 ], [ 101.5774387, 3.1516775 ], [ 101.5773531, 3.1516065 ], [ 101.5779042, 3.1513823 ], [ 101.5784631, 3.151311 ], [ 101.5788766, 3.1506661 ], [ 101.5787623, 3.1504575 ], [ 101.5780631, 3.1505416 ], [ 101.577556, 3.1506957 ], [ 101.5767038, 3.1510685 ], [ 101.5762552, 3.1514607 ] ] ], [ [ [ 101.580937, 3.150772 ], [ 101.5807794, 3.1506423 ], [ 101.5804755, 3.1506259 ], [ 101.5792133, 3.1506383 ], [ 101.5789913, 3.1506995 ], [ 101.5787999, 3.1508957 ], [ 101.5785319, 3.1514486 ], [ 101.5785804, 3.1521008 ], [ 101.5787182, 3.1522716 ], [ 101.5794692, 3.152671 ], [ 101.5809225, 3.1509048 ], [ 101.580937, 3.150772 ] ] ], [ [ [ 101.5815077, 3.1523616 ], [ 101.5810522, 3.1524443 ], [ 101.5804248, 3.1528959 ], [ 101.580249600000016, 3.1533125 ], [ 101.5799776, 3.1543505 ], [ 101.580176577062062, 3.154393114738749 ], [ 101.580420660688105, 3.154304639697936 ], [ 101.581196851662583, 3.153885110888336 ], [ 101.582172166232084, 3.152992105971018 ], [ 101.5821956, 3.152438 ], [ 101.5815077, 3.1523616 ] ] ], [ [ [ 101.577658105055733, 3.154526961608666 ], [ 101.5779201, 3.1539717 ], [ 101.5778946, 3.1537901 ], [ 101.5762706, 3.1524436 ], [ 101.575656400000014, 3.1522764 ], [ 101.5753298, 3.1524679 ], [ 101.575117180326018, 3.152868148239064 ], [ 101.575846651889989, 3.153634262268149 ], [ 101.576580625594872, 3.154124597802329 ], [ 101.577658105055733, 3.154526961608666 ] ] ], [ [ [ 101.5742356, 3.1744104 ], [ 101.575823380934992, 3.173709546250217 ], [ 101.575566895053143, 3.173363728688447 ], [ 101.574587154069604, 3.172475602664904 ], [ 101.573808881585848, 3.172059953147681 ], [ 101.572809700286726, 3.171782165109592 ], [ 101.5736678, 3.1734804 ], [ 101.5742356, 3.1744104 ] ] ], [ [ [ 101.561479941249701, 3.173315302965919 ], [ 101.562541570144845, 3.174102644905146 ], [ 101.563356631664846, 3.1744396246554 ], [ 101.564221434895742, 3.174610295066114 ], [ 101.565538996039081, 3.174541938770117 ], [ 101.566381721701674, 3.174282680685439 ], [ 101.566841532856927, 3.174054846076079 ], [ 101.5651142, 3.1711499 ], [ 101.5636654, 3.1719599 ], [ 101.5630009, 3.1702292 ], [ 101.561695, 3.1707851 ], [ 101.5605465, 3.1708747 ], [ 101.560557670303254, 3.171969682282035 ], [ 101.560919156384315, 3.172631905501752 ], [ 101.561479941249701, 3.173315302965919 ] ] ], [ [ [ 101.5763429, 3.1772356 ], [ 101.5763631, 3.1775562 ], [ 101.576389187216236, 3.177582541613428 ], [ 101.576499023177504, 3.177155380877963 ], [ 101.5763429, 3.1772356 ] ] ], [ [ [ 101.5704467, 3.1762467 ], [ 101.5696355, 3.1762151 ], [ 101.5693777, 3.1765452 ], [ 101.5688439, 3.1763816 ], [ 101.5686073, 3.1759597 ], [ 101.567696774308487, 3.175330276551353 ], [ 101.567623668617287, 3.175807449779164 ], [ 101.567625858414559, 3.176693318017972 ], [ 101.567949606082763, 3.17797890833996 ], [ 101.568630682694192, 3.179114675146331 ], [ 101.569255414882747, 3.179739519112104 ], [ 101.569989417679025, 3.18022984658401 ], [ 101.570804483273378, 3.180566814491299 ], [ 101.571669288594308, 3.180737473446952 ], [ 101.572986848995669, 3.180669101652189 ], [ 101.573829571605572, 3.180409834938057 ], [ 101.574605780203271, 3.179990293128705 ], [ 101.575285645582383, 3.179426599355942 ], [ 101.575643762679221, 3.179011914257186 ], [ 101.5754325, 3.178596 ], [ 101.5750126, 3.1781733 ], [ 101.5736471, 3.1774015 ], [ 101.5734175, 3.1782805 ], [ 101.5715387, 3.1777793 ], [ 101.5713896, 3.1780445 ], [ 101.57119, 3.1780084 ], [ 101.5715465, 3.1766791 ], [ 101.5711559, 3.1763957 ], [ 101.5704467, 3.1762467 ] ] ], [ [ [ 101.582893243886161, 3.198206684807008 ], [ 101.582994737036984, 3.197254639827373 ], [ 101.582797307391189, 3.195941797707623 ], [ 101.5827964, 3.1970617 ], [ 101.582893243886161, 3.198206684807008 ] ] ], [ [ [ 101.5806407, 3.1971846 ], [ 101.5803888, 3.1971023 ], [ 101.5801112, 3.1971189 ], [ 101.5801048, 3.1978299 ], [ 101.578915, 3.1978662 ], [ 101.5791182, 3.2000032 ], [ 101.5789165, 3.2000805 ], [ 101.5790067, 3.2006065 ], [ 101.5808129, 3.200661 ], [ 101.5815357, 3.2005197 ], [ 101.5814942, 3.2003503 ], [ 101.5813225, 3.2003235 ], [ 101.581290400000015, 3.1999593 ], [ 101.5818214, 3.1998147 ], [ 101.581783900000019, 3.1988827 ], [ 101.5819877, 3.1980043 ], [ 101.5816015, 3.1977473 ], [ 101.5811938, 3.1971634 ], [ 101.5806407, 3.1971846 ] ] ], [ [ [ 101.578277300000011, 3.2001088 ], [ 101.5778951, 3.1985302 ], [ 101.5777986, 3.1983989 ], [ 101.577318500000018, 3.1982463 ], [ 101.5769016, 3.1982209 ], [ 101.5769176, 3.2001403 ], [ 101.578277300000011, 3.2001088 ] ] ], [ [ [ 101.5859247, 3.2079636 ], [ 101.5854787, 3.2084016 ], [ 101.585641955652122, 3.208730119539108 ], [ 101.586084477164647, 3.207729845148083 ], [ 101.58625423041444, 3.206860575144976 ], [ 101.586274393578009, 3.206425611757561 ], [ 101.5858772, 3.2061788 ], [ 101.5850985, 3.2067409 ], [ 101.5850035, 3.2069854 ], [ 101.5851022, 3.2073248 ], [ 101.5858552, 3.2073978 ], [ 101.5861038, 3.2075621 ], [ 101.5859247, 3.2079636 ] ] ], [ [ [ 101.5790578, 3.2080309 ], [ 101.5786745, 3.2068508 ], [ 101.5779387, 3.2070551 ], [ 101.57737562610059, 3.207336904640715 ], [ 101.577629773619691, 3.208168832144438 ], [ 101.578251979361426, 3.209225129596806 ], [ 101.5792155, 3.2089603 ], [ 101.5801757, 3.2084841 ], [ 101.5800674, 3.2082598 ], [ 101.5801241, 3.2082528 ], [ 101.5801014, 3.208079 ], [ 101.5804222, 3.2083237 ], [ 101.580814600000011, 3.2081569 ], [ 101.5805787, 3.2075858 ], [ 101.5790578, 3.2080309 ] ] ], [ [ [ 101.583482, 3.2076477 ], [ 101.5838916, 3.2086542 ], [ 101.585059, 3.2080644 ], [ 101.5848192, 3.2076255 ], [ 101.5838202, 3.2075089 ], [ 101.583482, 3.2076477 ] ] ], [ [ [ 101.580225, 3.2088142 ], [ 101.5795812, 3.2091435 ], [ 101.579852200000019, 3.2099951 ], [ 101.5800319, 3.2099684 ], [ 101.5802813, 3.2089413 ], [ 101.580225, 3.2088142 ] ] ], [ [ [ 101.584286158015686, 3.210179979045635 ], [ 101.58526148123876, 3.209286930854069 ], [ 101.5855835204557, 3.208828678010439 ], [ 101.5854819, 3.208566 ], [ 101.5840603, 3.2093379 ], [ 101.583932, 3.209518 ], [ 101.5836038, 3.2093531 ], [ 101.5833777, 3.2098761 ], [ 101.5835299, 3.2102646 ], [ 101.5834864, 3.2103449 ], [ 101.583551947971614, 3.210579445257077 ], [ 101.584286158015686, 3.210179979045635 ] ] ], [ [ [ 101.57995971708975, 3.210556656195521 ], [ 101.580913042864026, 3.210863289091195 ], [ 101.582098504655406, 3.210931891193595 ], [ 101.5820473, 3.2097528 ], [ 101.5818844, 3.2091876 ], [ 101.5821119, 3.208736 ], [ 101.582037, 3.2082069 ], [ 101.5806414, 3.2088254 ], [ 101.5805246, 3.2089604 ], [ 101.5801127, 3.2104674 ], [ 101.57995971708975, 3.210556656195521 ] ] ], [ [ [ 101.59660430000001, 2.9992545 ], [ 101.5981227, 2.9986575 ], [ 101.5975672, 2.9959392 ], [ 101.596908500000012, 2.9959234 ], [ 101.5956494, 2.99642 ], [ 101.5955806, 2.9965574 ], [ 101.59660430000001, 2.9992545 ] ] ], [ [ [ 101.59317915921423, 2.996992479415931 ], [ 101.592535221075366, 2.998088603565705 ], [ 101.592387726305859, 2.998506141210341 ], [ 101.592397700000021, 2.998806 ], [ 101.5936964, 2.9982915 ], [ 101.59317915921423, 2.996992479415931 ] ] ], [ [ [ 101.592636397307857, 3.001743724452006 ], [ 101.593358590110824, 3.00283139173809 ], [ 101.5933388, 3.0018255 ], [ 101.592636397307857, 3.001743724452006 ] ] ], [ [ [ 101.587110824615678, 3.030721005523276 ], [ 101.587313400000014, 3.0311146 ], [ 101.5877321, 3.0315474 ], [ 101.5880977, 3.0320891 ], [ 101.5882952, 3.0325307 ], [ 101.588394400000013, 3.0336087 ], [ 101.5891192, 3.0335659 ], [ 101.58919, 3.0334481 ], [ 101.5891959, 3.0312429 ], [ 101.589104741185523, 3.030611756380345 ], [ 101.587896713259326, 3.030565934421787 ], [ 101.587110824615678, 3.030721005523276 ] ] ], [ [ [ 101.591815862590522, 3.032186891833762 ], [ 101.590836348896715, 3.031298680919264 ], [ 101.590058229355094, 3.030882960964626 ], [ 101.589424863017115, 3.030680302244866 ], [ 101.5894986, 3.0320393 ], [ 101.5900425, 3.0334314 ], [ 101.5910274, 3.0334049 ], [ 101.5926494703656, 3.033752349384123 ], [ 101.592307171233401, 3.032922273392721 ], [ 101.591815862590522, 3.032186891833762 ] ] ], [ [ [ 101.5884384, 3.0356066 ], [ 101.5884465, 3.0366083 ], [ 101.5882973, 3.0368127 ], [ 101.5882989, 3.0377279 ], [ 101.591980395135096, 3.037714851183651 ], [ 101.592317330318338, 3.037182633878394 ], [ 101.592652589281869, 3.036363399116082 ], [ 101.592822425466565, 3.035494153075761 ], [ 101.592810866176322, 3.03454531949664 ], [ 101.5913024, 3.0348148 ], [ 101.5912572, 3.0344886 ], [ 101.5911551, 3.0344983 ], [ 101.591016, 3.0336607 ], [ 101.5907631, 3.0336186 ], [ 101.5884289, 3.0339456 ], [ 101.5884371, 3.0354861 ], [ 101.5883202, 3.0354882 ], [ 101.5884384, 3.0356066 ] ], [ [ 101.59028408993764, 3.035006480178001 ], [ 101.590284169337181, 3.035015114395509 ], [ 101.5884368, 3.0353542 ], [ 101.59028408993764, 3.035006480178001 ] ] ], [ [ [ 101.5883118, 3.0380445 ], [ 101.588309101665104, 3.039578550441854 ], [ 101.588358767128142, 3.03958088333208 ], [ 101.589235498587541, 3.039491940680795 ], [ 101.590078122721252, 3.039232757578508 ], [ 101.590854257810392, 3.038813294697766 ], [ 101.591774563207082, 3.03798163980745 ], [ 101.588397, 3.0379529 ], [ 101.5883118, 3.0380445 ] ] ], [ [ [ 101.5886329, 3.0456788 ], [ 101.5909669, 3.0484563 ], [ 101.5910959, 3.0485992 ], [ 101.5913401, 3.0486982 ], [ 101.5913245, 3.0488621 ], [ 101.5917268, 3.0493656 ], [ 101.5919596, 3.0498627 ], [ 101.5921474, 3.0507648 ], [ 101.592194, 3.0535403 ], [ 101.5922828, 3.0536636 ], [ 101.5922515, 3.0561009 ], [ 101.5923001, 3.0562397 ], [ 101.5923928, 3.0563022 ], [ 101.5939262, 3.0562975 ], [ 101.593913598790692, 3.051022852159093 ], [ 101.593757932189291, 3.050949298824056 ], [ 101.593912919269272, 3.050738154613 ], [ 101.593897109964132, 3.045539529042964 ], [ 101.593076275213392, 3.044649969579198 ], [ 101.592342421056131, 3.044159587501636 ], [ 101.591527503405572, 3.043822553499187 ], [ 101.590222194624928, 3.043631124115711 ], [ 101.589345460870646, 3.0437200703738 ], [ 101.588319857853051, 3.044066796720546 ], [ 101.5883566, 3.0449858 ], [ 101.5886329, 3.0456788 ] ] ], [ [ [ 101.594322889493426, 3.046286317488389 ], [ 101.5943225, 3.0469659 ], [ 101.594317045699867, 3.050025368318108 ], [ 101.594643803431907, 3.049020914942151 ], [ 101.594728061136294, 3.048139119895906 ], [ 101.594639577079988, 3.047257743304578 ], [ 101.594322889493426, 3.046286317488389 ] ] ], [ [ [ 101.5914519, 3.0495315 ], [ 101.5893739, 3.0470604 ], [ 101.5891875, 3.0470154 ], [ 101.5888417, 3.0470809 ], [ 101.585975339181019, 3.049585719623412 ], [ 101.586501482451141, 3.050669592351106 ], [ 101.587062142978823, 3.051353017636616 ], [ 101.587744658829536, 3.051913351647837 ], [ 101.588522044644705, 3.052328703608027 ], [ 101.587889927201644, 3.053408763307259 ], [ 101.587636160459041, 3.05425709399107 ], [ 101.587574606739935, 3.055581769491306 ], [ 101.587777036333307, 3.056529474096198 ], [ 101.5916329, 3.0565089 ], [ 101.5917964, 3.0563084 ], [ 101.5918221, 3.0510864 ], [ 101.5917454, 3.0502126 ], [ 101.5914519, 3.0495315 ] ] ], [ [ [ 101.5923625, 3.0569002 ], [ 101.5921658, 3.0570563 ], [ 101.5921699, 3.0582594 ], [ 101.592638372902925, 3.059602817868235 ], [ 101.593777229681578, 3.059298710440738 ], [ 101.594907050689869, 3.058614203888741 ], [ 101.595790563347734, 3.057629469147316 ], [ 101.596351681442755, 3.056429311465241 ], [ 101.596521503603498, 3.055560064976066 ], [ 101.596519373792731, 3.054674214981143 ], [ 101.596195760374613, 3.053388628275458 ], [ 101.59551486159404, 3.052252834062155 ], [ 101.59489026443724, 3.051627954458894 ], [ 101.594316540178852, 3.051233542018047 ], [ 101.5943307, 3.0580608 ], [ 101.5940356, 3.0580493 ], [ 101.5935517, 3.0578517 ], [ 101.5926336, 3.0569884 ], [ 101.5923625, 3.0569002 ] ] ], [ [ [ 101.589203720310238, 3.05862805354749 ], [ 101.589937590268946, 3.059118430463918 ], [ 101.590752524039985, 3.059455456134281 ], [ 101.591617203627678, 3.059626178959445 ], [ 101.592100067269968, 3.059644680785269 ], [ 101.5917788, 3.0586628 ], [ 101.5917828, 3.0571825 ], [ 101.5916484, 3.0569812 ], [ 101.5914462, 3.056871 ], [ 101.587903524271312, 3.056878581918243 ], [ 101.588579116864651, 3.058003170347305 ], [ 101.589203720310238, 3.05862805354749 ] ] ], [ [ [ 101.588092411376806, 3.07198153784188 ], [ 101.586988046978036, 3.071572388264364 ], [ 101.587675273202748, 3.071352723157265 ], [ 101.588451423256132, 3.070933241698468 ], [ 101.589131251527775, 3.070369602585073 ], [ 101.589688632867464, 3.069683466424018 ], [ 101.590102147855347, 3.068901201175191 ], [ 101.590355905872343, 3.068052868825376 ], [ 101.590440155686821, 3.067171070127237 ], [ 101.590351660105611, 3.066289691798725 ], [ 101.590093820304489, 3.065442604323044 ], [ 101.5896765450711, 3.064662360384712 ], [ 101.589115869993279, 3.063978943950956 ], [ 101.588476242238002, 3.063450442444319 ], [ 101.586397, 3.0634458 ], [ 101.5862715, 3.0637447 ], [ 101.5862615, 3.0727247 ], [ 101.5865236, 3.0729531 ], [ 101.589324624456921, 3.072957389909602 ], [ 101.588826295725738, 3.0724719080832 ], [ 101.588092411376806, 3.07198153784188 ] ] ], [ [ [ 101.586434458376232, 3.080468053557134 ], [ 101.585336063056701, 3.081121929347692 ], [ 101.5860631, 3.0815511 ], [ 101.587051, 3.0817666 ], [ 101.591612456260393, 3.081808418318988 ], [ 101.590970283133245, 3.081159889217961 ], [ 101.589837146736215, 3.080480896856312 ], [ 101.588556733900205, 3.080161803376009 ], [ 101.587639731521534, 3.08016938078545 ], [ 101.588489469695858, 3.079723223498855 ], [ 101.589169299620437, 3.079159579727803 ], [ 101.589952551760334, 3.078092516540872 ], [ 101.590287799579272, 3.077273270671366 ], [ 101.590457616529235, 3.076404018462835 ], [ 101.590455477164554, 3.075518164537883 ], [ 101.590281464119187, 3.074649751407554 ], [ 101.589734872999443, 3.073486220181588 ], [ 101.5865388, 3.0735019 ], [ 101.5863072, 3.0737558 ], [ 101.5863059, 3.0773627 ], [ 101.586248500000011, 3.0778004 ], [ 101.5859552, 3.0785647 ], [ 101.584858065573869, 3.080341738104773 ], [ 101.585553241320838, 3.080470203636309 ], [ 101.586434458376232, 3.080468053557134 ] ] ], [ [ [ 101.589087755248514, 3.090490229850927 ], [ 101.588400149698344, 3.090769484606347 ], [ 101.5884197, 3.0926157 ], [ 101.5892163, 3.0926077 ], [ 101.5890717, 3.0918721 ], [ 101.589087755248514, 3.090490229850927 ] ] ], [ [ [ 101.5917083, 3.0959231 ], [ 101.5921694, 3.0965046 ], [ 101.5929794, 3.095894 ], [ 101.592274, 3.09497 ], [ 101.5917083, 3.0959231 ] ] ], [ [ [ 101.5917083, 3.0959231 ], [ 101.5913111, 3.0966064 ], [ 101.5911514, 3.0970623 ], [ 101.5918656, 3.0978159 ], [ 101.593569500000015, 3.0967217 ], [ 101.5930409, 3.095959 ], [ 101.5921715, 3.096649 ], [ 101.5917083, 3.0959231 ] ] ], [ [ [ 101.591153221403275, 3.10159462990144 ], [ 101.5916597, 3.1020568 ], [ 101.5925341, 3.1020782 ], [ 101.592332538590341, 3.101765351131371 ], [ 101.591153221403275, 3.10159462990144 ] ] ], [ [ [ 101.59308681112266, 3.102057407686896 ], [ 101.592679129098116, 3.101881205795053 ], [ 101.5928991, 3.1022356 ], [ 101.59308681112266, 3.102057407686896 ] ] ], [ [ [ 101.593962202875645, 3.102618039038542 ], [ 101.59320472537685, 3.102113114377636 ], [ 101.5930244, 3.1022877 ], [ 101.5934877, 3.1030805 ], [ 101.593962202875645, 3.102618039038542 ] ] ], [ [ [ 101.5919102, 3.1047243 ], [ 101.5922187, 3.1047232 ], [ 101.5922285, 3.1038069 ], [ 101.5919423, 3.1038055 ], [ 101.5919441, 3.1034521 ], [ 101.5934059, 3.1034414 ], [ 101.5926066, 3.102121 ], [ 101.5915766, 3.1021264 ], [ 101.5915499, 3.1050664 ], [ 101.5919092, 3.1050698 ], [ 101.5919102, 3.1047243 ] ] ], [ [ [ 101.594027285211908, 3.102677043996016 ], [ 101.5934912, 3.1031969 ], [ 101.594022800000019, 3.1041257 ], [ 101.5943507, 3.1040902 ], [ 101.5943024, 3.1037066 ], [ 101.5946833, 3.103662 ], [ 101.5947126, 3.1039526 ], [ 101.595032319624451, 3.103907702001357 ], [ 101.594434853910158, 3.103076700356144 ], [ 101.5943366, 3.1032258 ], [ 101.594613900000013, 3.1035058 ], [ 101.5945438, 3.1035772 ], [ 101.5942669, 3.1032954 ], [ 101.5939738, 3.103525 ], [ 101.5939055, 3.1034535 ], [ 101.59436958069189, 3.103004660723269 ], [ 101.594027285211908, 3.102677043996016 ] ] ], [ [ [ 101.5933622, 3.1049475 ], [ 101.5933567, 3.1063034 ], [ 101.595041900000012, 3.1062896 ], [ 101.5951096, 3.1062098 ], [ 101.5944275, 3.1049735 ], [ 101.5933622, 3.1049475 ] ] ], [ [ [ 101.5934299, 3.1079939 ], [ 101.595195119497788, 3.107986668899117 ], [ 101.595508041667173, 3.10703863591769 ], [ 101.5954591, 3.1067898 ], [ 101.595243200000013, 3.1064543 ], [ 101.5933437, 3.1064656 ], [ 101.593357700000013, 3.1079333 ], [ 101.5934299, 3.1079939 ] ] ], [ [ [ 101.591407, 3.1063469 ], [ 101.5913781, 3.1072273 ], [ 101.5917777, 3.1081791 ], [ 101.5931566, 3.1081844 ], [ 101.5931351, 3.1063444 ], [ 101.591407, 3.1063469 ] ] ], [ [ [ 101.5926716, 3.1092043 ], [ 101.5926811, 3.1082246 ], [ 101.5918324, 3.1082346 ], [ 101.5922411, 3.1092027 ], [ 101.5926716, 3.1092043 ] ] ], [ [ [ 101.5879562, 3.1091091 ], [ 101.5880678, 3.1098426 ], [ 101.5880428, 3.1109429 ], [ 101.5888184, 3.1109406 ], [ 101.5888913, 3.1108484 ], [ 101.5889039, 3.1092412 ], [ 101.5895895, 3.1092321 ], [ 101.5895791, 3.1076533 ], [ 101.5894572, 3.107512 ], [ 101.5879651, 3.1073184 ], [ 101.5879562, 3.1091091 ] ] ], [ [ [ 101.5943478, 3.1103377 ], [ 101.594310100000015, 3.1105868 ], [ 101.5943613, 3.1106443 ], [ 101.5947517, 3.11065 ], [ 101.5947786, 3.1107356 ], [ 101.59542660044545, 3.111145153360032 ], [ 101.595182908670779, 3.110354444957475 ], [ 101.594639584137681, 3.109404312064544 ], [ 101.5924213, 3.1094019 ], [ 101.5923731, 3.1094991 ], [ 101.5926844, 3.110636 ], [ 101.592783, 3.1107255 ], [ 101.5938599, 3.1107052 ], [ 101.5937805, 3.1102637 ], [ 101.5943478, 3.1103377 ] ] ], [ [ [ 101.589001, 3.1108189 ], [ 101.5894813, 3.1112762 ], [ 101.5897978, 3.1113244 ], [ 101.5918471, 3.1107352 ], [ 101.591745900000021, 3.1101862 ], [ 101.5915447, 3.109522 ], [ 101.5906552, 3.109463 ], [ 101.5902746, 3.1093472 ], [ 101.5890303, 3.1093599 ], [ 101.589001, 3.1108189 ] ], [ [ 101.5909627, 3.1103897 ], [ 101.5914053, 3.1102612 ], [ 101.591745900000021, 3.1101862 ], [ 101.5909627, 3.1103897 ] ] ], [ [ [ 101.5911647, 3.1139085 ], [ 101.5919572, 3.1139104 ], [ 101.5920087, 3.1120229 ], [ 101.5911601, 3.1125566 ], [ 101.5911647, 3.1139085 ] ] ], [ [ [ 101.5909035, 3.1137019 ], [ 101.5909143, 3.1128074 ], [ 101.5908295, 3.112651 ], [ 101.5901171, 3.1130793 ], [ 101.5901273, 3.1137024 ], [ 101.5909035, 3.1137019 ] ] ], [ [ [ 101.593894358179426, 3.115580076802948 ], [ 101.594515954670598, 3.114952143447988 ], [ 101.595003740708222, 3.114214374061126 ], [ 101.595445108709058, 3.112964686334176 ], [ 101.59550683201428, 3.111644616663574 ], [ 101.594668, 3.1111057 ], [ 101.5942383, 3.1110614 ], [ 101.5931374, 3.1111426 ], [ 101.5927212, 3.1113367 ], [ 101.593326464606577, 3.115974904777122 ], [ 101.593894358179426, 3.115580076802948 ] ] ], [ [ [ 101.5924212, 3.1161462 ], [ 101.5924784, 3.1160897 ], [ 101.5922429, 3.1141685 ], [ 101.59112540000001, 3.1141459 ], [ 101.5910971, 3.1161617 ], [ 101.5924212, 3.1161462 ] ] ], [ [ [ 101.591485620540567, 3.116590017729511 ], [ 101.592474958078441, 3.116369585981205 ], [ 101.5924474, 3.1162234 ], [ 101.5910884, 3.1162297 ], [ 101.591086739459797, 3.116610705115331 ], [ 101.591485620540567, 3.116590017729511 ] ] ], [ [ [ 101.589592198222348, 3.116368890778362 ], [ 101.590167839443481, 3.116528207000388 ], [ 101.590865629467586, 3.116604451336086 ], [ 101.5908254, 3.116345 ], [ 101.589592198222348, 3.116368890778362 ] ] ], [ [ [ 101.590904924471502, 3.119674750611258 ], [ 101.5923703, 3.1214345 ], [ 101.5931808, 3.1208595 ], [ 101.5935263, 3.1207995 ], [ 101.5931996, 3.119631 ], [ 101.5918915, 3.1196166 ], [ 101.592303698089736, 3.118670905148421 ], [ 101.591660293366459, 3.119026895175675 ], [ 101.590904924471502, 3.119674750611258 ] ] ], [ [ [ 101.595877051121917, 3.118598858056216 ], [ 101.5959612, 3.1196603 ], [ 101.5968538, 3.1205512 ], [ 101.597502001601072, 3.119755962248757 ], [ 101.596655261662505, 3.119014517041448 ], [ 101.595877051121917, 3.118598858056216 ] ] ], [ [ [ 101.598114511937666, 3.120618298808602 ], [ 101.597403, 3.1205876 ], [ 101.5971142, 3.120994 ], [ 101.597122, 3.1212841 ], [ 101.5959495, 3.1213118 ], [ 101.5953928, 3.1217729 ], [ 101.5957245, 3.1231394 ], [ 101.5956606, 3.1235544 ], [ 101.5980746, 3.1235661 ], [ 101.5953575, 3.1235854 ], [ 101.596231628207107, 3.12678876046918 ], [ 101.59702741959299, 3.126264034669902 ], [ 101.597649013691125, 3.125636095853614 ], [ 101.598136795064164, 3.124898322835255 ], [ 101.598472019042191, 3.124079067874182 ], [ 101.598641803710805, 3.123209814372936 ], [ 101.598639624871311, 3.122323967003939 ], [ 101.598465566681014, 3.121455568025149 ], [ 101.598114511937666, 3.120618298808602 ] ] ], [ [ [ 101.589952460809116, 3.12433473590705 ], [ 101.590435389967524, 3.12529781593875 ], [ 101.591323737432873, 3.126278201904843 ], [ 101.59200980382235, 3.126739852350129 ], [ 101.5922884, 3.1265932 ], [ 101.5925473, 3.1263465 ], [ 101.5926785, 3.1260234 ], [ 101.5929918, 3.1242522 ], [ 101.5930122, 3.1236036 ], [ 101.5928768, 3.1230049 ], [ 101.5913435, 3.1208046 ], [ 101.5908553, 3.1223178 ], [ 101.589733147861779, 3.122063774629144 ], [ 101.589694355563111, 3.123232017056984 ], [ 101.589952460809116, 3.12433473590705 ] ] ], [ [ [ 101.5943299, 3.123573 ], [ 101.5934372, 3.1235951 ], [ 101.5930654, 3.126761 ], [ 101.5932478, 3.1268681 ], [ 101.595267, 3.1268553 ], [ 101.5943299, 3.123573 ] ] ], [ [ [ 101.5903277, 3.1495991 ], [ 101.5904156, 3.1494878 ], [ 101.5903818, 3.1480638 ], [ 101.5901148, 3.1485025 ], [ 101.589527623021027, 3.148553004258023 ], [ 101.589429508409324, 3.149491237971823 ], [ 101.589436720290351, 3.149631680804351 ], [ 101.5903277, 3.1495991 ] ] ], [ [ [ 101.597986681177829, 3.147555945013769 ], [ 101.597510376012522, 3.146762910799976 ], [ 101.598134658715054, 3.151051386755658 ], [ 101.598336283283018, 3.150350540608356 ], [ 101.598420475455725, 3.149468742588184 ], [ 101.598331909947319, 3.148587377533926 ], [ 101.597986681177829, 3.147555945013769 ] ] ], [ [ [ 101.5906801, 3.1485533 ], [ 101.5906886, 3.1493747 ], [ 101.5908539, 3.1495106 ], [ 101.591733, 3.1494387 ], [ 101.5917652, 3.1492055 ], [ 101.5913238, 3.1487222 ], [ 101.5906801, 3.1485533 ] ] ], [ [ [ 101.588211457057355, 3.199021605046577 ], [ 101.588140101134726, 3.19962697709928 ], [ 101.5884697, 3.1996229 ], [ 101.588479600000014, 3.2004245 ], [ 101.589381, 3.2004043 ], [ 101.5948103, 3.1990658 ], [ 101.5947291, 3.1986518 ], [ 101.5948572, 3.198485 ], [ 101.5961367, 3.198368 ], [ 101.596877840730897, 3.198446766213848 ], [ 101.596582489557136, 3.197751752825451 ], [ 101.596091007823446, 3.197016442125983 ], [ 101.595111226279798, 3.196128368853689 ], [ 101.593917161860148, 3.195564414196295 ], [ 101.593052353679383, 3.195393787224322 ], [ 101.592171044995027, 3.195396023135334 ], [ 101.590892082085944, 3.195721486842795 ], [ 101.589762181493668, 3.196406112486319 ], [ 101.589140571440012, 3.197034084613756 ], [ 101.588652788245895, 3.197771885641089 ], [ 101.588211457057355, 3.199021605046577 ] ] ], [ [ [ 101.594198800000015, 3.2007113 ], [ 101.5931591, 3.2009651 ], [ 101.5930371, 3.2010586 ], [ 101.5931894, 3.2012755 ], [ 101.5919526, 3.2016155 ], [ 101.5918278, 3.2017581 ], [ 101.5921077, 3.2019847 ], [ 101.5932942, 3.2023256 ], [ 101.5929388, 3.2025216 ], [ 101.594417651451224, 3.204032012995877 ], [ 101.595130140895378, 3.203642933523575 ], [ 101.595988849758797, 3.20287985236157 ], [ 101.5955508, 3.2024286 ], [ 101.5946922, 3.2012862 ], [ 101.594574, 3.2009728 ], [ 101.594198800000015, 3.2007113 ] ] ], [ [ [ 101.590691313478018, 3.20396652058064 ], [ 101.591757079881617, 3.204326256299352 ], [ 101.593074974658663, 3.20438797308685 ], [ 101.593495256669954, 3.204324215949338 ], [ 101.5939079, 3.2037199 ], [ 101.5929515, 3.2026912 ], [ 101.5928917, 3.2027484 ], [ 101.5928078, 3.202332 ], [ 101.5919686, 3.2021301 ], [ 101.5919211, 3.2019449 ], [ 101.5918182, 3.2018839 ], [ 101.5905826, 3.2022672 ], [ 101.5910841, 3.2032203 ], [ 101.5911082, 3.2035333 ], [ 101.590691313478018, 3.20396652058064 ] ] ], [ [ [ 101.589485093520238, 3.203125314212235 ], [ 101.590387733976172, 3.203807173009985 ], [ 101.5906698, 3.2035362 ], [ 101.5907246, 3.2032734 ], [ 101.5905491, 3.2029558 ], [ 101.5899898, 3.2029193 ], [ 101.589485093520238, 3.203125314212235 ] ] ], [ [ [ 101.593739423067163, 3.204263721213317 ], [ 101.593885203534157, 3.204226622674855 ], [ 101.5937645, 3.2042321 ], [ 101.593739423067163, 3.204263721213317 ] ] ], [ [ [ 101.598238226399815, 2.99557046052881 ], [ 101.5982462, 2.9956091 ], [ 101.598352070229126, 2.995611106325079 ], [ 101.598238226399815, 2.99557046052881 ] ] ], [ [ [ 101.59963740183413, 3.003215896247519 ], [ 101.600435261070032, 3.00230961058618 ], [ 101.600914742033993, 3.001340635590497 ], [ 101.6001262, 3.0013635 ], [ 101.5999884, 3.000259 ], [ 101.599802547834159, 2.996550479995786 ], [ 101.599180327588343, 2.996044754080767 ], [ 101.598751092105971, 2.995793877629515 ], [ 101.598043, 2.9957786 ], [ 101.59963740183413, 3.003215896247519 ] ] ], [ [ [ 101.5991136, 3.0032746 ], [ 101.5983345, 2.9997161 ], [ 101.5970919, 3.0001802 ], [ 101.5970604, 3.0003697 ], [ 101.5982714, 3.0035545 ], [ 101.5991136, 3.0032746 ] ] ], [ [ [ 101.6144047, 3.0212577 ], [ 101.6137614, 3.0179939 ], [ 101.6142742, 3.017882 ], [ 101.6142019, 3.017492 ], [ 101.6131753, 3.0176561 ], [ 101.6134324, 3.0195686 ], [ 101.6137479, 3.0208723 ], [ 101.6139088, 3.021333 ], [ 101.6144047, 3.0212577 ] ] ], [ [ [ 101.6183584, 3.0297033 ], [ 101.618810181843301, 3.029627275873655 ], [ 101.618166300575083, 3.029203643000745 ], [ 101.617351406886144, 3.028866625737646 ], [ 101.616486769684514, 3.028695905908951 ], [ 101.615843825694526, 3.028685700234357 ], [ 101.6157205, 3.0287698 ], [ 101.6188359, 3.0319585 ], [ 101.619050300000012, 3.0319372 ], [ 101.6193616, 3.0309997 ], [ 101.6188868, 3.0308363 ], [ 101.6184979, 3.0304024 ], [ 101.6187768, 3.0301131 ], [ 101.6183584, 3.0297033 ] ] ], [ [ [ 101.6139759, 3.0317828 ], [ 101.613956800000011, 3.0301494 ], [ 101.6139601, 3.0296069 ], [ 101.613079125130625, 3.029815837814406 ], [ 101.612575497351585, 3.030335745578432 ], [ 101.612049557524315, 3.031155105605707 ], [ 101.6126804, 3.0325006 ], [ 101.6128654, 3.0324711 ], [ 101.6139759, 3.0317828 ] ] ], [ [ [ 101.620205588416852, 3.031454640534124 ], [ 101.61965407811806, 3.030493345556737 ], [ 101.6192033, 3.0319291 ], [ 101.6192114, 3.0325479 ], [ 101.620492252820682, 3.032493942562997 ], [ 101.620205588416852, 3.031454640534124 ] ] ], [ [ [ 101.611758777688891, 3.034516184358772 ], [ 101.612420468699696, 3.035841478545334 ], [ 101.6136834, 3.0357859 ], [ 101.6129567, 3.0337449 ], [ 101.6121037, 3.0327485 ], [ 101.6115822808449, 3.032770068272685 ], [ 101.61158478509978, 3.033647783152611 ], [ 101.611758777688891, 3.034516184358772 ] ] ], [ [ [ 101.620026286841593, 3.035314490630451 ], [ 101.620467662215461, 3.034064843572965 ], [ 101.620535540345031, 3.032863929218155 ], [ 101.6201768, 3.032861 ], [ 101.6201822, 3.0333621 ], [ 101.6189806, 3.0333996 ], [ 101.6190396, 3.0362572 ], [ 101.619175944003999, 3.036442992879 ], [ 101.619538517738022, 3.036052227075882 ], [ 101.620026286841593, 3.035314490630451 ] ] ], [ [ [ 101.613890585292054, 3.037150143893484 ], [ 101.6137666, 3.0358556 ], [ 101.612481548495978, 3.035923855448797 ], [ 101.613213849519113, 3.036694002008044 ], [ 101.613890585292054, 3.037150143893484 ] ] ], [ [ [ 101.623708499016942, 3.044538212700592 ], [ 101.6244095, 3.0470301 ], [ 101.625384539329247, 3.047395902301204 ], [ 101.62524821908454, 3.0467787420423 ], [ 101.624909029515308, 3.045961167946393 ], [ 101.624417698062757, 3.045225825728282 ], [ 101.623708499016942, 3.044538212700592 ] ] ], [ [ [ 101.625422606473023, 3.047654431843105 ], [ 101.6242705, 3.0472677 ], [ 101.6234565, 3.0478589 ], [ 101.6247877, 3.049762 ], [ 101.625254581721194, 3.049402189259837 ], [ 101.62542438040812, 3.048532959099356 ], [ 101.625422606473023, 3.047654431843105 ] ] ], [ [ [ 101.636477980789238, 3.099997059607811 ], [ 101.6372041, 3.1008702 ], [ 101.637502700000013, 3.1011323 ], [ 101.6379418, 3.1013798 ], [ 101.6393079, 3.1013604 ], [ 101.639294867315954, 3.100124707993583 ], [ 101.6385609616284, 3.099908929863541 ], [ 101.637683793383118, 3.099824300914436 ], [ 101.636477980789238, 3.099997059607811 ] ] ], [ [ [ 101.624486211345641, 3.10038857276554 ], [ 101.623180853616248, 3.10019724804491 ], [ 101.6218764537591, 3.100395073613671 ], [ 101.620685344832552, 3.100965014203681 ], [ 101.619710104375926, 3.101857988195223 ], [ 101.619034720487491, 3.10299709406202 ], [ 101.618717358474257, 3.10428423281193 ], [ 101.618785351122767, 3.105608556192745 ], [ 101.619043244324729, 3.106455608467539 ], [ 101.619296651507042, 3.106962427723547 ], [ 101.6198017, 3.1065859 ], [ 101.6197929, 3.1062515 ], [ 101.6201131, 3.1059585 ], [ 101.6201193, 3.1050892 ], [ 101.620383, 3.104989 ], [ 101.6210097, 3.1048798 ], [ 101.6218361, 3.1044852 ], [ 101.621792200000016, 3.1043955 ], [ 101.6223191, 3.1040886 ], [ 101.6224309, 3.1039479 ], [ 101.622638100000017, 3.1043903 ], [ 101.6236474, 3.1035921 ], [ 101.6235662, 3.1032565 ], [ 101.6244194, 3.1029534 ], [ 101.6242892, 3.1026456 ], [ 101.6258285, 3.1020035 ], [ 101.6257755, 3.101866 ], [ 101.6262028, 3.1016982 ], [ 101.626208, 3.1015358 ], [ 101.626429426296824, 3.101586494968862 ], [ 101.625680112087451, 3.100952570076589 ], [ 101.624486211345641, 3.10038857276554 ] ] ], [ [ [ 101.6265093, 3.1030569 ], [ 101.6271736, 3.1030825 ], [ 101.6271642, 3.1032044 ], [ 101.627419442723976, 3.10319580578658 ], [ 101.627282144722386, 3.10285266361643 ], [ 101.626841, 3.1028026 ], [ 101.6268548, 3.1026892 ], [ 101.6266955, 3.1026702 ], [ 101.6265067, 3.1028238 ], [ 101.6265093, 3.1030569 ] ] ], [ [ [ 101.6262545, 3.1040107 ], [ 101.627639591133416, 3.105334168566183 ], [ 101.627687179448714, 3.104704777405814 ], [ 101.627600491020388, 3.103835854259423 ], [ 101.6275555, 3.1041795 ], [ 101.6262545, 3.1040107 ] ] ], [ [ [ 101.6357349, 3.1049606 ], [ 101.6357218, 3.105075 ], [ 101.6356091, 3.1050698 ], [ 101.6354985, 3.1051716 ], [ 101.6354663, 3.1053202 ], [ 101.6348007, 3.1060807 ], [ 101.6343153, 3.1056677 ], [ 101.6345678, 3.1053584 ], [ 101.6345443, 3.1052064 ], [ 101.6338355, 3.1045937 ], [ 101.6338992, 3.1044866 ], [ 101.633202628329755, 3.104408201456813 ], [ 101.633396668906798, 3.105665492990703 ], [ 101.633735920411013, 3.106483041672653 ], [ 101.634227318543793, 3.107218349084321 ], [ 101.634851978976684, 3.107843157442307 ], [ 101.635585895995931, 3.108333455503437 ], [ 101.636257878775169, 3.108619376519135 ], [ 101.6368149, 3.1080654 ], [ 101.637429718840394, 3.108848739747999 ], [ 101.638146770842951, 3.1088388331869 ], [ 101.638961547283884, 3.108676332735546 ], [ 101.6398533, 3.1082223 ], [ 101.6393401, 3.1071803 ], [ 101.6391113, 3.1061444 ], [ 101.6390621, 3.1051137 ], [ 101.6343562, 3.1045755 ], [ 101.634237, 3.1046963 ], [ 101.6346259, 3.105073 ], [ 101.6347542, 3.105403 ], [ 101.6346753, 3.1058091 ], [ 101.6347758, 3.1058966 ], [ 101.6355636, 3.104942 ], [ 101.6357349, 3.1049606 ] ] ], [ [ [ 101.6204018, 3.1050366 ], [ 101.6201318, 3.105103 ], [ 101.6201341, 3.1059723 ], [ 101.6198766, 3.106198 ], [ 101.6198779, 3.1064303 ], [ 101.620909700000013, 3.105671 ], [ 101.6204018, 3.1050366 ] ] ], [ [ [ 101.611968112771592, 3.106360218021573 ], [ 101.610761024942676, 3.106793840670181 ], [ 101.6111447, 3.1074159 ], [ 101.6115578, 3.1093162 ], [ 101.6153101, 3.1092586 ], [ 101.6153623, 3.1098953 ], [ 101.6168497, 3.1087865 ], [ 101.6164005, 3.1082301 ], [ 101.616340728889142, 3.107937486223395 ], [ 101.616026740870367, 3.107586824064261 ], [ 101.614965225162933, 3.106799513335806 ], [ 101.614150250794452, 3.10646254381563 ], [ 101.613285538927656, 3.106291874862853 ], [ 101.611968112771592, 3.106360218021573 ] ] ], [ [ [ 101.609112156576856, 3.108288785981127 ], [ 101.608579465049573, 3.109408589262022 ], [ 101.6114184, 3.1094004 ], [ 101.6109742, 3.1075434 ], [ 101.610598262721552, 3.10688814185331 ], [ 101.609669515541739, 3.10760263380257 ], [ 101.609112156576856, 3.108288785981127 ] ] ], [ [ [ 101.60516610239435, 3.108062833593049 ], [ 101.603848345856477, 3.108001031804124 ], [ 101.602984474602763, 3.108175993420524 ], [ 101.601793332320526, 3.108745928519526 ], [ 101.600990306917822, 3.109446914747864 ], [ 101.6042455, 3.1094403 ], [ 101.6052188, 3.109299 ], [ 101.6058611, 3.1089369 ], [ 101.6061638, 3.1087017 ], [ 101.606303883826342, 3.10845671519259 ], [ 101.60516610239435, 3.108062833593049 ] ] ], [ [ [ 101.6210515, 3.1086604 ], [ 101.621980183944004, 3.109063962131833 ], [ 101.6221628, 3.1089035 ], [ 101.6221274, 3.1083578 ], [ 101.6215979, 3.1083536 ], [ 101.6213728, 3.1084257 ], [ 101.6210515, 3.1086604 ] ] ], [ [ [ 101.607574905064141, 3.109408727932548 ], [ 101.60641396682766, 3.108509314736336 ], [ 101.6059535, 3.1090619 ], [ 101.6063186, 3.1094089 ], [ 101.607574905064141, 3.109408727932548 ] ] ], [ [ [ 101.601887100000013, 3.1125878 ], [ 101.6063159, 3.1115924 ], [ 101.6064145, 3.1106247 ], [ 101.606154800000013, 3.1095214 ], [ 101.6058846, 3.1090957 ], [ 101.6052961, 3.1093849 ], [ 101.6045443, 3.1095141 ], [ 101.600889297756055, 3.109559501182324 ], [ 101.600556141828633, 3.109995743523708 ], [ 101.60012224760257, 3.110835779466094 ], [ 101.6015988, 3.1125291 ], [ 101.601887100000013, 3.1125878 ] ] ], [ [ [ 101.600032872269608, 3.111088839124577 ], [ 101.599825263115278, 3.112065173577206 ], [ 101.599881983854388, 3.113314500422067 ], [ 101.6010224, 3.1131893 ], [ 101.6010064, 3.1122482 ], [ 101.600032872269608, 3.111088839124577 ] ] ], [ [ [ 101.60808748584482, 3.11492466574757 ], [ 101.608604944372885, 3.113798051117464 ], [ 101.608776836641439, 3.112883292760542 ], [ 101.6078671, 3.1129812 ], [ 101.60808748584482, 3.11492466574757 ] ] ], [ [ [ 101.609388175629547, 3.113665341911787 ], [ 101.61001284085792, 3.114290174226271 ], [ 101.61074676798448, 3.114780495606887 ], [ 101.611989942446471, 3.11522414722677 ], [ 101.612293733084854, 3.115268672559079 ], [ 101.6130363, 3.1143955 ], [ 101.612664, 3.113662 ], [ 101.6109824, 3.1129285 ], [ 101.6109621, 3.1128222 ], [ 101.610637900000015, 3.112683 ], [ 101.608869913099213, 3.112873275689218 ], [ 101.609388175629547, 3.113665341911787 ] ] ], [ [ [ 101.600340730375933, 3.114636998418298 ], [ 101.6009152, 3.1154197 ], [ 101.6075387, 3.1147637 ], [ 101.6073183, 3.1129443 ], [ 101.599993208831322, 3.113786539719428 ], [ 101.600340730375933, 3.114636998418298 ] ] ], [ [ [ 101.603433905256495, 3.116931171476679 ], [ 101.604751673757619, 3.116992964420836 ], [ 101.60603054195613, 3.11666756674465 ], [ 101.607160373908044, 3.115983002844171 ], [ 101.607781955997723, 3.115355068043971 ], [ 101.608078588345066, 3.114939672109311 ], [ 101.606254, 3.1150099 ], [ 101.6023441, 3.1154903 ], [ 101.60240527415823, 3.116588862767654 ], [ 101.603433905256495, 3.116931171476679 ] ] ], [ [ [ 101.638310248296236, 3.128154831255647 ], [ 101.6381425919609, 3.128658327859285 ], [ 101.6388315, 3.1286461 ], [ 101.6388333, 3.1287545 ], [ 101.6383691, 3.1287642 ], [ 101.6383356, 3.1292503 ], [ 101.6382581, 3.1292526 ], [ 101.6382451, 3.1288151 ], [ 101.638116536393184, 3.128764017357635 ], [ 101.637996304920932, 3.129432412745896 ], [ 101.637982737408223, 3.13001102975455 ], [ 101.6388476, 3.1295862 ], [ 101.63885, 3.1297214 ], [ 101.637989338032412, 3.130139494130291 ], [ 101.638010532709956, 3.130398238097699 ], [ 101.6383452, 3.1302184 ], [ 101.638409, 3.1303255 ], [ 101.6388563, 3.1300888 ], [ 101.63885860000002, 3.1302245 ], [ 101.63976, 3.1297516 ], [ 101.6397381, 3.1291763 ], [ 101.6388112, 3.1274673 ], [ 101.638822800000014, 3.1281384 ], [ 101.638310248296236, 3.128154831255647 ] ] ], [ [ [ 101.603128377219363, 3.129012017471146 ], [ 101.602315049197145, 3.129353046274616 ], [ 101.601889003246768, 3.129618106301485 ], [ 101.6019104, 3.1320666 ], [ 101.602028, 3.1321573 ], [ 101.6066852, 3.1320169 ], [ 101.6063425, 3.1304979 ], [ 101.606490413634333, 3.129312786802156 ], [ 101.605738244511173, 3.129005503541042 ], [ 101.604873506708813, 3.128834842116337 ], [ 101.6039922625136, 3.128837041479652 ], [ 101.603128377219363, 3.129012017471146 ] ] ], [ [ [ 101.6007385, 3.1321874 ], [ 101.600106753985528, 3.132162559430275 ], [ 101.599979039017882, 3.132833194155946 ], [ 101.6001808, 3.1328212 ], [ 101.6002132, 3.1324874 ], [ 101.600718500000013, 3.1324951 ], [ 101.6007385, 3.1321874 ] ] ], [ [ [ 101.608388128303488, 3.135496599465898 ], [ 101.608749050491781, 3.134633978375216 ], [ 101.608918819754962, 3.133764729045625 ], [ 101.608916624896352, 3.132878889129194 ], [ 101.608742550690266, 3.132010500596058 ], [ 101.608403286967402, 3.131192934716694 ], [ 101.607911871489335, 3.130457609685797 ], [ 101.607287188907691, 3.129832783300168 ], [ 101.60675640288396, 3.129464181727037 ], [ 101.6066545, 3.1304685 ], [ 101.6069239, 3.1314549 ], [ 101.6070079, 3.132895 ], [ 101.6082723, 3.1329207 ], [ 101.6081495, 3.1337962 ], [ 101.6078831, 3.1339393 ], [ 101.6079853, 3.1340916 ], [ 101.6078599, 3.1345319 ], [ 101.6078798, 3.1348846 ], [ 101.608388128303488, 3.135496599465898 ] ] ], [ [ [ 101.6301848, 3.1342662 ], [ 101.6307282, 3.1343521 ], [ 101.630727712406397, 3.131620648505419 ], [ 101.630201935604532, 3.131628189174056 ], [ 101.6301848, 3.1342662 ] ] ], [ [ [ 101.6163971, 3.1348775 ], [ 101.6158646, 3.133656 ], [ 101.6151604, 3.133717 ], [ 101.6150598, 3.132637 ], [ 101.6154898, 3.132587 ], [ 101.614270099417439, 3.130904447943705 ], [ 101.61348038114177, 3.131534717414514 ], [ 101.612697172798931, 3.132601810517228 ], [ 101.612255842435317, 3.133851494847423 ], [ 101.612171653216535, 3.134733283453966 ], [ 101.612260218578371, 3.135614638791915 ], [ 101.612707748667248, 3.136862093637771 ], [ 101.613315068978963, 3.137725305894772 ], [ 101.6126227, 3.1361445 ], [ 101.6127908, 3.1360579 ], [ 101.61368216114829, 3.138093772850697 ], [ 101.614331046466262, 3.138576674593733 ], [ 101.6151326, 3.1381804 ], [ 101.6157162, 3.1380378 ], [ 101.6169417, 3.1379881 ], [ 101.6163971, 3.1348775 ] ] ], [ [ [ 101.600448242895169, 3.135396100479756 ], [ 101.600712428549429, 3.135852863010515 ], [ 101.600980055683237, 3.136212752671795 ], [ 101.600978, 3.1353961 ], [ 101.600448242895169, 3.135396100479756 ] ] ], [ [ [ 101.620149078752007, 3.137579935583459 ], [ 101.620717152982621, 3.136670343880664 ], [ 101.6207886, 3.1351731 ], [ 101.6205794, 3.1326154 ], [ 101.6205357, 3.1325714 ], [ 101.6174062, 3.1328451 ], [ 101.6179087, 3.1377598 ], [ 101.617862697091041, 3.139073446848419 ], [ 101.618796008497029, 3.13870186923679 ], [ 101.619527508113876, 3.138207882354205 ], [ 101.620149078752007, 3.137579935583459 ] ], [ [ 101.6195567, 3.1343178 ], [ 101.6195959, 3.1356454 ], [ 101.6187793, 3.1356383 ], [ 101.618668, 3.1343925 ], [ 101.6195567, 3.1343178 ] ] ], [ [ [ 101.6305127, 3.135896 ], [ 101.6299281, 3.1357916 ], [ 101.6299347, 3.136409 ], [ 101.6300179, 3.136413 ], [ 101.6305127, 3.135896 ] ] ], [ [ [ 101.6310603, 3.1383622 ], [ 101.6313467, 3.1377912 ], [ 101.6305517, 3.1375399 ], [ 101.6303254, 3.1381068 ], [ 101.6310603, 3.1383622 ] ] ], [ [ [ 101.6275449, 3.1381989 ], [ 101.6264977, 3.137538 ], [ 101.626256421294514, 3.137496848439354 ], [ 101.6265798180698, 3.138270127078812 ], [ 101.627039376692437, 3.138962458583222 ], [ 101.6275449, 3.1381989 ] ] ], [ [ [ 101.6157307, 3.1386628 ], [ 101.61560320000001, 3.1382208 ], [ 101.6146248, 3.1385921 ], [ 101.614523309988286, 3.138691857421256 ], [ 101.615633807760148, 3.139114494237968 ], [ 101.6154802, 3.1387724 ], [ 101.6157307, 3.1386628 ] ] ], [ [ [ 101.631674224028245, 3.140496783225985 ], [ 101.631808308233531, 3.140462661052815 ], [ 101.6318172, 3.1386949 ], [ 101.6313416, 3.1385258 ], [ 101.6307483, 3.1401725 ], [ 101.631674224028245, 3.140496783225985 ] ] ], [ [ [ 101.632446923574889, 3.140215606992715 ], [ 101.632668044663461, 3.140109793979285 ], [ 101.632922830540238, 3.139955407710347 ], [ 101.632522, 3.1399236 ], [ 101.632446923574889, 3.140215606992715 ] ] ], [ [ [ 101.631115156056168, 3.140606994616919 ], [ 101.6306696, 3.1404456 ], [ 101.630599164458971, 3.140646185430302 ], [ 101.630990870564702, 3.140625848205396 ], [ 101.631115156056168, 3.140606994616919 ] ] ], [ [ [ 101.6161401, 3.1421707 ], [ 101.616216, 3.1421063 ], [ 101.616192600373253, 3.141907834025383 ], [ 101.615801620132672, 3.142187286921772 ], [ 101.6161401, 3.1421707 ] ] ], [ [ [ 101.6155712, 3.1429833 ], [ 101.615448281749053, 3.142501321300635 ], [ 101.614784758366937, 3.143343461056519 ], [ 101.6151434, 3.1433429 ], [ 101.6152802, 3.1434247 ], [ 101.6155712, 3.1429833 ] ] ], [ [ [ 101.619481100000016, 3.1449163 ], [ 101.6201787, 3.1440947 ], [ 101.621829595716008, 3.142572180290876 ], [ 101.621093111807753, 3.141952487946495 ], [ 101.619899144383027, 3.141388522993892 ], [ 101.619034402207433, 3.14121788387033 ], [ 101.617795764786692, 3.141274314473562 ], [ 101.6176678, 3.1433148 ], [ 101.6198538, 3.1433764 ], [ 101.6200697, 3.1436081 ], [ 101.619314, 3.1445039 ], [ 101.6187032, 3.1440192 ], [ 101.618570100000014, 3.1441768 ], [ 101.619481100000016, 3.1449163 ] ] ], [ [ [ 101.614198188648402, 3.146608684234688 ], [ 101.614438534361682, 3.147406724610572 ], [ 101.6161939, 3.1444691 ], [ 101.6149865, 3.1437564 ], [ 101.614563287512652, 3.143749507727012 ], [ 101.61429991432847, 3.144415111093227 ], [ 101.614130155850319, 3.145284358850847 ], [ 101.614198188648402, 3.146608684234688 ] ] ], [ [ [ 101.6086251569008, 3.150805069719496 ], [ 101.608027870893665, 3.150912220967913 ], [ 101.6079934, 3.1535015 ], [ 101.608022792630109, 3.15091351320895 ], [ 101.606947925883333, 3.151321109269011 ], [ 101.606216408946054, 3.151815099800445 ], [ 101.605740376961663, 3.152280808027818 ], [ 101.605711, 3.1547534 ], [ 101.6058479, 3.1548732 ], [ 101.6106374, 3.1548958 ], [ 101.6106685, 3.1518876 ], [ 101.611065096589428, 3.151253237199132 ], [ 101.609942964363455, 3.150866820195453 ], [ 101.6086251569008, 3.150805069719496 ] ] ], [ [ [ 101.605463660789042, 3.152621753900802 ], [ 101.604919428031081, 3.153582188027381 ], [ 101.6046345, 3.154681 ], [ 101.6054296, 3.154759 ], [ 101.605463660789042, 3.152621753900802 ] ] ], [ [ [ 101.605928726161665, 3.158524712505349 ], [ 101.606588829036923, 3.159064545026354 ], [ 101.60736708043774, 3.159480167086506 ], [ 101.608647595896187, 3.159799151562863 ], [ 101.609965089825636, 3.159730756246476 ], [ 101.610807765783647, 3.159471480737269 ], [ 101.611455988037804, 3.159129458286335 ], [ 101.611326700000021, 3.1589964 ], [ 101.6104987, 3.1585898 ], [ 101.608976, 3.1580867 ], [ 101.6082811, 3.1576692 ], [ 101.6081135, 3.1574131 ], [ 101.6077969, 3.1565142 ], [ 101.6077825, 3.1554992 ], [ 101.6076916, 3.155372 ], [ 101.605303, 3.155321 ], [ 101.604590066873826, 3.155128413839935 ], [ 101.604670113331053, 3.156193684057641 ], [ 101.604928044365408, 3.157040738224319 ], [ 101.605345418870172, 3.15782093476506 ], [ 101.605928726161665, 3.158524712505349 ] ] ], [ [ [ 101.60510690496146, 3.195018893510138 ], [ 101.604557667963874, 3.195696025364896 ], [ 101.604259439688732, 3.196231795208772 ], [ 101.6042604, 3.1963691 ], [ 101.6052622, 3.1965222 ], [ 101.6063676, 3.1965084 ], [ 101.6063655, 3.1962065 ], [ 101.6066397, 3.1962046 ], [ 101.6066321, 3.1951183 ], [ 101.605387, 3.1951272 ], [ 101.6053863, 3.1950169 ], [ 101.60510690496146, 3.195018893510138 ] ] ], [ [ [ 101.612007388856682, 3.195641565855966 ], [ 101.611515131334301, 3.195040305472454 ], [ 101.6103226, 3.1961859 ], [ 101.611433, 3.1967376 ], [ 101.612007388856682, 3.195641565855966 ] ] ], [ [ [ 101.616911427945155, 3.198588383443575 ], [ 101.6169669, 3.1985522 ], [ 101.616915967780869, 3.19849039891468 ], [ 101.616911427945155, 3.198588383443575 ] ] ], [ [ [ 101.625646, 3.1994443 ], [ 101.6256189, 3.1998028 ], [ 101.625733384325883, 3.199985712547439 ], [ 101.62586219005307, 3.199307666991483 ], [ 101.625646, 3.1994443 ] ] ], [ [ [ 101.630425723751273, 3.203652806053052 ], [ 101.629145158605041, 3.203333899589277 ], [ 101.628263868622426, 3.203336172233093 ], [ 101.627669910199387, 3.203442507675034 ], [ 101.6283504, 3.2049977 ], [ 101.6294996, 3.2081866 ], [ 101.630484, 3.2080269 ], [ 101.6328643, 3.2067446 ], [ 101.633031530893632, 3.206576112766764 ], [ 101.632675317355577, 3.205691649374478 ], [ 101.632183815607107, 3.204956380539854 ], [ 101.631559048929901, 3.204331619145938 ], [ 101.630425723751273, 3.203652806053052 ] ] ], [ [ [ 101.6322888, 3.2074725 ], [ 101.6303152, 3.2084397 ], [ 101.6295071, 3.2085931 ], [ 101.6297223, 3.2092904 ], [ 101.6304233, 3.2090554 ], [ 101.6305401, 3.2091859 ], [ 101.631306867867949, 3.211520045009916 ], [ 101.632198489439617, 3.21068965907467 ], [ 101.632873823955393, 3.209550500329182 ], [ 101.633191089168562, 3.208263347368078 ], [ 101.63318882112543, 3.207377526021471 ], [ 101.633114328582252, 3.206904769873282 ], [ 101.6322888, 3.2074725 ] ] ], [ [ [ 101.6287027, 3.2101907 ], [ 101.6285002, 3.2092099 ], [ 101.6276533, 3.2089878 ], [ 101.627649600000012, 3.2100909 ], [ 101.6287027, 3.2101907 ] ] ], [ [ [ 101.635919489442344, 3.211580392923977 ], [ 101.635244160473988, 3.212719551963422 ], [ 101.634971667336174, 3.213697880775911 ], [ 101.6357768, 3.213758 ], [ 101.6368909, 3.2139948 ], [ 101.6370621, 3.2131134 ], [ 101.6368045, 3.2124183 ], [ 101.6378985, 3.2115688 ], [ 101.6379936, 3.211004 ], [ 101.6381936, 3.2107264 ], [ 101.639557445045497, 3.209927131481366 ], [ 101.63851356556566, 3.210008417206291 ], [ 101.637670884539503, 3.210267743714601 ], [ 101.636541049250937, 3.210952408639623 ], [ 101.635919489442344, 3.211580392923977 ] ] ], [ [ [ 101.6293959, 3.2107699 ], [ 101.6293921, 3.2101874 ], [ 101.6287027, 3.2101907 ], [ 101.6286576, 3.2101913 ], [ 101.628665500000011, 3.2107796 ], [ 101.6293959, 3.2107699 ] ] ], [ [ [ 101.6296442, 3.2112242 ], [ 101.6295079, 3.2112159 ], [ 101.629170339374767, 3.212327491913237 ], [ 101.630289964723843, 3.212059269482841 ], [ 101.6296442, 3.2112242 ] ] ], [ [ [ 101.6355709, 3.2165435 ], [ 101.6364359, 3.216126 ], [ 101.637565400000014, 3.2183297 ], [ 101.6379446, 3.2183127 ], [ 101.6375101, 3.2165753 ], [ 101.6366873, 3.2153737 ], [ 101.6362299, 3.2152691 ], [ 101.6353975, 3.2152645 ], [ 101.6355709, 3.2165435 ] ] ], [ [ [ 101.6375625, 3.2183691 ], [ 101.6364227, 3.2161421 ], [ 101.635471651668496, 3.216626661659037 ], [ 101.635934214492892, 3.21731365340261 ], [ 101.636558996006855, 3.217938403224173 ], [ 101.637433468416035, 3.218494948662325 ], [ 101.6375625, 3.2183691 ] ] ], [ [ [ 101.6620185, 2.9362137 ], [ 101.661688749353644, 2.936836212355914 ], [ 101.6622154, 2.9373263 ], [ 101.6623527, 2.9376368 ], [ 101.6629745, 2.937008 ], [ 101.6620185, 2.9362137 ] ] ], [ [ [ 101.6551599, 2.9475517 ], [ 101.6550392, 2.9471367 ], [ 101.6547124, 2.9465182 ], [ 101.654558083267034, 2.946425750003575 ], [ 101.65422097441062, 2.946714858803619 ], [ 101.6548679, 2.9511501 ], [ 101.6552644, 2.951436 ], [ 101.6554674, 2.9513998 ], [ 101.6554884, 2.9515244 ], [ 101.6557146, 2.9515042 ], [ 101.6551599, 2.9475517 ] ] ], [ [ [ 101.6579942, 2.9618561 ], [ 101.657995807505841, 2.961785912368886 ], [ 101.657654937274785, 2.961474166966991 ], [ 101.656720234077312, 2.96088884459517 ], [ 101.65668890000002, 2.9609321 ], [ 101.6579942, 2.9618561 ] ] ], [ [ [ 101.650338084144565, 2.964541870015106 ], [ 101.650340193819304, 2.965427683094266 ], [ 101.65051415361944, 2.966296061522618 ], [ 101.650853278600962, 2.96711363358926 ], [ 101.651344536408359, 2.967848980058216 ], [ 101.651969048096532, 2.96847384165291 ], [ 101.652702813665698, 2.96896420509368 ], [ 101.653517634423551, 2.969301225945033 ], [ 101.654382196720235, 2.969471952803453 ], [ 101.655263275397346, 2.969469824994593 ], [ 101.656127010690597, 2.969294924656324 ], [ 101.65694020950329, 2.968953973526289 ], [ 101.657671621034197, 2.96846007456594 ], [ 101.658293137732372, 2.967832208359975 ], [ 101.658780875426643, 2.967094503653569 ], [ 101.659116091124872, 2.966275310067869 ], [ 101.659285903221274, 2.965406108633377 ], [ 101.659302027558937, 2.965059116646601 ], [ 101.6557307, 2.9618861 ], [ 101.6546352, 2.9624529 ], [ 101.6543019, 2.9620706 ], [ 101.6523712, 2.9630049 ], [ 101.651094482135406, 2.962437827317256 ], [ 101.650655503241339, 2.963254787525133 ], [ 101.650338084144565, 2.964541870015106 ] ] ], [ [ [ 101.664303824484406, 2.980345415895385 ], [ 101.6643044, 2.9803818 ], [ 101.664361426185238, 2.980409000337786 ], [ 101.664303824484406, 2.980345415895385 ] ] ], [ [ [ 101.6609819, 2.981668 ], [ 101.6616618, 2.9804986 ], [ 101.6599615, 2.9804635 ], [ 101.6597398, 2.9810183 ], [ 101.6609819, 2.981668 ] ] ], [ [ [ 101.6630608, 2.9824925 ], [ 101.6629448, 2.982563 ], [ 101.6626603, 2.9831215 ], [ 101.6640705, 2.98314 ], [ 101.6640742, 2.9826516 ], [ 101.663909, 2.982494 ], [ 101.6630608, 2.9824925 ] ] ], [ [ [ 101.661000880444547, 2.987908623228029 ], [ 101.662305114131982, 2.987710874522114 ], [ 101.663118315432044, 2.987369908427651 ], [ 101.663849725372913, 2.986875997003541 ], [ 101.66412569303688, 2.986623307519837 ], [ 101.6640796, 2.9851115 ], [ 101.663886100000013, 2.9849468 ], [ 101.6631908, 2.9849254 ], [ 101.6623164, 2.9846963 ], [ 101.6603981, 2.9835849 ], [ 101.659958637821475, 2.987782762883599 ], [ 101.661000880444547, 2.987908623228029 ] ] ], [ [ [ 101.640812406947134, 3.047647951481345 ], [ 101.640324661854208, 3.04838568973515 ], [ 101.640073562942234, 3.048966763028153 ], [ 101.640521, 3.0489663 ], [ 101.6405669, 3.0490794 ], [ 101.641283, 3.0491679 ], [ 101.6413736, 3.0490878 ], [ 101.6415505, 3.0482521 ], [ 101.641568235706515, 3.046919410171601 ], [ 101.640812406947134, 3.047647951481345 ] ] ], [ [ [ 101.6471118, 3.0509059 ], [ 101.64732, 3.0505621 ], [ 101.6474148, 3.0501895 ], [ 101.647357747253523, 3.047206135629764 ], [ 101.647136976681125, 3.047005972294589 ], [ 101.646003910190032, 3.046327038900374 ], [ 101.644723587581424, 3.046007992137903 ], [ 101.643406267613017, 3.046076308844204 ], [ 101.642563688300825, 3.046335527405897 ], [ 101.641834361902141, 3.046726683082827 ], [ 101.641766800000013, 3.0491834 ], [ 101.6424312, 3.049345 ], [ 101.6461449, 3.0508915 ], [ 101.6471118, 3.0509059 ] ] ], [ [ [ 101.654640755014398, 3.050575953518944 ], [ 101.6568857, 3.050204 ], [ 101.656885330017474, 3.050201458855148 ], [ 101.655580208092786, 3.050270366015418 ], [ 101.654640755014398, 3.050575953518944 ] ] ], [ [ [ 101.6400594, 3.0495816 ], [ 101.639911417122718, 3.049521400424372 ], [ 101.639799107983549, 3.050517096580899 ], [ 101.639887628219427, 3.051398437277256 ], [ 101.64010732329929, 3.052139089516214 ], [ 101.6400594, 3.0495816 ] ] ], [ [ [ 101.647775608211205, 3.05336402093638 ], [ 101.6477374, 3.0518403 ], [ 101.6474311, 3.051667 ], [ 101.6437311, 3.0517587 ], [ 101.6440491, 3.0507547 ], [ 101.6440055, 3.0506846 ], [ 101.6423838, 3.0500082 ], [ 101.6417943, 3.0498553 ], [ 101.6417252, 3.0499675 ], [ 101.6410484, 3.0499594 ], [ 101.6410405, 3.0495831 ], [ 101.640216, 3.0495368 ], [ 101.640300322707944, 3.052572513149968 ], [ 101.640562766579251, 3.053025679026482 ], [ 101.641123439586451, 3.053709045300951 ], [ 101.642184866254809, 3.054496359257482 ], [ 101.642984720424465, 3.054827959893795 ], [ 101.645789306140543, 3.054761654853186 ], [ 101.64680042110902, 3.054256963673512 ], [ 101.647775608211205, 3.05336402093638 ] ] ], [ [ [ 101.648263344581324, 3.052626281826208 ], [ 101.648644199101668, 3.051621886144973 ], [ 101.647919, 3.0515347 ], [ 101.647972396801194, 3.053095900390324 ], [ 101.648263344581324, 3.052626281826208 ] ] ], [ [ [ 101.6599416, 3.0527461 ], [ 101.6600391, 3.0525609 ], [ 101.6598369, 3.0522425 ], [ 101.6593615, 3.0520924 ], [ 101.6593752, 3.0534155 ], [ 101.6596098, 3.0530462 ], [ 101.6599416, 3.0527461 ] ] ], [ [ [ 101.6570056, 3.0544637 ], [ 101.6581954, 3.0551431 ], [ 101.6587604, 3.0553418 ], [ 101.6593518, 3.0554443 ], [ 101.659315950481357, 3.051204536347568 ], [ 101.658577056249527, 3.050709658425324 ], [ 101.657762154621523, 3.050372697129783 ], [ 101.657056315278439, 3.050225307668146 ], [ 101.6567661, 3.0503369 ], [ 101.6551835, 3.0505423 ], [ 101.6542506, 3.051118 ], [ 101.653835084556874, 3.051043875514137 ], [ 101.653281807185593, 3.051512730131031 ], [ 101.652841349470862, 3.052039642450473 ], [ 101.6528474, 3.052767 ], [ 101.6547198, 3.0535616 ], [ 101.6560076, 3.05359 ], [ 101.6562735, 3.0537127 ], [ 101.6561103, 3.0542014 ], [ 101.656178, 3.0542849 ], [ 101.6567987, 3.0545471 ], [ 101.6570056, 3.0544637 ] ] ], [ [ [ 101.659854, 3.0531948 ], [ 101.6596428, 3.0537471 ], [ 101.6596093, 3.0545293 ], [ 101.6601229, 3.0545679 ], [ 101.660125, 3.054709 ], [ 101.6596024, 3.0547551 ], [ 101.6596067, 3.0554375 ], [ 101.6596948, 3.0555544 ], [ 101.660885716787618, 3.055521871721211 ], [ 101.660940113500303, 3.054245970066037 ], [ 101.660766071508888, 3.05337761435971 ], [ 101.660510114532542, 3.052735911623826 ], [ 101.659854, 3.0531948 ] ] ], [ [ [ 101.656089595884055, 3.0592003684151 ], [ 101.6566131, 3.0591239 ], [ 101.6567295, 3.0590182 ], [ 101.6564452, 3.0586504 ], [ 101.6558939, 3.0589652 ], [ 101.6532034, 3.0574677 ], [ 101.653089381674533, 3.057673360814674 ], [ 101.653625076439539, 3.058200043350593 ], [ 101.654358937336141, 3.058690350824728 ], [ 101.655173848694531, 3.05902731009452 ], [ 101.656089595884055, 3.0592003684151 ] ] ], [ [ [ 101.662264993495, 3.057724701491058 ], [ 101.660909061799799, 3.058026924858519 ], [ 101.6605735, 3.0585828 ], [ 101.6604186, 3.058577 ], [ 101.6603874, 3.0584436 ], [ 101.660163080854659, 3.058406899576214 ], [ 101.6594744, 3.0589675 ], [ 101.6599031, 3.0589236 ], [ 101.6602675, 3.058762 ], [ 101.6604634, 3.0587873 ], [ 101.6605131, 3.0589625 ], [ 101.6610159, 3.058945 ], [ 101.6610656, 3.0587026 ], [ 101.6614417, 3.0586296 ], [ 101.6614807, 3.0590248 ], [ 101.6618676, 3.0590151 ], [ 101.6621209, 3.0584397 ], [ 101.6625741, 3.0583287 ], [ 101.6626238, 3.0579919 ], [ 101.6621862, 3.0578955 ], [ 101.662264993495, 3.057724701491058 ] ] ], [ [ [ 101.656431122763692, 3.059216383209638 ], [ 101.657614923526708, 3.059063693869454 ], [ 101.6575259, 3.0586745 ], [ 101.6571111, 3.0580399 ], [ 101.6564286, 3.0585478 ], [ 101.656747, 3.0590228 ], [ 101.6566164, 3.0591381 ], [ 101.6564223, 3.0591634 ], [ 101.656431122763692, 3.059216383209638 ] ] ], [ [ [ 101.657664669182736, 3.05905103563454 ], [ 101.657778906370567, 3.059021966934558 ], [ 101.6577379, 3.0589932 ], [ 101.657664669182736, 3.05905103563454 ] ] ], [ [ [ 101.6626804, 3.0594364 ], [ 101.6639212, 3.0591266 ], [ 101.663927900000019, 3.0588475 ], [ 101.6623122, 3.058785 ], [ 101.6621105, 3.0590967 ], [ 101.6620895, 3.059926 ], [ 101.6621938, 3.059994 ], [ 101.6626804, 3.0594364 ] ] ], [ [ [ 101.6620356, 3.0594016 ], [ 101.6618115, 3.0591346 ], [ 101.6596649, 3.0591394 ], [ 101.6594584, 3.0602161 ], [ 101.6596113, 3.0604679 ], [ 101.6600994, 3.0604706 ], [ 101.6604558, 3.0603632 ], [ 101.6617245, 3.0603632 ], [ 101.6620168, 3.0600685 ], [ 101.6620356, 3.0594016 ] ] ], [ [ [ 101.6587648, 3.059987 ], [ 101.658700365501232, 3.05991023055437 ], [ 101.65856685754575, 3.060142549799969 ], [ 101.6587648, 3.059987 ] ] ], [ [ [ 101.6608869, 3.0617662 ], [ 101.6623188, 3.0617554 ], [ 101.6621057, 3.061171 ], [ 101.6621013, 3.0607968 ], [ 101.660888, 3.0607924 ], [ 101.6608869, 3.0617662 ] ] ], [ [ [ 101.660324, 3.062081 ], [ 101.6602747, 3.0630803 ], [ 101.6605014, 3.0630762 ], [ 101.66051, 3.0633434 ], [ 101.660104, 3.0634261 ], [ 101.6593696, 3.0651985 ], [ 101.6598219, 3.0650881 ], [ 101.6607179, 3.0644652 ], [ 101.661718100000016, 3.0642291 ], [ 101.6623125, 3.0643473 ], [ 101.6626531, 3.0641377 ], [ 101.6628797, 3.0631168 ], [ 101.6627609, 3.0626604 ], [ 101.66233170000001, 3.0626501 ], [ 101.662338, 3.0621118 ], [ 101.660324, 3.062081 ] ] ], [ [ [ 101.6631686, 3.0647165 ], [ 101.6634674, 3.0647491 ], [ 101.6645842, 3.0652976 ], [ 101.6647899, 3.0653075 ], [ 101.6648093, 3.0651251 ], [ 101.665965512528331, 3.065162861539322 ], [ 101.666576927611956, 3.064230324090351 ], [ 101.667154923969903, 3.065080630694986 ], [ 101.6681726, 3.0635671 ], [ 101.6648007, 3.0642531 ], [ 101.6632671, 3.0640151 ], [ 101.6632811, 3.0641433 ], [ 101.6631007, 3.0642479 ], [ 101.663019, 3.064612 ], [ 101.6631686, 3.0647165 ] ] ], [ [ [ 101.66261346101652, 3.066745001358835 ], [ 101.663381711893635, 3.066667414462221 ], [ 101.6626989, 3.0665152 ], [ 101.66261346101652, 3.066745001358835 ] ] ], [ [ [ 101.649207014699343, 3.1019459424274 ], [ 101.648418557454931, 3.100882826488766 ], [ 101.647735990082566, 3.100322586015858 ], [ 101.64720894586894, 3.100025599693982 ], [ 101.6471534, 3.1004337 ], [ 101.647329, 3.1010109 ], [ 101.6476759, 3.1015772 ], [ 101.6479014, 3.1023193 ], [ 101.649207014699343, 3.1019459424274 ] ] ], [ [ [ 101.6483648, 3.103761 ], [ 101.6494494, 3.1036017 ], [ 101.649719141500228, 3.103623800903065 ], [ 101.649546270426185, 3.10276347662654 ], [ 101.649319783569865, 3.102184078041154 ], [ 101.6490705, 3.1021243 ], [ 101.6479438, 3.1024652 ], [ 101.6483648, 3.103761 ] ] ], [ [ [ 101.643816527268953, 3.108364362302164 ], [ 101.644818600713549, 3.108584021972622 ], [ 101.645312874149226, 3.108601887645011 ], [ 101.6460335, 3.1079248 ], [ 101.6458136, 3.1077025 ], [ 101.6459584, 3.1075124 ], [ 101.645114, 3.1067601 ], [ 101.6436907, 3.1077334 ], [ 101.643816527268953, 3.108364362302164 ] ] ], [ [ [ 101.648031542733293, 3.107629373353876 ], [ 101.647121500000011, 3.1071574 ], [ 101.6469181, 3.1072125 ], [ 101.646322, 3.1080558 ], [ 101.645830957896422, 3.108561907319613 ], [ 101.646978604619335, 3.108256374233394 ], [ 101.648031542733293, 3.107629373353876 ] ] ], [ [ [ 101.662272951321413, 3.110148016455251 ], [ 101.661171977791113, 3.110122561470499 ], [ 101.6613665, 3.1107791 ], [ 101.6618092, 3.1108122 ], [ 101.662272951321413, 3.110148016455251 ] ] ], [ [ [ 101.6621618, 3.1105726 ], [ 101.6627117, 3.1109099 ], [ 101.6628191, 3.1107495 ], [ 101.6629198, 3.1108091 ], [ 101.663202943924034, 3.110384974573399 ], [ 101.662431921303252, 3.110171309023075 ], [ 101.6621618, 3.1105726 ] ] ], [ [ [ 101.660842377717259, 3.110172563256546 ], [ 101.660447225511689, 3.110263726911354 ], [ 101.6605976, 3.1109974 ], [ 101.6612464, 3.1108714 ], [ 101.6613577, 3.1107857 ], [ 101.6608696, 3.1103497 ], [ 101.660842377717259, 3.110172563256546 ] ] ], [ [ [ 101.660128, 3.1112771 ], [ 101.6604847, 3.1119811 ], [ 101.6610195, 3.1118927 ], [ 101.6616409, 3.1110742 ], [ 101.6610267, 3.1110803 ], [ 101.660128, 3.1112771 ] ] ], [ [ [ 101.6618605, 3.1117072 ], [ 101.66167470000002, 3.1110722 ], [ 101.6608543, 3.1122173 ], [ 101.6608353, 3.1124256 ], [ 101.6605092, 3.1129414 ], [ 101.6604969, 3.11328 ], [ 101.6606907, 3.1135185 ], [ 101.6611183, 3.1136369 ], [ 101.6613063, 3.1139389 ], [ 101.6614244, 3.1143169 ], [ 101.6618923, 3.1144423 ], [ 101.6621361, 3.1144145 ], [ 101.6621, 3.1138828 ], [ 101.6623268, 3.1138421 ], [ 101.6621576, 3.1125756 ], [ 101.6621021, 3.1125809 ], [ 101.662090600000013, 3.1124805 ], [ 101.6621219, 3.1118355 ], [ 101.6620592, 3.1118361 ], [ 101.6620334, 3.1117212 ], [ 101.6618605, 3.1117072 ] ], [ [ 101.661700400000015, 3.1136043 ], [ 101.6621468, 3.1135391 ], [ 101.6621771, 3.1137468 ], [ 101.6617308, 3.1138119 ], [ 101.661700400000015, 3.1136043 ] ], [ [ 101.6618602, 3.1144205 ], [ 101.661814, 3.114149 ], [ 101.6620776, 3.1141042 ], [ 101.6621238, 3.1143758 ], [ 101.6618602, 3.1144205 ] ], [ [ 101.6621042, 3.1140328 ], [ 101.6617892, 3.1140864 ], [ 101.6617673, 3.113958 ], [ 101.6620822, 3.1139044 ], [ 101.6621042, 3.1140328 ] ], [ [ 101.6616199, 3.1129682 ], [ 101.662057, 3.1129105 ], [ 101.662081400000019, 3.1130949 ], [ 101.6616443, 3.1131525 ], [ 101.6616199, 3.1129682 ] ], [ [ 101.6613659, 3.1137542 ], [ 101.6616032, 3.1137224 ], [ 101.661672, 3.1142348 ], [ 101.6614347, 3.1142666 ], [ 101.6613659, 3.1137542 ] ], [ [ 101.6609868, 3.1135468 ], [ 101.6609366, 3.1132061 ], [ 101.661519, 3.1131206 ], [ 101.6615692, 3.1134613 ], [ 101.6609868, 3.1135468 ] ], [ [ 101.6609441, 3.1128574 ], [ 101.6614597, 3.1127863 ], [ 101.6614911, 3.113013 ], [ 101.660975500000021, 3.1130841 ], [ 101.6609441, 3.1128574 ] ], [ [ 101.6611322, 3.1135764 ], [ 101.6614639, 3.1135063 ], [ 101.6614927, 3.1136938 ], [ 101.6612352, 3.1137375 ], [ 101.6611322, 3.1135764 ] ], [ [ 101.6609898, 3.1121752 ], [ 101.6612027, 3.1121479 ], [ 101.6612695, 3.1126679 ], [ 101.6610567, 3.1126952 ], [ 101.6609898, 3.1121752 ] ], [ [ 101.6608336, 3.1134022 ], [ 101.6606493, 3.1133621 ], [ 101.6606065, 3.1129731 ], [ 101.6607842, 3.1129536 ], [ 101.6608336, 3.1134022 ] ] ], [ [ [ 101.662739, 3.1115391 ], [ 101.6625331, 3.1117353 ], [ 101.6624238, 3.1120788 ], [ 101.6624889, 3.1128143 ], [ 101.663439, 3.1122127 ], [ 101.6629978, 3.1116368 ], [ 101.662739, 3.1115391 ] ] ], [ [ [ 101.6583653, 3.1130218 ], [ 101.657964846124216, 3.112020128571343 ], [ 101.657634349148992, 3.112570841925242 ], [ 101.6583653, 3.1130218 ] ] ], [ [ [ 101.6635309, 3.1124196 ], [ 101.6634431, 3.1123935 ], [ 101.6629153, 3.1127129 ], [ 101.6632654, 3.1134059 ], [ 101.6639795, 3.1131601 ], [ 101.6635309, 3.1124196 ] ] ], [ [ [ 101.6648555, 3.1144288 ], [ 101.66552, 3.1139148 ], [ 101.6655179, 3.1130792 ], [ 101.6644281, 3.1130979 ], [ 101.6643822, 3.1136551 ], [ 101.6644276, 3.114389 ], [ 101.6648555, 3.1144288 ] ] ], [ [ [ 101.643077131938355, 3.125391868980025 ], [ 101.642019127787634, 3.125368193665171 ], [ 101.641552342216357, 3.125442146891851 ], [ 101.6415501, 3.1255565 ], [ 101.641315430837238, 3.125502437021718 ], [ 101.641091656738197, 3.125566257795852 ], [ 101.6412968, 3.1257097 ], [ 101.6416602, 3.1264234 ], [ 101.6424492, 3.126395 ], [ 101.6424396, 3.1259982 ], [ 101.64467134201125, 3.125928213569219 ], [ 101.644066988789035, 3.125644327809798 ], [ 101.6436839, 3.1256601 ], [ 101.6431971, 3.1254111 ], [ 101.642784700000021, 3.1256447 ], [ 101.642746500000015, 3.1255771 ], [ 101.643077131938355, 3.125391868980025 ] ], [ [ 101.6422282, 3.126027 ], [ 101.6423095, 3.1260276 ], [ 101.6423088, 3.1261214 ], [ 101.6421928, 3.1261205 ], [ 101.6421918, 3.1262573 ], [ 101.6420162, 3.1261673 ], [ 101.6420155, 3.126256 ], [ 101.6419117, 3.1262553 ], [ 101.6419127, 3.1261198 ], [ 101.6417698, 3.1261187 ], [ 101.6417705, 3.1260263 ], [ 101.6418699, 3.1260271 ], [ 101.6418707, 3.1259186 ], [ 101.6419632, 3.1259193 ], [ 101.641995, 3.1260064 ], [ 101.642229, 3.1259212 ], [ 101.6422282, 3.126027 ] ] ], [ [ [ 101.6407442, 3.1258891 ], [ 101.6407482, 3.1261516 ], [ 101.641224300000019, 3.1259654 ], [ 101.641224300000019, 3.1258489 ], [ 101.640931923100794, 3.12562416581182 ], [ 101.639876277614889, 3.126179049698938 ], [ 101.6404814, 3.126165 ], [ 101.6404746, 3.1258905 ], [ 101.6407442, 3.1258891 ] ] ], [ [ [ 101.6410862, 3.1267488 ], [ 101.6410446, 3.1275034 ], [ 101.6415381, 3.1276487 ], [ 101.6416186, 3.1276139 ], [ 101.641632, 3.1269684 ], [ 101.6413182, 3.1260619 ], [ 101.6406865, 3.1262801 ], [ 101.6401595, 3.1262775 ], [ 101.6401635, 3.126552 ], [ 101.6399235, 3.126556 ], [ 101.6399194, 3.1262786 ], [ 101.639742311271618, 3.126279450521578 ], [ 101.638900463229376, 3.127126756375546 ], [ 101.6402621, 3.1295059 ], [ 101.6407693, 3.1292998 ], [ 101.6399596, 3.1279288 ], [ 101.6399807, 3.1272624 ], [ 101.639657, 3.1270449 ], [ 101.6396536, 3.1269565 ], [ 101.6398725, 3.1268506 ], [ 101.6404532, 3.1268332 ], [ 101.6404532, 3.1269323 ], [ 101.639955, 3.1269463 ], [ 101.639902, 3.1270233 ], [ 101.6401186, 3.1271894 ], [ 101.6408703, 3.1274411 ], [ 101.6409246, 3.1274016 ], [ 101.6409615, 3.1267435 ], [ 101.6410862, 3.1267488 ] ] ], [ [ [ 101.6417219, 3.1277411 ], [ 101.6423857, 3.1277391 ], [ 101.6423482, 3.1265547 ], [ 101.6417178, 3.1265707 ], [ 101.641801, 3.1268707 ], [ 101.6418037, 3.1274144 ], [ 101.6417219, 3.1277411 ] ] ], [ [ [ 101.6413958, 3.1281844 ], [ 101.6414557, 3.1279634 ], [ 101.6412941, 3.1279141 ], [ 101.6413467, 3.1277335 ], [ 101.6401022, 3.1273656 ], [ 101.6400916, 3.1279695 ], [ 101.6408491, 3.1292513 ], [ 101.6413767, 3.1290478 ], [ 101.6414572, 3.1286158 ], [ 101.6413958, 3.1281844 ] ] ], [ [ [ 101.6415985, 3.1283102 ], [ 101.6416481, 3.1286544 ], [ 101.6420273, 3.1284961 ], [ 101.641927, 3.128262 ], [ 101.64201150000001, 3.1280336 ], [ 101.6416562, 3.1279607 ], [ 101.6415985, 3.1283102 ] ] ], [ [ [ 101.662920068634563, 3.138928885773981 ], [ 101.662909711757365, 3.138928400897925 ], [ 101.6629127, 3.1389336 ], [ 101.662920068634563, 3.138928885773981 ] ] ], [ [ [ 101.6630331, 3.1390364 ], [ 101.6635265, 3.1396033 ], [ 101.6638816, 3.1397306 ], [ 101.6642422, 3.1397272 ], [ 101.664323700000011, 3.1394236 ], [ 101.664281381040468, 3.139163170823587 ], [ 101.663110527771934, 3.13893780244593 ], [ 101.6630331, 3.1390364 ] ] ], [ [ [ 101.66196879549544, 3.139014465179081 ], [ 101.66112617923234, 3.139273757820774 ], [ 101.660034258753413, 3.139930011188292 ], [ 101.6607021, 3.1398655 ], [ 101.660932, 3.1395928 ], [ 101.6621984, 3.1393088 ], [ 101.6628562, 3.1389693 ], [ 101.66196879549544, 3.139014465179081 ] ] ], [ [ [ 101.665519, 3.1399204 ], [ 101.6658167, 3.1403575 ], [ 101.666074334806424, 3.140292424425682 ], [ 101.665344865386587, 3.139680520868155 ], [ 101.664772102009337, 3.139361984226511 ], [ 101.6647612, 3.1396969 ], [ 101.6650627, 3.1397076 ], [ 101.665519, 3.1399204 ] ] ], [ [ [ 101.6622577, 3.1400637 ], [ 101.662153300000014, 3.1395097 ], [ 101.6610159, 3.1397588 ], [ 101.6608668, 3.139941 ], [ 101.6609974, 3.1402881 ], [ 101.661179, 3.1404309 ], [ 101.661480200000014, 3.1405595 ], [ 101.6621886, 3.1406708 ], [ 101.6622577, 3.1400637 ] ] ], [ [ [ 101.6608595, 3.1404106 ], [ 101.6606915, 3.1399926 ], [ 101.6597622, 3.1402531 ], [ 101.6603151, 3.1409274 ], [ 101.6606924, 3.1412345 ], [ 101.6613544, 3.1415661 ], [ 101.6620734, 3.141522 ], [ 101.662063700000019, 3.1408421 ], [ 101.661427, 3.1407344 ], [ 101.6610863, 3.1405889 ], [ 101.6608595, 3.1404106 ] ] ], [ [ [ 101.659617503589004, 3.140315868662265 ], [ 101.659428501145015, 3.140526561680911 ], [ 101.660446, 3.141732 ], [ 101.6607499, 3.1414664 ], [ 101.659617503589004, 3.140315868662265 ] ] ], [ [ [ 101.661308, 3.141793 ], [ 101.6607593, 3.1415179 ], [ 101.6604616, 3.1417726 ], [ 101.6613695, 3.1427311 ], [ 101.6620759, 3.143015 ], [ 101.6638252, 3.1421907 ], [ 101.6637136, 3.1416464 ], [ 101.661308, 3.141793 ] ] ], [ [ [ 101.6640231, 3.1425318 ], [ 101.6634478, 3.1426876 ], [ 101.663043, 3.1429112 ], [ 101.6634101, 3.1433782 ], [ 101.6637153, 3.1434943 ], [ 101.6641766, 3.1445248 ], [ 101.664464, 3.1447109 ], [ 101.6646022, 3.1452431 ], [ 101.6643934, 3.1460537 ], [ 101.6647665, 3.1463211 ], [ 101.6655041, 3.1465164 ], [ 101.6658475, 3.1465164 ], [ 101.6661547, 3.146341 ], [ 101.666268215833526, 3.146328200452565 ], [ 101.666138500000017, 3.1463529 ], [ 101.6658381, 3.146535 ], [ 101.6656986, 3.1465778 ], [ 101.6647571, 3.1463397 ], [ 101.6644831, 3.146175 ], [ 101.6641592, 3.146519 ], [ 101.6638778, 3.1474007 ], [ 101.6638599, 3.1484533 ], [ 101.6638987, 3.14955 ], [ 101.6641873, 3.1501501 ], [ 101.6644497, 3.1504439 ], [ 101.6648756, 3.1507038 ], [ 101.6658403, 3.1510378 ], [ 101.6659616, 3.1503908 ], [ 101.6656143, 3.1495825 ], [ 101.6657826, 3.1487373 ], [ 101.6660088, 3.1485157 ], [ 101.6665929, 3.1487855 ], [ 101.6665774, 3.1489213 ], [ 101.6664275, 3.1496157 ], [ 101.6664769, 3.1497162 ], [ 101.6666764, 3.1497672 ], [ 101.6666191, 3.149898 ], [ 101.6665317, 3.1498829 ], [ 101.6665545, 3.1499538 ], [ 101.6664703, 3.1501183 ], [ 101.6668357, 3.1500862 ], [ 101.66709, 3.1497542 ], [ 101.667615700000013, 3.1492097 ], [ 101.6675418, 3.1484195 ], [ 101.667619734558755, 3.148364660010698 ], [ 101.6675605, 3.1484102 ], [ 101.6676342, 3.1491536 ], [ 101.6678381, 3.1494556 ], [ 101.6671708, 3.1503532 ], [ 101.667196200000021, 3.1506158 ], [ 101.6686645, 3.1500817 ], [ 101.6692398, 3.1494892 ], [ 101.6689989, 3.1498223 ], [ 101.6692094, 3.1500047 ], [ 101.6697545, 3.1501975 ], [ 101.6698249, 3.150115 ], [ 101.669914463664782, 3.150156458044099 ], [ 101.669645636360144, 3.149237123905445 ], [ 101.669533890421505, 3.149001194096738 ], [ 101.6694023, 3.1490447 ], [ 101.669487400402076, 3.148903039396044 ], [ 101.668961802018885, 3.148098465545104 ], [ 101.6680882, 3.1480045 ], [ 101.668028664417307, 3.148050271449824 ], [ 101.667858138521154, 3.147973071816001 ], [ 101.668005, 3.1478836 ], [ 101.667932346513282, 3.147182060698248 ], [ 101.667206621316311, 3.146797943934791 ], [ 101.666150522808579, 3.146511897699084 ], [ 101.666826827083042, 3.145563876720694 ], [ 101.667161972063539, 3.144744639661165 ], [ 101.667331679556298, 3.143875420532528 ], [ 101.667274665451899, 3.14262493964858 ], [ 101.6645111, 3.1424903 ], [ 101.6640231, 3.1425318 ] ], [ [ 101.6640134, 3.1433841 ], [ 101.6641995, 3.1433153 ], [ 101.6648205, 3.143122 ], [ 101.6640134, 3.1433841 ] ], [ [ 101.6666919, 3.1468543 ], [ 101.6668909, 3.1472598 ], [ 101.6672712, 3.1476845 ], [ 101.667483002595006, 3.147803241964376 ], [ 101.6672618, 3.1477031 ], [ 101.6667051, 3.1470502 ], [ 101.6666825, 3.1468729 ], [ 101.666726880442951, 3.146752561896914 ], [ 101.6666919, 3.1468543 ] ] ], [ [ [ 101.661476, 3.1438072 ], [ 101.6611956, 3.1433166 ], [ 101.6607494, 3.1429818 ], [ 101.659123520986469, 3.140928840959886 ], [ 101.658699583239908, 3.141725438353146 ], [ 101.65844592584115, 3.142573754611008 ], [ 101.658361783997861, 3.143455514580003 ], [ 101.658450391725694, 3.144336832399224 ], [ 101.658708344228089, 3.145183839117178 ], [ 101.659125728687641, 3.145963984317687 ], [ 101.659686505186727, 3.146647287078456 ], [ 101.66047504363911, 3.147270936030484 ], [ 101.660484, 3.1466868 ], [ 101.6615907, 3.1449723 ], [ 101.6617375, 3.1441494 ], [ 101.6614991, 3.1440897 ], [ 101.661476, 3.1438072 ] ] ], [ [ [ 101.661622, 3.1450081 ], [ 101.6610836, 3.1458359 ], [ 101.6615079, 3.1460863 ], [ 101.6621373, 3.145208 ], [ 101.661622, 3.1450081 ] ] ], [ [ [ 101.66107190000001, 3.1472998 ], [ 101.6609817, 3.1469754 ], [ 101.6611108, 3.1467288 ], [ 101.6607383, 3.1464894 ], [ 101.6605646, 3.1468769 ], [ 101.660616898703992, 3.147355909131873 ], [ 101.661040819528225, 3.147572746373171 ], [ 101.6611834, 3.1473755 ], [ 101.66107190000001, 3.1472998 ] ] ], [ [ [ 101.6631829, 3.151715 ], [ 101.6631695, 3.1513451 ], [ 101.6630483, 3.1508542 ], [ 101.6628167, 3.1503659 ], [ 101.6627517, 3.1498983 ], [ 101.662454, 3.1496479 ], [ 101.662263400000015, 3.1493194 ], [ 101.66166164792196, 3.148630244593749 ], [ 101.661191991990819, 3.149676373663593 ], [ 101.661001761411583, 3.150988553588896 ], [ 101.661090377156825, 3.151869868631989 ], [ 101.661537970884709, 3.153117247041476 ], [ 101.662326516715183, 3.154180307316362 ], [ 101.663388104866527, 3.15496749840503 ], [ 101.6646313105161, 3.155411027626434 ], [ 101.665706033105025, 3.155485328290799 ], [ 101.6654505, 3.1552709 ], [ 101.6653508, 3.1554092 ], [ 101.6648564, 3.1549525 ], [ 101.6650786, 3.1547374 ], [ 101.664798300000015, 3.1538967 ], [ 101.6651969, 3.1536916 ], [ 101.6650954, 3.1532547 ], [ 101.6641735, 3.1521695 ], [ 101.6638722, 3.1519825 ], [ 101.663324300000014, 3.151873 ], [ 101.6631829, 3.151715 ] ] ], [ [ [ 101.662266532183281, 3.204250523222337 ], [ 101.661778830872237, 3.204988318663249 ], [ 101.66144370052676, 3.205807573165864 ], [ 101.661274020586845, 3.206676803130334 ], [ 101.661273474540195, 3.207507469611981 ], [ 101.66473520000001, 3.2071093 ], [ 101.6651931, 3.2069433 ], [ 101.6668848, 3.2057831 ], [ 101.6669219, 3.2056431 ], [ 101.6663197, 3.2049018 ], [ 101.6670745, 3.2043418 ], [ 101.6667301, 3.2038584 ], [ 101.666050322416027, 3.202604049687829 ], [ 101.664860503305505, 3.202678529078389 ], [ 101.66401785142358, 3.202937866901316 ], [ 101.662888061865331, 3.203622539851003 ], [ 101.662266532183281, 3.204250523222337 ] ] ], [ [ [ 101.659273367995837, 3.20664264392813 ], [ 101.658316863165794, 3.20578038679893 ], [ 101.6580009, 3.2057977 ], [ 101.6578127, 3.2069395 ], [ 101.6592847, 3.2068759 ], [ 101.659273367995837, 3.20664264392813 ] ] ], [ [ [ 101.6583478, 3.2078015 ], [ 101.6586504, 3.2087588 ], [ 101.659994511653707, 3.207850412385025 ], [ 101.659502869023555, 3.206946296986552 ], [ 101.658991, 3.2077455 ], [ 101.6587294, 3.2078251 ], [ 101.6586991, 3.2077436 ], [ 101.6583478, 3.2078015 ] ] ], [ [ [ 101.6482716, 3.2090553 ], [ 101.648246700000016, 3.2088369 ], [ 101.647931, 3.2081951 ], [ 101.6482152, 3.2080847 ], [ 101.648203792847141, 3.207145398016269 ], [ 101.647777439053527, 3.207165347228995 ], [ 101.6477772, 3.2092396 ], [ 101.6482716, 3.2090553 ] ] ], [ [ [ 101.6567378, 3.2090562 ], [ 101.6570291, 3.208822 ], [ 101.6572304, 3.2082139 ], [ 101.6575158, 3.2081998 ], [ 101.657515500000017, 3.2077876 ], [ 101.6567952, 3.2078305 ], [ 101.6563885, 3.2088521 ], [ 101.6564908, 3.2089723 ], [ 101.6567378, 3.2090562 ] ] ], [ [ [ 101.648375, 3.2081084 ], [ 101.6483734, 3.2090543 ], [ 101.6487689, 3.2090479 ], [ 101.6488657, 3.2089795 ], [ 101.6488856, 3.2078602 ], [ 101.648375, 3.2081084 ] ] ], [ [ [ 101.651151700000014, 3.2093415 ], [ 101.6518611, 3.2088658 ], [ 101.6516291, 3.2084473 ], [ 101.6516228, 3.2082543 ], [ 101.6517605, 3.2078868 ], [ 101.651648099768252, 3.207891094196818 ], [ 101.651447583768459, 3.208552218610024 ], [ 101.651101646854769, 3.208222161603475 ], [ 101.651151700000014, 3.2093415 ] ] ], [ [ [ 101.661349307182931, 3.208029357557418 ], [ 101.661789854587852, 3.209248426595808 ], [ 101.662281370329737, 3.209983661723709 ], [ 101.662906146418933, 3.210608385770758 ], [ 101.664025559974547, 3.211280567895251 ], [ 101.6639525, 3.2095429 ], [ 101.6643363, 3.2090666 ], [ 101.665123400000013, 3.2087454 ], [ 101.6650588, 3.2078747 ], [ 101.6649883, 3.2076916 ], [ 101.6643792, 3.2079183 ], [ 101.6617046, 3.2079444 ], [ 101.661349307182931, 3.208029357557418 ] ] ], [ [ [ 101.648426, 3.2092837 ], [ 101.6479388, 3.2096147 ], [ 101.6482681, 3.210529 ], [ 101.6485568, 3.2105335 ], [ 101.6488432, 3.2103736 ], [ 101.648841, 3.2090765 ], [ 101.6487282, 3.2092747 ], [ 101.648426, 3.2092837 ] ] ], [ [ [ 101.6440232, 3.2108305 ], [ 101.643792027679964, 3.210750406931588 ], [ 101.643717942720542, 3.211231736246145 ], [ 101.643710272569166, 3.211924182146865 ], [ 101.6441637, 3.2130655 ], [ 101.6453794, 3.212628 ], [ 101.645258, 3.2123876 ], [ 101.6456412, 3.2121849 ], [ 101.6457739, 3.2124046 ], [ 101.6464226, 3.2120505 ], [ 101.6462443, 3.211757 ], [ 101.6465895, 3.21156 ], [ 101.6467146, 3.2117778 ], [ 101.6478564, 3.2111737 ], [ 101.6475397, 3.2106435 ], [ 101.6474126, 3.2099239 ], [ 101.6466995, 3.209922 ], [ 101.646654, 3.209763 ], [ 101.6457291, 3.2088289 ], [ 101.6458243, 3.2087338 ], [ 101.645302976710511, 3.208204080252572 ], [ 101.644448615144157, 3.209162293373792 ], [ 101.643887637513927, 3.210362496271472 ], [ 101.643838041020871, 3.210563720403058 ], [ 101.6439228, 3.2106549 ], [ 101.6441713, 3.2105148 ], [ 101.6443693, 3.2107241 ], [ 101.644562, 3.2105432 ], [ 101.6448465, 3.21092 ], [ 101.64456770000001, 3.2112268 ], [ 101.6444179, 3.2116017 ], [ 101.644237800000013, 3.211106 ], [ 101.6440232, 3.2108305 ] ] ], [ [ [ 101.6400607, 3.2119319 ], [ 101.6401036, 3.2100763 ], [ 101.6398329, 3.2099797 ], [ 101.6381484, 3.2109708 ], [ 101.6381023, 3.2112339 ], [ 101.6386887, 3.2119753 ], [ 101.6400607, 3.2119319 ] ] ], [ [ [ 101.657560160191196, 3.213714165054956 ], [ 101.658689963739505, 3.213029485898621 ], [ 101.65931149829089, 3.212401498541027 ], [ 101.659799201468914, 3.211663699954841 ], [ 101.660134331621094, 3.210844443384034 ], [ 101.660304010453231, 3.209975212291043 ], [ 101.660301717847986, 3.209089410481468 ], [ 101.660230959876529, 3.2086315351621 ], [ 101.6588639, 3.2097712 ], [ 101.65857440000002, 3.2098921 ], [ 101.6576822, 3.2100116 ], [ 101.6568804, 3.2099785 ], [ 101.65671260000002, 3.2097288 ], [ 101.6563875, 3.2096977 ], [ 101.6563116, 3.2102699 ], [ 101.6563291, 3.2122913 ], [ 101.6553428, 3.2123404 ], [ 101.6552112, 3.2129965 ], [ 101.655374289539381, 3.21403825346165 ], [ 101.656281267072586, 3.214039712569797 ], [ 101.657560160191196, 3.213714165054956 ] ] ], [ [ [ 101.6404866, 3.2118745 ], [ 101.6416436, 3.2118999 ], [ 101.6416393, 3.210922 ], [ 101.640457, 3.2109206 ], [ 101.6404335, 3.211823 ], [ 101.6404866, 3.2118745 ] ] ], [ [ [ 101.643106151081241, 3.211880994892701 ], [ 101.642572642761536, 3.211234552349638 ], [ 101.642384825520324, 3.211064337058163 ], [ 101.64237, 3.2118994 ], [ 101.643106151081241, 3.211880994892701 ] ] ], [ [ [ 101.6469516, 3.2125807 ], [ 101.6472515, 3.2132321 ], [ 101.6519413, 3.210712 ], [ 101.6519256, 3.2098479 ], [ 101.6518846, 3.2097803 ], [ 101.6517622, 3.2097888 ], [ 101.6469516, 3.2125807 ] ] ], [ [ [ 101.6515831, 3.2120771 ], [ 101.6513215, 3.2115322 ], [ 101.6508433, 3.2117911 ], [ 101.650805, 3.2117394 ], [ 101.6505817, 3.2118497 ], [ 101.6504238, 3.2115682 ], [ 101.6495081, 3.2120839 ], [ 101.6498622, 3.2127347 ], [ 101.6511816, 3.2120726 ], [ 101.6515831, 3.2120771 ] ] ], [ [ [ 101.653341124951055, 3.213307622076242 ], [ 101.653471765591689, 3.213385864238601 ], [ 101.6545983, 3.2133356 ], [ 101.6545293, 3.2117965 ], [ 101.6532519, 3.2118535 ], [ 101.653341124951055, 3.213307622076242 ] ] ], [ [ [ 101.65411942465029, 3.213723158579956 ], [ 101.655006145013502, 3.213984346884248 ], [ 101.6549866, 3.2133666 ], [ 101.653517375202796, 3.213413180342894 ], [ 101.65411942465029, 3.213723158579956 ] ] ], [ [ [ 101.647321, 3.2133815 ], [ 101.6479932, 3.2146883 ], [ 101.648057364275985, 3.216174762689407 ], [ 101.648910615657059, 3.216118469003645 ], [ 101.6488484, 3.2137707 ], [ 101.648346, 3.2128088 ], [ 101.6482705, 3.2127897 ], [ 101.6473433, 3.2133071 ], [ 101.647321, 3.2133815 ] ] ], [ [ [ 101.642992686840287, 3.217148197014248 ], [ 101.64359719907408, 3.216050613866451 ], [ 101.6427587, 3.2162766 ], [ 101.642992686840287, 3.217148197014248 ] ] ], [ [ [ 101.642776980826, 3.21741546913305 ], [ 101.6418987, 3.2177902 ], [ 101.640527353379071, 3.218807275797103 ], [ 101.641133141028419, 3.218608241368207 ], [ 101.641909296663059, 3.218188647459363 ], [ 101.642776980826, 3.21741546913305 ] ] ], [ [ [ 101.672387323412494, 2.935729658187929 ], [ 101.673229813741898, 2.935470498197198 ], [ 101.674005826906054, 2.935051068435721 ], [ 101.674685541238844, 2.934487487723194 ], [ 101.675441364804584, 2.933466586325331 ], [ 101.674843100000018, 2.9336248 ], [ 101.6743425, 2.9336477 ], [ 101.6732827, 2.9335311 ], [ 101.6730178, 2.9337036 ], [ 101.672897, 2.9351574 ], [ 101.6725448, 2.935161 ], [ 101.6726619, 2.9332381 ], [ 101.6744125, 2.9332577 ], [ 101.675677309905012, 2.932959715979781 ], [ 101.675910029985261, 2.93217094609345 ], [ 101.67599429041752, 2.931289208821407 ], [ 101.675905838735659, 2.930407886573742 ], [ 101.675648074407789, 2.92956084766876 ], [ 101.674967326110249, 2.928425105579513 ], [ 101.674342855829792, 2.927800247901371 ], [ 101.673609137012562, 2.927309882528225 ], [ 101.67279436556764, 2.926972853887059 ], [ 101.672227563088157, 2.92684578528805 ], [ 101.6718005, 2.9273547 ], [ 101.6717608, 2.9275929 ], [ 101.6714973, 2.9278461 ], [ 101.6711097, 2.9279106 ], [ 101.6693701, 2.9289133 ], [ 101.6685699, 2.929782 ], [ 101.6684357, 2.9298266 ], [ 101.6681623, 2.9301046 ], [ 101.667725, 2.9308839 ], [ 101.667675200000019, 2.9315044 ], [ 101.6683959, 2.9335444 ], [ 101.6686842, 2.9339018 ], [ 101.6690884, 2.9341729 ], [ 101.6694729, 2.9342772 ], [ 101.6697403, 2.9344358 ], [ 101.6698824, 2.9346028 ], [ 101.6698974, 2.9349634 ], [ 101.6713609, 2.9351635 ], [ 101.67135055868691, 2.935811063019679 ], [ 101.672387323412494, 2.935729658187929 ] ] ], [ [ [ 101.6695936, 2.9407033 ], [ 101.669702758900144, 2.940800432440127 ], [ 101.670057684207194, 2.9401154175355 ], [ 101.6695936, 2.9407033 ] ] ], [ [ [ 101.676170974503037, 2.986900466568217 ], [ 101.675455247960699, 2.986076452649006 ], [ 101.6744082, 2.9860835 ], [ 101.674363779639378, 2.985342243457641 ], [ 101.6735636, 2.9854334 ], [ 101.6725565, 2.9859781 ], [ 101.6710122, 2.9865269 ], [ 101.6712145, 2.9875577 ], [ 101.6721247, 2.9885665 ], [ 101.675458122315945, 2.992760918868486 ], [ 101.675921266551711, 2.992278040627578 ], [ 101.676408981683196, 2.991540329236869 ], [ 101.676744170731666, 2.99072113567563 ], [ 101.676913953119595, 2.989851940972849 ], [ 101.676911804722934, 2.988966147527958 ], [ 101.676737808510779, 2.988097795515883 ], [ 101.676170974503037, 2.986900466568217 ] ] ], [ [ [ 101.668471024342807, 2.987299642476469 ], [ 101.668337009597394, 2.987586309138119 ], [ 101.669095, 2.9883755 ], [ 101.6701737, 2.9874425 ], [ 101.669193999385584, 2.986299705345513 ], [ 101.668471024342807, 2.987299642476469 ] ] ], [ [ [ 101.668223015238851, 2.98787196623958 ], [ 101.668029693014532, 2.988549244818094 ], [ 101.667982200000012, 2.9892904 ], [ 101.6687637, 2.9884389 ], [ 101.668223015238851, 2.98787196623958 ] ] ], [ [ [ 101.6706086, 2.9891035 ], [ 101.6701348, 2.9885933 ], [ 101.6694957, 2.9891114 ], [ 101.6699027, 2.9903621 ], [ 101.6704114, 2.9910684 ], [ 101.6707925, 2.9907864 ], [ 101.6720832, 2.9925928 ], [ 101.673459500000021, 2.991494 ], [ 101.6723804, 2.990226 ], [ 101.6723132, 2.9902775 ], [ 101.6722124, 2.9901816 ], [ 101.671994, 2.9903438 ], [ 101.6708601, 2.9889115 ], [ 101.6706086, 2.9891035 ] ] ], [ [ [ 101.670415084314016, 2.993449980650408 ], [ 101.6689453, 2.9915186 ], [ 101.668618061749285, 2.991787837578262 ], [ 101.669269615041358, 2.99262290046644 ], [ 101.669952065054716, 2.993183178196422 ], [ 101.670415084314016, 2.993449980650408 ] ] ], [ [ [ 101.674482026740989, 2.993441152126304 ], [ 101.674925719642715, 2.993183311170808 ], [ 101.6748305, 2.9931803 ], [ 101.674482026740989, 2.993441152126304 ] ] ], [ [ [ 101.6647889, 3.0586256 ], [ 101.6649364, 3.0586794 ], [ 101.66533562001689, 3.058685000675958 ], [ 101.664918770584848, 3.058393090618896 ], [ 101.6647889, 3.0586256 ] ] ], [ [ [ 101.6678446, 3.058758 ], [ 101.667565100000019, 3.0593647 ], [ 101.668596, 3.0601683 ], [ 101.6694584, 3.0602497 ], [ 101.66952, 3.0594351 ], [ 101.6697963, 3.0585869 ], [ 101.668641992781488, 3.058048042565805 ], [ 101.667669090520619, 3.058668816515406 ], [ 101.6678446, 3.058758 ] ] ], [ [ [ 101.6714728, 3.0601223 ], [ 101.671986856776599, 3.057852896710058 ], [ 101.671420918516304, 3.057697047876681 ], [ 101.670601884166487, 3.057615140836166 ], [ 101.6700207, 3.058995 ], [ 101.6699084, 3.0594916 ], [ 101.6698331, 3.0602118 ], [ 101.669888200000017, 3.0613367 ], [ 101.6718411, 3.0612801 ], [ 101.6715923, 3.0607841 ], [ 101.6714995, 3.060423 ], [ 101.6714728, 3.0601223 ] ] ], [ [ [ 101.6644118, 3.0593135 ], [ 101.6638828, 3.0615249 ], [ 101.6657975, 3.0613968 ], [ 101.6658009, 3.0615 ], [ 101.6685724, 3.0614823 ], [ 101.666607372159504, 3.059974201708906 ], [ 101.666530089299542, 3.060129690481583 ], [ 101.666298782137318, 3.059735368492887 ], [ 101.6656263, 3.0592149 ], [ 101.6654487, 3.0591628 ], [ 101.6644118, 3.0593135 ] ] ], [ [ [ 101.6743299, 3.0611802 ], [ 101.674955307082058, 3.061214729166416 ], [ 101.674703388422188, 3.060391409631724 ], [ 101.674159699812463, 3.059440828000012 ], [ 101.6741321, 3.0599937 ], [ 101.674357, 3.0600367 ], [ 101.6743299, 3.0611802 ] ] ], [ [ [ 101.6690023, 3.0620475 ], [ 101.6658907, 3.0620686 ], [ 101.6659332, 3.0637402 ], [ 101.6660535, 3.063794 ], [ 101.6690349, 3.0632772 ], [ 101.6690023, 3.0620475 ] ] ], [ [ [ 101.6715664, 3.0636595 ], [ 101.6714808, 3.0632321 ], [ 101.6704995, 3.063005 ], [ 101.6692241, 3.063232 ], [ 101.6695729, 3.0640855 ], [ 101.6715664, 3.0636595 ] ] ], [ [ [ 101.6675813, 3.0645096 ], [ 101.66772180000001, 3.0649332 ], [ 101.669439, 3.0643144 ], [ 101.6691374, 3.063628 ], [ 101.6688206, 3.0637339 ], [ 101.6688449, 3.0637977 ], [ 101.6678777, 3.064132 ], [ 101.6675813, 3.0645096 ] ] ], [ [ [ 101.670908983324622, 3.066631790846773 ], [ 101.6708317, 3.065267 ], [ 101.668179680731441, 3.065961768817004 ], [ 101.668845247203151, 3.066309937898138 ], [ 101.669689089631717, 3.066564957367116 ], [ 101.670908983324622, 3.066631790846773 ] ] ], [ [ [ 101.6662098, 3.1130498 ], [ 101.6659533, 3.1130518 ], [ 101.6659642, 3.1144128 ], [ 101.6662207, 3.1144107 ], [ 101.6662098, 3.1130498 ] ] ], [ [ [ 101.6667774, 3.1130446 ], [ 101.6662209, 3.1130481 ], [ 101.66623, 3.1144411 ], [ 101.6667861, 3.1144376 ], [ 101.6667774, 3.1130446 ] ] ], [ [ [ 101.6686809, 3.11616 ], [ 101.668014, 3.1162913 ], [ 101.6680707, 3.1167454 ], [ 101.6686818, 3.1166295 ], [ 101.6686809, 3.11616 ] ] ], [ [ [ 101.6674282, 3.1198671 ], [ 101.6675604, 3.1195849 ], [ 101.6674193, 3.1194573 ], [ 101.666010700000015, 3.1186674 ], [ 101.665899600558831, 3.119132579972994 ], [ 101.666463078761467, 3.119496436025749 ], [ 101.6674282, 3.1198671 ] ] ], [ [ [ 101.670732486649413, 3.122692117376567 ], [ 101.6707286, 3.1221235 ], [ 101.6716296, 3.1220968 ], [ 101.6707784, 3.1205033 ], [ 101.6706184, 3.1205304 ], [ 101.669386269309541, 3.121552139504908 ], [ 101.670054178497011, 3.122235185326915 ], [ 101.670732486649413, 3.122692117376567 ] ] ], [ [ [ 101.676554359200651, 3.12135369172167 ], [ 101.6760394, 3.1210964 ], [ 101.6754895, 3.121758 ], [ 101.675875727525991, 3.122112317854555 ], [ 101.676554359200651, 3.12135369172167 ] ] ], [ [ [ 101.671030029697832, 3.12283969958452 ], [ 101.671391946591072, 3.122987004333097 ], [ 101.6721864, 3.1229656 ], [ 101.6716397, 3.1223483 ], [ 101.671030029697832, 3.12283969958452 ] ] ], [ [ [ 101.6708655, 3.1226545 ], [ 101.670757673432107, 3.122707205310044 ], [ 101.671004960550519, 3.122827859092418 ], [ 101.6708655, 3.1226545 ] ] ], [ [ [ 101.671600116120331, 3.123061278207352 ], [ 101.672467775018617, 3.123232936130778 ], [ 101.672506413602605, 3.123234745233969 ], [ 101.6723017, 3.1230776 ], [ 101.671600116120331, 3.123061278207352 ] ] ], [ [ [ 101.6806216, 3.1254672 ], [ 101.6817426, 3.1248242 ], [ 101.6815677, 3.1245135 ], [ 101.6814288, 3.1239356 ], [ 101.6811865, 3.1237469 ], [ 101.6800791, 3.1242006 ], [ 101.6806216, 3.1254672 ] ] ], [ [ [ 101.6800084, 3.1246556 ], [ 101.678751, 3.1252972 ], [ 101.6791291, 3.1262897 ], [ 101.6803984, 3.1255487 ], [ 101.6800084, 3.1246556 ] ] ], [ [ [ 101.674850072310505, 3.126024174531928 ], [ 101.674709909246474, 3.126478985581275 ], [ 101.6750181, 3.1262422 ], [ 101.674850072310505, 3.126024174531928 ] ] ], [ [ [ 101.6765058, 3.1272834 ], [ 101.6772704, 3.1272206 ], [ 101.6773945, 3.1271266 ], [ 101.6769529, 3.1265624 ], [ 101.676322700000014, 3.1270526 ], [ 101.6765058, 3.1272834 ] ] ], [ [ [ 101.6773881, 3.1274961 ], [ 101.6773416, 3.1274329 ], [ 101.6769148, 3.1274061 ], [ 101.676518, 3.1275334 ], [ 101.6769502, 3.1279349 ], [ 101.6771943, 3.1278918 ], [ 101.6773881, 3.1274961 ] ] ], [ [ [ 101.68039, 3.1282017 ], [ 101.6808213, 3.1287121 ], [ 101.6813267, 3.1282237 ], [ 101.6806714, 3.1274525 ], [ 101.6803792, 3.1276891 ], [ 101.6806252, 3.1279903 ], [ 101.68039, 3.1282017 ] ] ], [ [ [ 101.675630356863849, 3.130502991098786 ], [ 101.675876113235162, 3.130774161887958 ], [ 101.6778556, 3.1291965 ], [ 101.6771065, 3.1282834 ], [ 101.6770985, 3.1280318 ], [ 101.676997, 3.128116 ], [ 101.6768196, 3.1279056 ], [ 101.676489, 3.1281463 ], [ 101.67640590000002, 3.1280449 ], [ 101.676121, 3.1282722 ], [ 101.6763587, 3.1286265 ], [ 101.6761386, 3.1283246 ], [ 101.674901270531649, 3.129293838307626 ], [ 101.675630356863849, 3.130502991098786 ] ], [ [ 101.6765618, 3.1289012 ], [ 101.6766311, 3.129 ], [ 101.6763587, 3.1286265 ], [ 101.6765618, 3.1289012 ] ] ], [ [ [ 101.6816334, 3.1284298 ], [ 101.6818935, 3.1286092 ], [ 101.6819948, 3.128375 ], [ 101.6817684, 3.1280933 ], [ 101.6815531, 3.1282642 ], [ 101.6816334, 3.1284298 ] ] ], [ [ [ 101.6810016, 3.1287949 ], [ 101.6809957, 3.1288738 ], [ 101.6816128, 3.1296154 ], [ 101.6816879, 3.1296303 ], [ 101.6820689, 3.1292843 ], [ 101.6821615, 3.1293864 ], [ 101.6819136, 3.1295646 ], [ 101.6821812, 3.1298587 ], [ 101.682708600000012, 3.1293461 ], [ 101.6828841, 3.1294182 ], [ 101.6829799, 3.1292105 ], [ 101.682559500000011, 3.1289269 ], [ 101.6818642, 3.1287649 ], [ 101.6814845, 3.1284551 ], [ 101.6813902, 3.1284474 ], [ 101.6810016, 3.1287949 ] ], [ [ 101.6826608, 3.1293266 ], [ 101.6817669, 3.1289613 ], [ 101.6824853, 3.1292543 ], [ 101.6826608, 3.1293266 ] ] ], [ [ [ 101.676574203465449, 3.131351445953409 ], [ 101.677454537836439, 3.131803446946282 ], [ 101.6782065, 3.131166 ], [ 101.6778869, 3.1306269 ], [ 101.6771586, 3.1297524 ], [ 101.675876150051792, 3.130774202511882 ], [ 101.676574203465449, 3.131351445953409 ] ] ], [ [ [ 101.6662848, 3.1416186 ], [ 101.6666753, 3.1416555 ], [ 101.66675161387073, 3.141196418583725 ], [ 101.66639515817603, 3.140663702394661 ], [ 101.6664361, 3.1411373 ], [ 101.6662848, 3.1416186 ] ] ], [ [ [ 101.6640534, 3.1421948 ], [ 101.6661952, 3.1422804 ], [ 101.6662006, 3.1416111 ], [ 101.6658907, 3.1412917 ], [ 101.6657243, 3.1414763 ], [ 101.6654625, 3.1415696 ], [ 101.6639292, 3.1415923 ], [ 101.6640534, 3.1421948 ] ] ], [ [ [ 101.6660141, 3.1485252 ], [ 101.6657902, 3.1487396 ], [ 101.6656292, 3.1495883 ], [ 101.6659668, 3.1503949 ], [ 101.6662509, 3.1508687 ], [ 101.666602, 3.1511056 ], [ 101.6678371, 3.1494557 ], [ 101.6676256, 3.1492163 ], [ 101.6668386, 3.150092 ], [ 101.6664615, 3.1501251 ], [ 101.6665462, 3.1499504 ], [ 101.6664146, 3.1496243 ], [ 101.6665841, 3.1487923 ], [ 101.6660141, 3.1485252 ] ] ], [ [ [ 101.6810258, 3.1856081 ], [ 101.6800809, 3.1855537 ], [ 101.680067600000015, 3.1859342 ], [ 101.6808798, 3.1859806 ], [ 101.6816077, 3.1858764 ], [ 101.6815125, 3.1855426 ], [ 101.6810258, 3.1856081 ] ] ], [ [ [ 101.6802797, 3.1938046 ], [ 101.6816076, 3.1939879 ], [ 101.681577, 3.1930917 ], [ 101.6809447, 3.1931243 ], [ 101.6808712, 3.1928493 ], [ 101.6803959, 3.1928982 ], [ 101.6802797, 3.1938046 ] ] ], [ [ [ 101.6782423, 3.1969168 ], [ 101.6781968, 3.19593 ], [ 101.6790195, 3.193093 ], [ 101.677441, 3.1928499 ], [ 101.676197055167648, 3.192800564584898 ], [ 101.675542331404699, 3.193911708774209 ], [ 101.675225119661079, 3.19519882728979 ], [ 101.675220181601347, 3.195944089047297 ], [ 101.6764338, 3.1960419 ], [ 101.6765838, 3.1962587 ], [ 101.6767238, 3.1967247 ], [ 101.676753500000018, 3.196857 ], [ 101.6766752, 3.1968842 ], [ 101.6765159, 3.196877 ], [ 101.6760657, 3.1967603 ], [ 101.6759973, 3.1969255 ], [ 101.6757845, 3.1970161 ], [ 101.6759938, 3.1975692 ], [ 101.675872576109086, 3.19798985126509 ], [ 101.676046793126559, 3.198255377893621 ], [ 101.6762108, 3.1977703 ], [ 101.6772159, 3.1980583 ], [ 101.6772203, 3.198262 ], [ 101.6774944, 3.1983347 ], [ 101.6781665, 3.1972006 ], [ 101.6782423, 3.1969168 ] ] ], [ [ [ 101.6754985, 3.1968832 ], [ 101.6755496, 3.196059 ], [ 101.675225058578377, 3.196038836755755 ], [ 101.67537894267771, 3.196863052045644 ], [ 101.6754985, 3.1968832 ] ] ], [ [ [ 101.6762314, 3.1960786 ], [ 101.6755942, 3.1960623 ], [ 101.6755308, 3.1968591 ], [ 101.6759981, 3.1967391 ], [ 101.6765053, 3.196869 ], [ 101.6766792, 3.1968071 ], [ 101.6764713, 3.1961744 ], [ 101.6762314, 3.1960786 ] ] ], [ [ [ 101.677132902556224, 3.199334749103799 ], [ 101.6773419, 3.1988255 ], [ 101.6768805, 3.1986378 ], [ 101.6770206, 3.1982607 ], [ 101.6768577, 3.1982106 ], [ 101.676919100000021, 3.1979981 ], [ 101.6762687, 3.1978109 ], [ 101.676093277474124, 3.198318035440026 ], [ 101.67652957660988, 3.198833427207765 ], [ 101.677132902556224, 3.199334749103799 ] ] ], [ [ [ 101.675882147446018, 3.201022125596122 ], [ 101.674894445690981, 3.201044524064264 ], [ 101.6747166, 3.2012649 ], [ 101.6757905, 3.2011605 ], [ 101.675882147446018, 3.201022125596122 ] ] ], [ [ [ 101.673643097599239, 3.201398170417743 ], [ 101.673525889081418, 3.201454267696699 ], [ 101.6736489, 3.2014273 ], [ 101.673643097599239, 3.201398170417743 ] ] ], [ [ [ 101.6748243, 3.2021891 ], [ 101.675001400000014, 3.2016809 ], [ 101.67557, 3.2016689 ], [ 101.6757598, 3.2013045 ], [ 101.673933, 3.2015486 ], [ 101.673005108490628, 3.201746639415564 ], [ 101.672288564196563, 3.202331847946765 ], [ 101.6748243, 3.2021891 ] ] ], [ [ [ 101.6724632, 3.2031 ], [ 101.672382500000012, 3.2035016 ], [ 101.6731865, 3.2036702 ], [ 101.6730289, 3.2045609 ], [ 101.6734881, 3.2046669 ], [ 101.673631500000013, 3.2034804 ], [ 101.6735355, 3.2033237 ], [ 101.6724632, 3.2031 ] ] ], [ [ [ 101.6798345, 3.2057246 ], [ 101.679964795030614, 3.205587561948271 ], [ 101.679927866436287, 3.204948167723475 ], [ 101.6788209, 3.2038881 ], [ 101.6789078, 3.2037739 ], [ 101.6786096, 3.2035014 ], [ 101.679147, 3.2031606 ], [ 101.679089638231744, 3.202846292339068 ], [ 101.678822803223639, 3.202515437846735 ], [ 101.6785069, 3.2023749 ], [ 101.678164400000014, 3.2024 ], [ 101.677175, 3.2035112 ], [ 101.6771028, 3.2037577 ], [ 101.6771704, 3.2038618 ], [ 101.6775866, 3.204034 ], [ 101.6780283, 3.2044417 ], [ 101.6779395, 3.2046761 ], [ 101.678739, 3.2051864 ], [ 101.6787438, 3.2055102 ], [ 101.678872900000016, 3.2055795 ], [ 101.6792579, 3.2051691 ], [ 101.6798345, 3.2057246 ] ] ], [ [ [ 101.6725106, 3.2052687 ], [ 101.6723395, 3.2047082 ], [ 101.671281, 3.2048156 ], [ 101.6714061, 3.2055194 ], [ 101.6725106, 3.2052687 ] ] ], [ [ [ 101.673738400000019, 3.2051379 ], [ 101.6738299, 3.2053701 ], [ 101.6740055, 3.2053011 ], [ 101.673914, 3.2050689 ], [ 101.673738400000019, 3.2051379 ] ] ], [ [ [ 101.6768358, 3.2053831 ], [ 101.6758882, 3.2060065 ], [ 101.6752153, 3.2072843 ], [ 101.6748409, 3.2087167 ], [ 101.6736956, 3.2087201 ], [ 101.6732427, 3.2086755 ], [ 101.6730066, 3.2085736 ], [ 101.672794960324723, 3.209143533183881 ], [ 101.673364225373888, 3.209511576590602 ], [ 101.674179288135832, 3.209848414683521 ], [ 101.675044067354904, 3.210018951477271 ], [ 101.675925329504906, 3.210016633598118 ], [ 101.676821428883514, 3.209829866605121 ], [ 101.676816200000019, 3.2087307 ], [ 101.6786097, 3.208744 ], [ 101.6784773, 3.2082599 ], [ 101.6780554, 3.2081723 ], [ 101.6780554, 3.2077736 ], [ 101.6781307, 3.207774 ], [ 101.6781159, 3.2066331 ], [ 101.6768358, 3.2053831 ] ] ], [ [ [ 101.679778266380268, 3.206821353547268 ], [ 101.679884338947105, 3.206390932459542 ], [ 101.679952079498293, 3.205862401407422 ], [ 101.679419, 3.2064108 ], [ 101.6794255, 3.2065155 ], [ 101.679778266380268, 3.206821353547268 ] ] ], [ [ [ 101.671022049970261, 3.20612002558045 ], [ 101.671066229061893, 3.206414099593916 ], [ 101.671212353463858, 3.206949318742073 ], [ 101.6712169, 3.2069478 ], [ 101.671022049970261, 3.20612002558045 ] ] ], [ [ [ 101.674022, 3.2074062 ], [ 101.6738176, 3.208413 ], [ 101.6741074, 3.2084219 ], [ 101.6745132, 3.2086084 ], [ 101.6745311, 3.208456 ], [ 101.674373300000013, 3.2084373 ], [ 101.67449790000002, 3.207533 ], [ 101.674022, 3.2074062 ] ] ], [ [ [ 101.6697524, 3.2083944 ], [ 101.6694733, 3.2084434 ], [ 101.669545018074217, 3.209521447344305 ], [ 101.669906757207997, 3.208826299707854 ], [ 101.67016882140895, 3.207919685629886 ], [ 101.6697514, 3.2079538 ], [ 101.6697524, 3.2083944 ] ] ], [ [ [ 101.667449, 3.2087123 ], [ 101.6674346, 3.2090592 ], [ 101.6671814, 3.2093803 ], [ 101.6670865, 3.2102212 ], [ 101.6674653, 3.2106286 ], [ 101.6682237, 3.2105312 ], [ 101.668624738819048, 3.210579901880297 ], [ 101.668689639412875, 3.210520466247488 ], [ 101.6686802, 3.2098578 ], [ 101.6688, 3.2098596 ], [ 101.6687195, 3.20898 ], [ 101.66897, 3.2088779 ], [ 101.66890650000002, 3.2086393 ], [ 101.6678816, 3.2086437 ], [ 101.6675786, 3.2087438 ], [ 101.667449, 3.2087123 ] ] ], [ [ [ 101.6956159, 3.0568497 ], [ 101.696101352706506, 3.056093319106448 ], [ 101.695592085017921, 3.055320477382673 ], [ 101.6954723, 3.0555224 ], [ 101.6953382, 3.0567513 ], [ 101.6956159, 3.0568497 ] ] ], [ [ [ 101.6882434, 3.0563641 ], [ 101.68817934279113, 3.056036063697213 ], [ 101.687921313938773, 3.056609762262511 ], [ 101.6881563, 3.0565213 ], [ 101.6881526, 3.0563901 ], [ 101.6882434, 3.0563641 ] ] ], [ [ [ 101.6858637, 3.0574896 ], [ 101.6857248, 3.0584696 ], [ 101.6863523, 3.058639 ], [ 101.6867822, 3.0586373 ], [ 101.6872049, 3.0572456 ], [ 101.686942395274386, 3.05717561842595 ], [ 101.687437751854517, 3.05694405425989 ], [ 101.686622233133974, 3.056949345902136 ], [ 101.68605565032756, 3.05704869894936 ], [ 101.6856891, 3.0572979 ], [ 101.6859807, 3.0574553 ], [ 101.6858637, 3.0574896 ] ] ], [ [ [ 101.6843671, 3.0589691 ], [ 101.6843832, 3.0597244 ], [ 101.685268400000012, 3.0596333 ], [ 101.6854789, 3.0588258 ], [ 101.6843671, 3.0589691 ] ] ], [ [ [ 101.682954562007254, 3.059646060995024 ], [ 101.682932621633725, 3.059692998589148 ], [ 101.6829534, 3.0596893 ], [ 101.682954562007254, 3.059646060995024 ] ] ], [ [ [ 101.6865046, 3.0589883 ], [ 101.6858296, 3.058758 ], [ 101.6855251, 3.0588294 ], [ 101.6853171, 3.0597604 ], [ 101.6842496, 3.0598086 ], [ 101.6841798, 3.0595678 ], [ 101.6838368, 3.0595356 ], [ 101.6834735, 3.0607685 ], [ 101.6842394, 3.0609091 ], [ 101.6851937, 3.0606924 ], [ 101.6857321, 3.0607804 ], [ 101.6860774, 3.06066 ], [ 101.6863952, 3.0602876 ], [ 101.6864863, 3.0599768 ], [ 101.6865863, 3.0594531 ], [ 101.6865818, 3.0590896 ], [ 101.6865046, 3.0589883 ] ] ], [ [ [ 101.691209792801828, 3.063208926969977 ], [ 101.691219523235915, 3.063188109902567 ], [ 101.6912092, 3.0631995 ], [ 101.691209792801828, 3.063208926969977 ] ] ], [ [ [ 101.68993417310223, 3.064930666094994 ], [ 101.690555660690336, 3.064302749837978 ], [ 101.690909120488811, 3.063791430353015 ], [ 101.6909014, 3.0633329 ], [ 101.6908228, 3.0632378 ], [ 101.68987, 3.0632664 ], [ 101.68993417310223, 3.064930666094994 ] ] ], [ [ [ 101.6896629, 3.064149 ], [ 101.6895211, 3.0637121 ], [ 101.6896937, 3.0636521 ], [ 101.6895535, 3.0632522 ], [ 101.6890359, 3.0632383 ], [ 101.6867913, 3.063646 ], [ 101.6873421, 3.0653777 ], [ 101.689642600000013, 3.0646414 ], [ 101.6895042, 3.0642075 ], [ 101.6896629, 3.064149 ] ] ], [ [ [ 101.686644653852255, 3.065942873775648 ], [ 101.687526066060258, 3.06594060788443 ], [ 101.6868159, 3.0637883 ], [ 101.6841165, 3.0645636 ], [ 101.68422884953803, 3.064942878140683 ], [ 101.684965112083006, 3.065435322780714 ], [ 101.685780019594674, 3.065772245666567 ], [ 101.686644653852255, 3.065942873775648 ] ] ], [ [ [ 101.6976178, 3.0759753 ], [ 101.6967868, 3.0760226 ], [ 101.6967158, 3.077114 ], [ 101.6978147, 3.0770907 ], [ 101.6977865, 3.0761519 ], [ 101.6976178, 3.0759753 ] ] ], [ [ [ 101.6976291, 3.0778798 ], [ 101.6976237, 3.0772222 ], [ 101.6972538, 3.0771915 ], [ 101.6962163, 3.0773663 ], [ 101.6961802, 3.0780167 ], [ 101.6976291, 3.0778798 ] ] ], [ [ [ 101.6954127, 3.0777659 ], [ 101.6957136, 3.0782521 ], [ 101.6960346, 3.0780281 ], [ 101.69594410000002, 3.0777859 ], [ 101.6957334, 3.0775603 ], [ 101.6954127, 3.0777659 ] ] ], [ [ [ 101.6904918, 3.0870921 ], [ 101.6919939, 3.0869403 ], [ 101.692066600000018, 3.0875663 ], [ 101.692545200000012, 3.086638 ], [ 101.6915698, 3.0860734 ], [ 101.691800751897588, 3.085684209573496 ], [ 101.690937600094301, 3.08635903403167 ], [ 101.690513061620891, 3.086864310398045 ], [ 101.6904918, 3.0870921 ] ] ], [ [ [ 101.6922056, 3.0877116 ], [ 101.6930068, 3.0876695 ], [ 101.6937953, 3.0867 ], [ 101.6936856, 3.0863229 ], [ 101.6933194, 3.085575 ], [ 101.6922056, 3.0877116 ] ] ], [ [ [ 101.6948922, 3.0875557 ], [ 101.6951865, 3.0878121 ], [ 101.6956815, 3.0878494 ], [ 101.6963166, 3.0877282 ], [ 101.6968163, 3.0877422 ], [ 101.697417101725634, 3.086478379491536 ], [ 101.696611728171234, 3.08578264955233 ], [ 101.696025428655858, 3.085457696073345 ], [ 101.6947241, 3.0867816 ], [ 101.6947288, 3.08715 ], [ 101.6948922, 3.0875557 ] ] ], [ [ [ 101.691964500000012, 3.0879137 ], [ 101.6920648, 3.0877188 ], [ 101.6919501, 3.0870415 ], [ 101.6910659, 3.0870895 ], [ 101.6910476, 3.0875445 ], [ 101.6906773, 3.0875295 ], [ 101.6906734, 3.0876259 ], [ 101.6905336, 3.0876203 ], [ 101.690389, 3.0877877 ], [ 101.689992971657361, 3.087771698278485 ], [ 101.689716410641225, 3.088662996492547 ], [ 101.6897296, 3.0888645 ], [ 101.6906136, 3.0889004 ], [ 101.6906061, 3.0893138 ], [ 101.6917165, 3.0893589 ], [ 101.6918377, 3.0892018 ], [ 101.6919326, 3.0888666 ], [ 101.691964500000012, 3.0879137 ] ] ], [ [ [ 101.6933734, 3.0885479 ], [ 101.6934134, 3.0889917 ], [ 101.6939251, 3.0889457 ], [ 101.6938851, 3.0885018 ], [ 101.6933734, 3.0885479 ] ] ], [ [ [ 101.6910403, 3.090972 ], [ 101.691748, 3.0901324 ], [ 101.6915314, 3.0899634 ], [ 101.6912024, 3.0902737 ], [ 101.6907452, 3.0902849 ], [ 101.6907096, 3.0911734 ], [ 101.6910403, 3.090972 ] ] ], [ [ [ 101.697253589740484, 3.092784982049765 ], [ 101.697605816138235, 3.092403628121307 ], [ 101.698093492790818, 3.09166588108218 ], [ 101.698158855463788, 3.09152603863423 ], [ 101.6980384, 3.0914405 ], [ 101.6981876, 3.0911443 ], [ 101.6977491, 3.0908918 ], [ 101.6980252, 3.090194 ], [ 101.69780590000002, 3.0898378 ], [ 101.6976622, 3.0897334 ], [ 101.6973875, 3.0900095 ], [ 101.6967665, 3.089413 ], [ 101.6966106, 3.0898596 ], [ 101.6973581, 3.0906551 ], [ 101.6973813, 3.0908028 ], [ 101.6973054, 3.0915402 ], [ 101.6971181, 3.0923151 ], [ 101.697253589740484, 3.092784982049765 ] ] ], [ [ [ 101.6821558, 3.1281732 ], [ 101.6820554, 3.128377 ], [ 101.6827473, 3.1285582 ], [ 101.6830102, 3.1285422 ], [ 101.6832707, 3.1284041 ], [ 101.6831581, 3.1281933 ], [ 101.6827644, 3.1282634 ], [ 101.6825552, 3.1282339 ], [ 101.6822984, 3.1280723 ], [ 101.6821558, 3.1281732 ] ] ], [ [ [ 101.6831683, 3.1287751 ], [ 101.683021, 3.128684 ], [ 101.6828747, 3.1289345 ], [ 101.6830324, 3.1290658 ], [ 101.6831683, 3.1287751 ] ] ], [ [ [ 101.686926375412128, 3.12912245345414 ], [ 101.686604867770683, 3.129139160520829 ], [ 101.6864843, 3.129271 ], [ 101.687689, 3.1303149 ], [ 101.6885112, 3.1293981 ], [ 101.687570786380107, 3.128236337843502 ], [ 101.686926375412128, 3.12912245345414 ] ] ], [ [ [ 101.689594, 3.1289138 ], [ 101.6898516, 3.129811 ], [ 101.6898054, 3.1300263 ], [ 101.6895066, 3.1303853 ], [ 101.689577, 3.1305958 ], [ 101.6905172, 3.1302793 ], [ 101.6905546, 3.1301789 ], [ 101.6903081, 3.129575 ], [ 101.6898058, 3.1290422 ], [ 101.689594, 3.1289138 ] ] ], [ [ [ 101.686224, 3.12929 ], [ 101.686136128967945, 3.129208888362998 ], [ 101.685717624552026, 3.129315410987966 ], [ 101.684571721845586, 3.129858073607743 ], [ 101.685127, 3.130371 ], [ 101.685239, 3.130367 ], [ 101.686224, 3.12929 ] ] ], [ [ [ 101.6843367, 3.1316075 ], [ 101.6849938, 3.1321205 ], [ 101.6855627, 3.1315333 ], [ 101.6851581, 3.1311532 ], [ 101.6848293, 3.1315113 ], [ 101.6842585, 3.1309455 ], [ 101.6843272, 3.1304375 ], [ 101.6839469, 3.1304944 ], [ 101.6837298, 3.1307482 ], [ 101.68377670000001, 3.1312393 ], [ 101.6842716, 3.1316784 ], [ 101.6843367, 3.1316075 ] ] ], [ [ [ 101.682555422264528, 3.133978291124846 ], [ 101.683365, 3.1333099 ], [ 101.682688256183127, 3.13249922703112 ], [ 101.682558931729432, 3.133204633717998 ], [ 101.682555422264528, 3.133978291124846 ] ] ], [ [ [ 101.6921843, 3.1340483 ], [ 101.6920222, 3.1342449 ], [ 101.6920295, 3.1345352 ], [ 101.6923944, 3.1348166 ], [ 101.6927031, 3.134474 ], [ 101.692346700000016, 3.1341449 ], [ 101.6924258, 3.1340612 ], [ 101.6926039, 3.1342246 ], [ 101.6927561, 3.1341182 ], [ 101.6929061, 3.1342558 ], [ 101.6931322, 3.1339474 ], [ 101.6922235, 3.133094 ], [ 101.6917272, 3.1328028 ], [ 101.6914112, 3.1331385 ], [ 101.6922062, 3.1338871 ], [ 101.6921843, 3.1340483 ] ] ], [ [ [ 101.692608300000018, 3.1332804 ], [ 101.6930249, 3.1336622 ], [ 101.693452600000015, 3.1331949 ], [ 101.6928514, 3.1330125 ], [ 101.692608300000018, 3.1332804 ] ] ], [ [ [ 101.6980789, 3.1360317 ], [ 101.69724290000002, 3.13474 ], [ 101.6971343, 3.1351135 ], [ 101.696837, 3.1353396 ], [ 101.6964637, 3.1360732 ], [ 101.69710910000002, 3.1370913 ], [ 101.6981167, 3.1362269 ], [ 101.6980789, 3.1360317 ] ] ], [ [ [ 101.683225, 3.136262 ], [ 101.683264, 3.137496 ], [ 101.683476, 3.137536 ], [ 101.683284, 3.137253 ], [ 101.683274, 3.136957 ], [ 101.683375, 3.13683 ], [ 101.683759, 3.136651 ], [ 101.683869, 3.135879 ], [ 101.683447, 3.135208 ], [ 101.683227, 3.135292 ], [ 101.683103, 3.135095 ], [ 101.683009, 3.135072 ], [ 101.682815297582124, 3.135181642879752 ], [ 101.683100617375473, 3.135819583518546 ], [ 101.682998593989439, 3.136148370267275 ], [ 101.683225, 3.136262 ] ] ], [ [ [ 101.6960069, 3.1366648 ], [ 101.696517, 3.1372409 ], [ 101.6967816, 3.1370072 ], [ 101.696271600000017, 3.1364312 ], [ 101.6960069, 3.1366648 ] ] ], [ [ [ 101.690993, 3.1546201 ], [ 101.6915833, 3.1546322 ], [ 101.691831900000011, 3.1547255 ], [ 101.6920733, 3.154344 ], [ 101.6917008, 3.1534972 ], [ 101.6915449, 3.1533933 ], [ 101.6910059, 3.1539299 ], [ 101.6907217, 3.1544882 ], [ 101.690993, 3.1546201 ] ] ], [ [ [ 101.6930453, 3.1607208 ], [ 101.6928622, 3.161407 ], [ 101.6937252, 3.1615925 ], [ 101.6940317, 3.1615597 ], [ 101.6938949, 3.1609872 ], [ 101.6930453, 3.1607208 ] ] ], [ [ [ 101.6912028, 3.1644234 ], [ 101.6914067, 3.1640378 ], [ 101.691573, 3.1633897 ], [ 101.6914657, 3.1629344 ], [ 101.6915784, 3.1618203 ], [ 101.691294, 3.1617614 ], [ 101.6911063, 3.1618149 ], [ 101.690543, 3.1638021 ], [ 101.690602, 3.1641503 ], [ 101.6912028, 3.1644234 ] ] ], [ [ [ 101.6941557, 3.1657369 ], [ 101.6941977, 3.1660206 ], [ 101.6946079, 3.1659667 ], [ 101.6945599, 3.165635 ], [ 101.6952503, 3.1654771 ], [ 101.6958566, 3.1653874 ], [ 101.6955505, 3.1630926 ], [ 101.695165, 3.1618095 ], [ 101.6949699, 3.1618665 ], [ 101.694498200000012, 3.1622413 ], [ 101.6946505, 3.1626101 ], [ 101.6940508, 3.1629712 ], [ 101.6942437, 3.1632753 ], [ 101.694297700000021, 3.1639466 ], [ 101.6936674, 3.1640885 ], [ 101.6936914, 3.1645081 ], [ 101.6939315, 3.1655511 ], [ 101.6940416, 3.1657569 ], [ 101.6941557, 3.1657369 ] ] ], [ [ [ 101.692050900000012, 3.1646422 ], [ 101.6928971, 3.1651029 ], [ 101.6930594, 3.1648618 ], [ 101.6931076, 3.1646958 ], [ 101.6930661, 3.1644936 ], [ 101.692531, 3.1634678 ], [ 101.692050900000012, 3.1646422 ] ] ], [ [ [ 101.6906346, 3.1643557 ], [ 101.689758818273418, 3.163972566582519 ], [ 101.68938028699408, 3.164751284506305 ], [ 101.6894733, 3.1647257 ], [ 101.6898979, 3.1652533 ], [ 101.6906346, 3.1643557 ] ] ], [ [ [ 101.6923432, 3.1655555 ], [ 101.692488, 3.1653519 ], [ 101.6925538, 3.1649542 ], [ 101.6921756, 3.1647373 ], [ 101.6920401, 3.1649355 ], [ 101.692024, 3.1651337 ], [ 101.6914239, 3.1659224 ], [ 101.6923392, 3.165905 ], [ 101.6923432, 3.1655555 ] ] ], [ [ [ 101.6929038, 3.165139 ], [ 101.6925323, 3.1654483 ], [ 101.692484, 3.1656371 ], [ 101.6925363, 3.1657992 ], [ 101.6934577, 3.1659652 ], [ 101.693168, 3.1648217 ], [ 101.6929038, 3.165139 ] ] ], [ [ [ 101.6908093, 3.165181 ], [ 101.690384, 3.1648075 ], [ 101.68981460000002, 3.1654859 ], [ 101.6895267, 3.1656976 ], [ 101.6899188, 3.1660801 ], [ 101.6908093, 3.165181 ] ] ], [ [ [ 101.6950361, 3.1655434 ], [ 101.6950656, 3.1660576 ], [ 101.6953433, 3.1660456 ], [ 101.6953117, 3.1655156 ], [ 101.6950361, 3.1655434 ] ] ], [ [ [ 101.6956168, 3.1660241 ], [ 101.6956349, 3.1663093 ], [ 101.6959535, 3.1662873 ], [ 101.6959427, 3.1660067 ], [ 101.6956168, 3.1660241 ] ] ], [ [ [ 101.689115949921401, 3.165869714299965 ], [ 101.689090799110843, 3.166344732193802 ], [ 101.689109447717243, 3.166707113723019 ], [ 101.6893074, 3.1665361 ], [ 101.6892825, 3.1659499 ], [ 101.689115949921401, 3.165869714299965 ] ] ], [ [ [ 101.6949047, 3.167236 ], [ 101.6949517, 3.1677167 ], [ 101.6956651, 3.1676096 ], [ 101.6955914, 3.1671262 ], [ 101.6949047, 3.167236 ] ] ], [ [ [ 101.6936105, 3.1687223 ], [ 101.6938359, 3.1689928 ], [ 101.6942756, 3.1685117 ], [ 101.6941892, 3.167482 ], [ 101.6936052, 3.1675627 ], [ 101.6934335, 3.1677662 ], [ 101.6934362, 3.1683527 ], [ 101.6936105, 3.1687223 ] ] ], [ [ [ 101.695063, 3.1682818 ], [ 101.6951112, 3.1685777 ], [ 101.6952561, 3.168792 ], [ 101.6954841, 3.1686058 ], [ 101.6953567, 3.1684666 ], [ 101.695358, 3.1682389 ], [ 101.695063, 3.1682818 ] ] ], [ [ [ 101.6960891, 3.1709845 ], [ 101.6962152, 3.1717685 ], [ 101.697041, 3.1715942 ], [ 101.6969282, 3.1709621 ], [ 101.696685500000015, 3.1705084 ], [ 101.6960891, 3.1709845 ] ] ], [ [ [ 101.694835, 3.1723994 ], [ 101.6949476, 3.171928 ], [ 101.6947277, 3.1716468 ], [ 101.6945466, 3.1708353 ], [ 101.693748, 3.1715176 ], [ 101.6941953, 3.1719294 ], [ 101.6941228, 3.1721557 ], [ 101.694835, 3.1723994 ] ] ], [ [ [ 101.6966292, 3.1718242 ], [ 101.6961632, 3.1719142 ], [ 101.6963535, 3.1728969 ], [ 101.6968195, 3.1728069 ], [ 101.6966292, 3.1718242 ] ] ], [ [ [ 101.6832254, 3.175247 ], [ 101.683136323763506, 3.175153458749999 ], [ 101.682792496080282, 3.175303472488501 ], [ 101.6829698, 3.1754896 ], [ 101.6832254, 3.175247 ] ] ], [ [ [ 101.6860373, 3.1759537 ], [ 101.6860734, 3.1757461 ], [ 101.685974516136525, 3.17502639786218 ], [ 101.685537187847459, 3.174924713675102 ], [ 101.6860373, 3.1759537 ] ] ], [ [ [ 101.6933943, 3.1753724 ], [ 101.6934225, 3.1751807 ], [ 101.6932415, 3.1751507 ], [ 101.693217, 3.1753381 ], [ 101.6931376, 3.1753265 ], [ 101.6930946, 3.1756465 ], [ 101.6937981, 3.1756951 ], [ 101.6938335, 3.1754455 ], [ 101.6933943, 3.1753724 ] ] ], [ [ [ 101.6829497, 3.1755307 ], [ 101.682744339296406, 3.175326520711723 ], [ 101.68248400860243, 3.175467507546356 ], [ 101.6827496, 3.1757314 ], [ 101.6829497, 3.1755307 ] ] ], [ [ [ 101.688114, 3.1784574 ], [ 101.6883025, 3.1781342 ], [ 101.6881792, 3.1779892 ], [ 101.6883752, 3.1778209 ], [ 101.688008, 3.1775035 ], [ 101.6878942, 3.1776061 ], [ 101.6876338, 3.1773043 ], [ 101.6871087, 3.1777351 ], [ 101.688114, 3.1784574 ] ] ], [ [ [ 101.6972128, 3.1781204 ], [ 101.6969888, 3.1782336 ], [ 101.6970129, 3.1779926 ], [ 101.6959816, 3.1778412 ], [ 101.695924, 3.1785496 ], [ 101.6957817, 3.1785161 ], [ 101.695525, 3.1792747 ], [ 101.6954841, 3.1803513 ], [ 101.6978994, 3.1803988 ], [ 101.6979143, 3.1784867 ], [ 101.6976875, 3.1782202 ], [ 101.6972128, 3.1781204 ] ] ], [ [ [ 101.689180223013153, 3.180052400846907 ], [ 101.6891303, 3.1800457 ], [ 101.6890743, 3.1802777 ], [ 101.68900940873435, 3.180776182524486 ], [ 101.689180223013153, 3.180052400846907 ] ] ], [ [ [ 101.691707690548469, 3.180832152993202 ], [ 101.6917653, 3.1804067 ], [ 101.691459730260235, 3.180364022702025 ], [ 101.691583073259125, 3.180624398074871 ], [ 101.691707690548469, 3.180832152993202 ] ] ], [ [ [ 101.6930513, 3.1803094 ], [ 101.6930214, 3.180565 ], [ 101.6929335, 3.1805546 ], [ 101.6928271, 3.1815223 ], [ 101.6939868, 3.1816746 ], [ 101.69412770000001, 3.1804794 ], [ 101.6930513, 3.1803094 ] ] ], [ [ [ 101.6969208, 3.1833971 ], [ 101.6978015, 3.1834248 ], [ 101.6978309, 3.1824908 ], [ 101.6969503, 3.182463 ], [ 101.6970116, 3.1806015 ], [ 101.6951436, 3.1805207 ], [ 101.6948076, 3.181776 ], [ 101.6947921, 3.1824687 ], [ 101.6949543, 3.1829355 ], [ 101.6951724, 3.1832547 ], [ 101.6969238, 3.1833036 ], [ 101.6969208, 3.1833971 ] ] ], [ [ [ 101.694009, 3.1835971 ], [ 101.6940726, 3.1827614 ], [ 101.6940097, 3.1822779 ], [ 101.692761912918485, 3.182114992613797 ], [ 101.6925738, 3.1838272 ], [ 101.6935017, 3.1839541 ], [ 101.6935824, 3.1835432 ], [ 101.694009, 3.1835971 ] ] ], [ [ [ 101.6978672, 3.1842499 ], [ 101.6977197, 3.1835938 ], [ 101.6970545, 3.1835696 ], [ 101.6970223, 3.1856398 ], [ 101.6977814, 3.1856719 ], [ 101.6978672, 3.1842499 ] ] ], [ [ [ 101.6956887, 3.1843653 ], [ 101.695686, 3.1856004 ], [ 101.6968369, 3.1856513 ], [ 101.6968692, 3.1843868 ], [ 101.6956887, 3.1843653 ] ] ], [ [ [ 101.683195645606091, 3.185301026520749 ], [ 101.682438721490982, 3.184991621397783 ], [ 101.681811674813844, 3.184855881044644 ], [ 101.681992100000016, 3.1855767 ], [ 101.6824312, 3.1856457 ], [ 101.6830898, 3.1856133 ], [ 101.683195645606091, 3.185301026520749 ] ] ], [ [ [ 101.6957804, 3.1884089 ], [ 101.6970411, 3.1883821 ], [ 101.697084, 3.1885776 ], [ 101.6989052, 3.1878224 ], [ 101.6990688, 3.1876564 ], [ 101.6994417, 3.1867834 ], [ 101.6995704, 3.1858755 ], [ 101.6956651, 3.1857576 ], [ 101.6954103, 3.1871743 ], [ 101.6951716, 3.1879269 ], [ 101.6957804, 3.1884089 ] ] ], [ [ [ 101.6830939, 3.1856539 ], [ 101.6823865, 3.185735 ], [ 101.6820694, 3.1856944 ], [ 101.6822247, 3.1870786 ], [ 101.6831467, 3.1874155 ], [ 101.6833663, 3.1871517 ], [ 101.6835086, 3.1863033 ], [ 101.6834029, 3.1857594 ], [ 101.6830939, 3.1856539 ] ] ], [ [ [ 101.6946247, 3.1886384 ], [ 101.6946818, 3.1880355 ], [ 101.6940922, 3.1879926 ], [ 101.6940477, 3.1886437 ], [ 101.6946247, 3.1886384 ] ] ], [ [ [ 101.6950905, 3.1884301 ], [ 101.6949296, 3.1888324 ], [ 101.6950797, 3.1890018 ], [ 101.6962056, 3.1889464 ], [ 101.6969822, 3.1886532 ], [ 101.6968968, 3.1884557 ], [ 101.6950905, 3.1884301 ] ] ], [ [ [ 101.692071105176822, 3.189122554211146 ], [ 101.692296632719092, 3.189326937450436 ], [ 101.6922837, 3.1891723 ], [ 101.692071105176822, 3.189122554211146 ] ] ], [ [ [ 101.6837188, 3.1920892 ], [ 101.683292100000017, 3.1935957 ], [ 101.683736335095929, 3.193652783517269 ], [ 101.683472396668336, 3.193178454116024 ], [ 101.684005877106685, 3.192804391204998 ], [ 101.684653275533506, 3.1921411250057 ], [ 101.6837188, 3.1920892 ] ] ], [ [ [ 101.6833162, 3.1922117 ], [ 101.6829273, 3.1921984 ], [ 101.6828817, 3.1927554 ], [ 101.6826537, 3.1927474 ], [ 101.6825893, 3.1928384 ], [ 101.6826913, 3.193516 ], [ 101.6829729, 3.1935508 ], [ 101.6833162, 3.1922117 ] ] ], [ [ [ 101.6814801, 3.195827 ], [ 101.681415, 3.1963368 ], [ 101.6820825, 3.1964304 ], [ 101.6824611, 3.1957277 ], [ 101.6814801, 3.195827 ] ] ], [ [ [ 101.706283774301497, 3.01291844529185 ], [ 101.707126275602533, 3.01265921326182 ], [ 101.707902281961594, 3.012239722405468 ], [ 101.708581971972166, 3.011676093897225 ], [ 101.70917895743753, 3.010922969134469 ], [ 101.7077213, 3.0100617 ], [ 101.7035311, 3.0101753 ], [ 101.7036169, 3.0120244 ], [ 101.7042606, 3.0120315 ], [ 101.7045431, 3.0125494 ], [ 101.703523958715081, 3.012591090711029 ], [ 101.7041019883752, 3.012816149598999 ], [ 101.704966562832468, 3.012986798274891 ], [ 101.706283774301497, 3.01291844529185 ] ] ], [ [ [ 101.7063065, 3.0225647 ], [ 101.7062219, 3.0226256 ], [ 101.7055839, 3.0219371 ], [ 101.7046457, 3.0214147 ], [ 101.704528194473482, 3.021153268539865 ], [ 101.704528205667955, 3.022054092717427 ], [ 101.70470224932761, 3.022922415051327 ], [ 101.705041454517612, 3.023739917431493 ], [ 101.705498674540891, 3.024429185108859 ], [ 101.704654011990058, 3.024977343261074 ], [ 101.703770677126869, 3.025962057954018 ], [ 101.7033572719657, 3.026744281302398 ], [ 101.703039976163353, 3.028031338769583 ], [ 101.703042173915193, 3.028917112473721 ], [ 101.703216222580068, 3.02978543502933 ], [ 101.703555433804112, 3.030602936864321 ], [ 101.704041567714171, 3.031331183801969 ], [ 101.7043672, 3.0309751 ], [ 101.7045726, 3.0305368 ], [ 101.7047721, 3.0298968 ], [ 101.7050461, 3.0280221 ], [ 101.705133300000014, 3.0278604 ], [ 101.7052734, 3.0276677 ], [ 101.7069861, 3.0262478 ], [ 101.7081786, 3.0254018 ], [ 101.7077775, 3.024768 ], [ 101.7079639, 3.0246172 ], [ 101.7081385, 3.0248127 ], [ 101.7085703, 3.0246148 ], [ 101.7087617, 3.0220464 ], [ 101.7069187, 3.0221243 ], [ 101.7067621, 3.0198276 ], [ 101.704804397971785, 3.019991461594656 ], [ 101.704569430881264, 3.020868920282426 ], [ 101.704761, 3.0212753 ], [ 101.7056092, 3.0218119 ], [ 101.7063065, 3.0225647 ] ] ], [ [ [ 101.70441969066998, 3.03173481471439 ], [ 101.705342712869012, 3.032415813430281 ], [ 101.7056339, 3.0312965 ], [ 101.7046986, 3.0313348 ], [ 101.70441969066998, 3.03173481471439 ] ] ], [ [ [ 101.702788900000016, 3.0382095 ], [ 101.7016474, 3.0401842 ], [ 101.702338, 3.0401766 ], [ 101.7023544, 3.039697 ], [ 101.7025748, 3.0396946 ], [ 101.7026232, 3.0401735 ], [ 101.7031216, 3.040168 ], [ 101.7031528, 3.0386661 ], [ 101.7043711, 3.038688 ], [ 101.7045281, 3.0385801 ], [ 101.704844581868571, 3.037159290447556 ], [ 101.703612509169801, 3.037353390599918 ], [ 101.702774377618383, 3.037709526045346 ], [ 101.702788900000016, 3.0382095 ] ] ], [ [ [ 101.706637607137097, 3.037495161306558 ], [ 101.7066177, 3.0375107 ], [ 101.706663264893706, 3.037507281935546 ], [ 101.706637607137097, 3.037495161306558 ] ] ], [ [ [ 101.702067941661184, 3.038188360949804 ], [ 101.7022243, 3.038213 ], [ 101.702217947078211, 3.038075933291723 ], [ 101.702067941661184, 3.038188360949804 ] ] ], [ [ [ 101.7069196, 3.0410974 ], [ 101.7068955, 3.0391019 ], [ 101.7065214, 3.0390564 ], [ 101.7062115, 3.0410974 ], [ 101.7069196, 3.0410974 ] ] ], [ [ [ 101.700826338792709, 3.04351186444437 ], [ 101.701460746529975, 3.044549236521743 ], [ 101.702440284466533, 3.04543725616056 ], [ 101.703218391554159, 3.045852847506098 ], [ 101.704494123986606, 3.046171143003529 ], [ 101.7046564, 3.0426909 ], [ 101.7044229, 3.0413323 ], [ 101.7043829, 3.0407035 ], [ 101.7037402, 3.0407115 ], [ 101.7037333, 3.0401652 ], [ 101.7027062, 3.0401726 ], [ 101.7027115, 3.0407233 ], [ 101.7021002, 3.040731 ], [ 101.7021042, 3.0410457 ], [ 101.7012989, 3.0410636 ], [ 101.7012197, 3.0430342 ], [ 101.701459, 3.0430267 ], [ 101.7013501, 3.0435925 ], [ 101.700826338792709, 3.04351186444437 ] ] ], [ [ [ 101.705752, 3.0455783 ], [ 101.7058409, 3.0456701 ], [ 101.7061212, 3.0457148 ], [ 101.706498, 3.0457475 ], [ 101.7066195, 3.045691 ], [ 101.707168700000011, 3.0438909 ], [ 101.7074849, 3.0424559 ], [ 101.7058932, 3.0423909 ], [ 101.7057283, 3.0437022 ], [ 101.705752, 3.0455783 ] ] ], [ [ [ 101.705724440026685, 3.060038889593918 ], [ 101.705044738969903, 3.060602544409337 ], [ 101.704288879759233, 3.061623686939162 ], [ 101.7043069, 3.0619213 ], [ 101.704811400000011, 3.062282 ], [ 101.7056936, 3.0621647 ], [ 101.7064434, 3.0612404 ], [ 101.7064772, 3.0610568 ], [ 101.706354, 3.0607311 ], [ 101.705724440026685, 3.060038889593918 ] ] ], [ [ [ 101.7052594, 3.063162 ], [ 101.7053908, 3.0646057 ], [ 101.7056425, 3.0650849 ], [ 101.7060675, 3.0653593 ], [ 101.7063684, 3.0653922 ], [ 101.7066222, 3.0651105 ], [ 101.7067632, 3.0642937 ], [ 101.7063078, 3.0634085 ], [ 101.7061467, 3.0626823 ], [ 101.7049206, 3.0627267 ], [ 101.7052594, 3.063162 ] ] ], [ [ [ 101.704976067863484, 3.066899106720027 ], [ 101.7050205, 3.0668583 ], [ 101.70515020000002, 3.066985 ], [ 101.7053505, 3.0669174 ], [ 101.7053234, 3.0662445 ], [ 101.7047686, 3.0657337 ], [ 101.7043545, 3.0655607 ], [ 101.704110111108648, 3.065586915734059 ], [ 101.704500092472543, 3.066309310994127 ], [ 101.704976067863484, 3.066899106720027 ] ] ], [ [ [ 101.7061282, 3.0674686 ], [ 101.7059094, 3.0672285 ], [ 101.705637890878663, 3.067474608214692 ], [ 101.706060674662638, 3.067742921575188 ], [ 101.7061282, 3.0674686 ] ] ], [ [ [ 101.7001947, 3.0741158 ], [ 101.700275131173655, 3.073189177564561 ], [ 101.699855628176053, 3.073169528729123 ], [ 101.698551352685627, 3.073367408026402 ], [ 101.697738145607332, 3.073708447881728 ], [ 101.697071948246531, 3.074153552001845 ], [ 101.7001947, 3.0741158 ] ] ], [ [ [ 101.702891624396116, 3.07435287071267 ], [ 101.7028775, 3.0745358 ], [ 101.703114797630448, 3.07457045691569 ], [ 101.703037241683205, 3.074484872617703 ], [ 101.702891624396116, 3.07435287071267 ] ] ], [ [ [ 101.7042357, 3.0784448 ], [ 101.704267405655557, 3.07859980578471 ], [ 101.704317716929609, 3.078281863357718 ], [ 101.7042357, 3.0784448 ] ] ], [ [ [ 101.704041900000021, 3.07867 ], [ 101.7037388, 3.0788334 ], [ 101.7038278, 3.0791313 ], [ 101.7037196, 3.0794724 ], [ 101.703838339890041, 3.07980378276522 ], [ 101.704200136395016, 3.078872709617932 ], [ 101.704041900000021, 3.07867 ] ] ], [ [ [ 101.7015802, 3.0816807 ], [ 101.700957557017432, 3.082065876195469 ], [ 101.70150774058186, 3.081890720955516 ], [ 101.7017333, 3.0817166 ], [ 101.7015802, 3.0816807 ] ] ], [ [ [ 101.698537307229785, 3.088700173333005 ], [ 101.698272337221255, 3.087806258460847 ], [ 101.697847323757429, 3.087015787608661 ], [ 101.6973736, 3.0878744 ], [ 101.6981275, 3.0883267 ], [ 101.698537307229785, 3.088700173333005 ] ] ], [ [ [ 101.706497, 3.1015116 ], [ 101.7067645, 3.1002034 ], [ 101.70632, 3.0998051 ], [ 101.7062176, 3.0997892 ], [ 101.7062759, 3.1005944 ], [ 101.706497, 3.1015116 ] ] ], [ [ [ 101.702127034491383, 3.104144283034082 ], [ 101.702163390879178, 3.10422104692885 ], [ 101.7022211, 3.1041586 ], [ 101.702127034491383, 3.104144283034082 ] ] ], [ [ [ 101.7040323, 3.1368041 ], [ 101.7040996, 3.1369901 ], [ 101.7049982, 3.1364811 ], [ 101.7051774, 3.1368079 ], [ 101.7053157, 3.1368015 ], [ 101.705483, 3.1371684 ], [ 101.705807, 3.1376041 ], [ 101.706461, 3.1371135 ], [ 101.7066488, 3.1368845 ], [ 101.7067829, 3.1365952 ], [ 101.7068942, 3.136006 ], [ 101.706353020546587, 3.135676994755976 ], [ 101.705307194183945, 3.135719162521466 ], [ 101.704784500000017, 3.1361455 ], [ 101.704071200000016, 3.1365792 ], [ 101.7040323, 3.1368041 ] ] ], [ [ [ 101.6972339, 3.1386275 ], [ 101.6974367, 3.1389448 ], [ 101.6978404, 3.1386839 ], [ 101.697550300000017, 3.1382836 ], [ 101.6972339, 3.1386275 ] ] ], [ [ [ 101.706163700000019, 3.1396312 ], [ 101.7057441, 3.1388883 ], [ 101.7056617, 3.1388538 ], [ 101.7052935, 3.1382854 ], [ 101.7050041, 3.1384844 ], [ 101.7052797, 3.1389297 ], [ 101.7054482, 3.1396146 ], [ 101.7056855, 3.1400788 ], [ 101.7061519, 3.1397218 ], [ 101.706163700000019, 3.1396312 ] ] ], [ [ [ 101.704163, 3.1418512 ], [ 101.7044587, 3.1423815 ], [ 101.7049979, 3.142277 ], [ 101.7045432, 3.1414782 ], [ 101.704163, 3.1418512 ] ] ], [ [ [ 101.7041478, 3.1418643 ], [ 101.7035365, 3.1425666 ], [ 101.703570900000017, 3.1426091 ], [ 101.7044514, 3.1423821 ], [ 101.7041478, 3.1418643 ] ] ], [ [ [ 101.704507, 3.1425314 ], [ 101.7047786, 3.1430235 ], [ 101.7049808, 3.1429131 ], [ 101.704742700000011, 3.1424662 ], [ 101.704507, 3.1425314 ] ] ], [ [ [ 101.7041375, 3.1426975 ], [ 101.7043007, 3.1430262 ], [ 101.704566700000015, 3.1428944 ], [ 101.7043825, 3.1425466 ], [ 101.7041375, 3.1426975 ] ] ], [ [ [ 101.7036333, 3.1427363 ], [ 101.7038641, 3.1432007 ], [ 101.704122, 3.1432074 ], [ 101.7040806, 3.1425904 ], [ 101.7036333, 3.1427363 ] ] ], [ [ [ 101.7055626, 3.1433154 ], [ 101.7046959, 3.1437836 ], [ 101.7044268, 3.1432906 ], [ 101.7041722, 3.1432877 ], [ 101.704151600000017, 3.1441183 ], [ 101.7042985, 3.1441671 ], [ 101.7043588, 3.1446673 ], [ 101.705845400000015, 3.1437915 ], [ 101.7055626, 3.1433154 ] ] ], [ [ [ 101.7059566, 3.1448488 ], [ 101.7055729, 3.1450212 ], [ 101.7057562, 3.1454564 ], [ 101.70645, 3.1450538 ], [ 101.706277, 3.1447655 ], [ 101.7059994, 3.1449232 ], [ 101.7059566, 3.1448488 ] ] ], [ [ [ 101.705624400000019, 3.1459489 ], [ 101.705675821361837, 3.146785549529867 ], [ 101.706186258183152, 3.145930134251663 ], [ 101.70673624977907, 3.146425781430456 ], [ 101.706808251615826, 3.147096617157117 ], [ 101.7075519, 3.1465838 ], [ 101.7073159, 3.1463907 ], [ 101.7074901, 3.146061 ], [ 101.7072737, 3.145898 ], [ 101.707035, 3.146194 ], [ 101.7067905, 3.1459965 ], [ 101.7063563, 3.145309 ], [ 101.7058894, 3.1455888 ], [ 101.7059705, 3.1457228 ], [ 101.705624400000019, 3.1459489 ] ] ], [ [ [ 101.704316265077026, 3.147978685694363 ], [ 101.705291331566301, 3.147236111062755 ], [ 101.7050575, 3.1472351 ], [ 101.7046899, 3.1470539 ], [ 101.7041926, 3.1469969 ], [ 101.7037247, 3.1472966 ], [ 101.7040862, 3.1473043 ], [ 101.7039041, 3.1478563 ], [ 101.704316265077026, 3.147978685694363 ] ] ], [ [ [ 101.7071543, 3.1493086 ], [ 101.7075932, 3.1488546 ], [ 101.7069141, 3.1482174 ], [ 101.706674400000011, 3.1486801 ], [ 101.7069452, 3.1489262 ], [ 101.7069934, 3.1491405 ], [ 101.7071543, 3.1493086 ] ] ], [ [ [ 101.7045124, 3.1518715 ], [ 101.704429810427186, 3.151714664096322 ], [ 101.704015436416242, 3.15177026891012 ], [ 101.7041307, 3.1519892 ], [ 101.7042692, 3.1520382 ], [ 101.7045124, 3.1518715 ] ] ], [ [ [ 101.7063886, 3.1529368 ], [ 101.7063712, 3.1532816 ], [ 101.7068402, 3.1533003 ], [ 101.7068516, 3.1530081 ], [ 101.7067789, 3.1528999 ], [ 101.7066038, 3.1528176 ], [ 101.7063886, 3.1529368 ] ] ], [ [ [ 101.7015226, 3.1571676 ], [ 101.7012142, 3.1556778 ], [ 101.701082200000016, 3.1556619 ], [ 101.7008477, 3.15578 ], [ 101.7013021, 3.1572662 ], [ 101.7015226, 3.1571676 ] ] ], [ [ [ 101.6987744, 3.1574789 ], [ 101.6995693, 3.1573127 ], [ 101.6993906, 3.1569313 ], [ 101.6988268, 3.1570962 ], [ 101.6987744, 3.1574789 ] ] ], [ [ [ 101.7014004, 3.1574887 ], [ 101.7017084, 3.1584707 ], [ 101.7024038, 3.1582386 ], [ 101.7015952, 3.1574291 ], [ 101.7014004, 3.1574887 ] ] ], [ [ [ 101.705616, 3.1584338 ], [ 101.705593, 3.1580809 ], [ 101.705312, 3.158099 ], [ 101.7049089, 3.1579209 ], [ 101.7053089, 3.1588669 ], [ 101.705616, 3.1584338 ] ] ], [ [ [ 101.7027635, 3.1587861 ], [ 101.7018932, 3.159064 ], [ 101.7026674, 3.1614019 ], [ 101.70482, 3.1607106 ], [ 101.7043568, 3.1604558 ], [ 101.7038488, 3.1600571 ], [ 101.7027635, 3.1587861 ] ] ], [ [ [ 101.7021761, 3.1608201 ], [ 101.7022285, 3.1607138 ], [ 101.702053100000015, 3.1601625 ], [ 101.7011943, 3.1604395 ], [ 101.7014002, 3.1610767 ], [ 101.7021761, 3.1608201 ] ] ], [ [ [ 101.6985688, 3.1606382 ], [ 101.6988717, 3.1612993 ], [ 101.6991753, 3.1611624 ], [ 101.698872400000013, 3.1605013 ], [ 101.6985688, 3.1606382 ] ] ], [ [ [ 101.70015, 3.1607513 ], [ 101.700364900000011, 3.1614034 ], [ 101.7010649, 3.1611735 ], [ 101.70085, 3.1605213 ], [ 101.70015, 3.1607513 ] ] ], [ [ [ 101.7046889, 3.1613501 ], [ 101.704533, 3.1608759 ], [ 101.7041438, 3.1610022 ], [ 101.7044926, 3.1621994 ], [ 101.7053552, 3.1620398 ], [ 101.7056105, 3.1612255 ], [ 101.7052664, 3.1611607 ], [ 101.7046889, 3.1613501 ] ] ], [ [ [ 101.7062784, 3.1611651 ], [ 101.7059541, 3.1610843 ], [ 101.705821700000016, 3.1611354 ], [ 101.7054906, 3.1620992 ], [ 101.7059237, 3.1622451 ], [ 101.7062784, 3.1611651 ] ] ], [ [ [ 101.7030174, 3.1624175 ], [ 101.7044303, 3.1621909 ], [ 101.7040538, 3.1610378 ], [ 101.7026699, 3.1614811 ], [ 101.7029523, 3.1623756 ], [ 101.7030174, 3.1624175 ] ] ], [ [ [ 101.7061616, 3.1629696 ], [ 101.7067034, 3.161879 ], [ 101.7070504, 3.1616056 ], [ 101.7062243, 3.1613362 ], [ 101.7059186, 3.1622796 ], [ 101.7056265, 3.1621781 ], [ 101.705585, 3.162284 ], [ 101.7061616, 3.1629696 ] ] ], [ [ [ 101.7074055, 3.1617212 ], [ 101.7072386, 3.1616181 ], [ 101.706771700000019, 3.1619335 ], [ 101.7062374, 3.1629931 ], [ 101.7067123, 3.1631951 ], [ 101.70704090000001, 3.162384 ], [ 101.7074055, 3.1617212 ] ] ], [ [ [ 101.69889, 3.1631704 ], [ 101.6994074, 3.163099 ], [ 101.6994719, 3.1636295 ], [ 101.700521200000011, 3.1638319 ], [ 101.701135589653788, 3.163793903197939 ], [ 101.700683987149105, 3.163485095699228 ], [ 101.700944695788024, 3.16336031452099 ], [ 101.7002402, 3.1624802 ], [ 101.6999536, 3.1625249 ], [ 101.6999118, 3.1620808 ], [ 101.7001044, 3.1620527 ], [ 101.7000497, 3.1616965 ], [ 101.6989823, 3.1620283 ], [ 101.699034, 3.1623155 ], [ 101.698784, 3.1623675 ], [ 101.69889, 3.1631704 ] ] ], [ [ [ 101.7028255, 3.1628817 ], [ 101.7028273, 3.1626132 ], [ 101.702286285545412, 3.162615471563563 ], [ 101.702382706880485, 3.162911979806397 ], [ 101.7028255, 3.1628817 ] ] ], [ [ [ 101.7013387, 3.1629818 ], [ 101.7013331, 3.1628896 ], [ 101.7011282, 3.1628864 ], [ 101.7011201, 3.1625895 ], [ 101.7009823, 3.1625887 ], [ 101.7009759, 3.1624201 ], [ 101.7003528, 3.1624715 ], [ 101.701014772422155, 3.163326077900326 ], [ 101.701551085869482, 3.162977510941445 ], [ 101.7013387, 3.1629818 ] ] ], [ [ [ 101.7053433, 3.1621566 ], [ 101.7038429, 3.1624102 ], [ 101.7038329, 3.1637214 ], [ 101.7056173, 3.1636747 ], [ 101.7060517, 3.1629774 ], [ 101.7053433, 3.1621566 ] ] ], [ [ [ 101.7028322, 3.1631185 ], [ 101.7028386, 3.1629096 ], [ 101.702393532865528, 3.162942145394391 ], [ 101.702496616219989, 3.163204324033244 ], [ 101.7028322, 3.1631185 ] ] ], [ [ [ 101.7037494, 3.1637081 ], [ 101.703746, 3.1624269 ], [ 101.7030744, 3.162507 ], [ 101.7030109, 3.1625603 ], [ 101.7030176, 3.1637114 ], [ 101.7037494, 3.1637081 ] ] ], [ [ [ 101.70813680000002, 3.1639316 ], [ 101.7061252, 3.1630908 ], [ 101.7056474, 3.1638382 ], [ 101.7056307, 3.1645555 ], [ 101.7087383, 3.1645489 ], [ 101.70813680000002, 3.1639316 ] ] ], [ [ [ 101.705552, 3.1645718 ], [ 101.7055527, 3.1638339 ], [ 101.7038434, 3.1638324 ], [ 101.7038428, 3.1645704 ], [ 101.705552, 3.1645718 ] ] ], [ [ [ 101.702462847119477, 3.165481475280585 ], [ 101.701846383067405, 3.164482420252146 ], [ 101.701293376799043, 3.163922716802952 ], [ 101.7005701, 3.1639464 ], [ 101.7006661, 3.1654171 ], [ 101.702462847119477, 3.165481475280585 ] ] ], [ [ [ 101.7056296, 3.1654121 ], [ 101.7088787, 3.1653863 ], [ 101.7088465, 3.1646951 ], [ 101.7087889, 3.1646296 ], [ 101.7056296, 3.1646498 ], [ 101.7056296, 3.1654121 ] ] ], [ [ [ 101.703503100227081, 3.164648581885849 ], [ 101.704604828171739, 3.165426274793438 ], [ 101.7055485, 3.1654238 ], [ 101.7055463, 3.1646429 ], [ 101.703503100227081, 3.164648581885849 ] ] ], [ [ [ 101.704861579311157, 3.165547515565262 ], [ 101.705314351210177, 3.165713299443634 ], [ 101.70617102411434, 3.16588265892248 ], [ 101.70598538800941, 3.166298676563906 ], [ 101.7062171, 3.1662974 ], [ 101.706213, 3.1655403 ], [ 101.704861579311157, 3.165547515565262 ] ] ], [ [ [ 101.6988985, 3.1666619 ], [ 101.699208, 3.1666538 ], [ 101.6991815, 3.1661594 ], [ 101.6988824, 3.1661862 ], [ 101.6988985, 3.1666619 ] ] ], [ [ [ 101.702845567052378, 3.167845111377924 ], [ 101.70285050610984, 3.166897603461538 ], [ 101.702677207754434, 3.166035093440883 ], [ 101.702507987780663, 3.165576768402945 ], [ 101.7021445, 3.1655782 ], [ 101.7021417, 3.1678507 ], [ 101.702845567052378, 3.167845111377924 ] ] ], [ [ [ 101.7062817, 3.1670695 ], [ 101.7095329, 3.1670712 ], [ 101.709531200000015, 3.1663748 ], [ 101.7062841, 3.1663726 ], [ 101.7062817, 3.1670695 ] ] ], [ [ [ 101.705758936993107, 3.167070079512534 ], [ 101.7062154, 3.167073 ], [ 101.7062148, 3.1663831 ], [ 101.705955506080173, 3.166383319726338 ], [ 101.705758936993107, 3.167070079512534 ] ] ], [ [ [ 101.7095466, 3.1671538 ], [ 101.706297, 3.1671564 ], [ 101.7062965, 3.1678378 ], [ 101.7095479, 3.1678351 ], [ 101.7095466, 3.1671538 ] ] ], [ [ [ 101.705746928333852, 3.167152944908749 ], [ 101.705679363187059, 3.16785435445865 ], [ 101.7062029, 3.1678548 ], [ 101.7062059, 3.1671549 ], [ 101.705746928333852, 3.167152944908749 ] ] ], [ [ [ 101.705952700000012, 3.1684425 ], [ 101.7062109, 3.1685269 ], [ 101.7061909, 3.1680082 ], [ 101.705677760394337, 3.168008269946091 ], [ 101.705689472538523, 3.168235784648705 ], [ 101.705952700000012, 3.1684425 ] ] ], [ [ [ 101.7065271, 3.1700835 ], [ 101.706818700000014, 3.1694972 ], [ 101.7068135, 3.1693781 ], [ 101.7069802, 3.169368 ], [ 101.7069727, 3.1691335 ], [ 101.7070729, 3.1691285 ], [ 101.7070695, 3.1689045 ], [ 101.706166, 3.1689466 ], [ 101.70617, 3.1690557 ], [ 101.705932600000011, 3.1691629 ], [ 101.705837145663551, 3.16912530792074 ], [ 101.706277646359723, 3.170191214819289 ], [ 101.7065271, 3.1700835 ] ] ], [ [ [ 101.6975301, 3.1707314 ], [ 101.6973576, 3.1712786 ], [ 101.6981046, 3.171075 ], [ 101.6979765, 3.1706024 ], [ 101.6975301, 3.1707314 ] ] ], [ [ [ 101.6980402, 3.1715946 ], [ 101.6981408, 3.1720084 ], [ 101.6987255, 3.1718343 ], [ 101.6986383, 3.1714868 ], [ 101.6980402, 3.1715946 ] ] ], [ [ [ 101.7004196, 3.1751603 ], [ 101.7006413, 3.175396 ], [ 101.7010012, 3.1751804 ], [ 101.7020894, 3.174732 ], [ 101.7019287, 3.1744204 ], [ 101.7006183, 3.1749389 ], [ 101.7004196, 3.1751603 ] ] ], [ [ [ 101.7026481, 3.1755847 ], [ 101.7015684, 3.1759062 ], [ 101.7017628, 3.1762999 ], [ 101.7026443, 3.1762785 ], [ 101.7026481, 3.1755847 ] ] ], [ [ [ 101.698402831004103, 3.181969335828593 ], [ 101.699188170754056, 3.181118070417912 ], [ 101.6992003, 3.180747 ], [ 101.6981247, 3.1807148 ], [ 101.698026267532697, 3.18224830546511 ], [ 101.698402831004103, 3.181969335828593 ] ] ], [ [ [ 101.698936888607292, 3.183361679808813 ], [ 101.698018694253847, 3.182366292635843 ], [ 101.6979571, 3.1833259 ], [ 101.698936888607292, 3.183361679808813 ] ] ], [ [ [ 101.6981488, 3.1844079 ], [ 101.6979517, 3.1841575 ], [ 101.697886, 3.1841575 ], [ 101.6978122, 3.1857924 ], [ 101.6995463, 3.185854 ], [ 101.6996174, 3.1857924 ], [ 101.6995858, 3.1852568 ], [ 101.6993639, 3.1849308 ], [ 101.6981488, 3.1844079 ] ] ], [ [ [ 101.70981415550564, 3.009305303898877 ], [ 101.709867740288388, 3.00803495417744 ], [ 101.709770352135052, 3.007471044942041 ], [ 101.7097392, 3.0085313 ], [ 101.70981415550564, 3.009305303898877 ] ] ], [ [ [ 101.7073059, 3.0089797 ], [ 101.707314, 3.009703 ], [ 101.7081614, 3.0100897 ], [ 101.7085612, 3.0098048 ], [ 101.7088815, 3.0096734 ], [ 101.7082589, 3.0090812 ], [ 101.7073059, 3.0089797 ] ] ], [ [ [ 101.705256715969909, 3.019099044632894 ], [ 101.704901412886599, 3.019756964955749 ], [ 101.7054042, 3.0195594 ], [ 101.7086201, 3.0193456 ], [ 101.7081123, 3.0187564 ], [ 101.7080801, 3.0184171 ], [ 101.7076187, 3.0176314 ], [ 101.708098126888103, 3.017174149711199 ], [ 101.707269675208423, 3.017429809637555 ], [ 101.706493666298456, 3.017849303561065 ], [ 101.705813973046787, 3.018412935151139 ], [ 101.705256715969909, 3.019099044632894 ] ] ], [ [ [ 101.7088635, 3.0170958 ], [ 101.7085622, 3.0175524 ], [ 101.7084576, 3.0179488 ], [ 101.708553100000017, 3.0186385 ], [ 101.7088642, 3.0190631 ], [ 101.7093209, 3.0182619 ], [ 101.7092693, 3.0176742 ], [ 101.7088635, 3.0170958 ] ] ], [ [ [ 101.7069662, 3.022096 ], [ 101.7085948, 3.0219933 ], [ 101.708549500000018, 3.0208376 ], [ 101.7088644, 3.0208017 ], [ 101.708942, 3.0206865 ], [ 101.7089999, 3.0198515 ], [ 101.7087067, 3.0197099 ], [ 101.706786, 3.0198099 ], [ 101.7069662, 3.022096 ] ] ], [ [ [ 101.713478617288672, 3.021279135366226 ], [ 101.713325987715038, 3.020389813503541 ], [ 101.7126284, 3.0199254 ], [ 101.7124682, 3.0199418 ], [ 101.7105908, 3.0224565 ], [ 101.710521, 3.0226699 ], [ 101.7104347, 3.0240483 ], [ 101.710981100000012, 3.0243928 ], [ 101.7111618, 3.0243846 ], [ 101.7133884, 3.022313 ], [ 101.7134418, 3.0222309 ], [ 101.713478617288672, 3.021279135366226 ] ] ], [ [ [ 101.7063621, 3.0296162 ], [ 101.7071632, 3.0282689 ], [ 101.7086389, 3.0264699 ], [ 101.7081713, 3.0262058 ], [ 101.707274400000017, 3.026734 ], [ 101.7061896, 3.027645 ], [ 101.7058255, 3.0280851 ], [ 101.705492, 3.0289578 ], [ 101.7050858, 3.0308525 ], [ 101.7056607, 3.0311855 ], [ 101.7063621, 3.0296162 ] ] ], [ [ [ 101.7109885, 3.0282019 ], [ 101.7098477, 3.030084 ], [ 101.7102947, 3.0303161 ], [ 101.7108491, 3.0295554 ], [ 101.7111924, 3.029734 ], [ 101.71194586439826, 3.029185288908391 ], [ 101.711998134344555, 3.028676330210959 ], [ 101.7117825, 3.0284626 ], [ 101.7111244, 3.0281841 ], [ 101.7109885, 3.0282019 ] ] ], [ [ [ 101.706375587123702, 3.032828917086052 ], [ 101.707642093952771, 3.032975380363784 ], [ 101.7079058, 3.0325553 ], [ 101.7067111, 3.0318388 ], [ 101.706375587123702, 3.032828917086052 ] ] ], [ [ [ 101.7085449, 3.060559 ], [ 101.7091085, 3.0603339 ], [ 101.7096157, 3.0600068 ], [ 101.710003994895771, 3.059640607016917 ], [ 101.709096731803029, 3.059355653693376 ], [ 101.708251958110694, 3.059272572571011 ], [ 101.7085449, 3.060559 ] ] ], [ [ [ 101.711630501699844, 3.060839459782385 ], [ 101.7116287, 3.0618288 ], [ 101.7118596, 3.0625051 ], [ 101.7119532, 3.0626057 ], [ 101.71258980840615, 3.062708967271401 ], [ 101.712189604848433, 3.061649446436698 ], [ 101.711630501699844, 3.060839459782385 ] ] ], [ [ [ 101.7088788, 3.0665555 ], [ 101.7090866, 3.0665486 ], [ 101.7089964, 3.0657978 ], [ 101.7086045, 3.0658209 ], [ 101.7085841, 3.066129 ], [ 101.7088788, 3.0665555 ] ] ], [ [ [ 101.7135038, 3.0742791 ], [ 101.7138176, 3.0744344 ], [ 101.7140993, 3.0744826 ], [ 101.715310190461793, 3.074471479633324 ], [ 101.714837885312079, 3.073538149845476 ], [ 101.714277178010448, 3.072854873019753 ], [ 101.713594643619061, 3.072294689418879 ], [ 101.712816511102588, 3.071879126456194 ], [ 101.71174705503978, 3.071591096884331 ], [ 101.7107283, 3.0722679 ], [ 101.710580555040522, 3.07157375950222 ], [ 101.709489348301844, 3.071846949204859 ], [ 101.7096028, 3.0724661 ], [ 101.7098396, 3.0729368 ], [ 101.7101171, 3.0732972 ], [ 101.7118087, 3.0747505 ], [ 101.7128118, 3.0751683 ], [ 101.71557469511923, 3.076534407418105 ], [ 101.715578970545479, 3.075603682361038 ], [ 101.715339126792031, 3.074552130171744 ], [ 101.7138444, 3.0745499 ], [ 101.7134385, 3.074363 ], [ 101.7135038, 3.0742791 ] ] ], [ [ [ 101.7090031, 3.0758739 ], [ 101.70777910000001, 3.0748266 ], [ 101.7075234, 3.0748739 ], [ 101.7074831, 3.0751198 ], [ 101.7073786, 3.0752449 ], [ 101.706980742915079, 3.074273752140487 ], [ 101.706802481323734, 3.074757343176452 ], [ 101.706632773916397, 3.075626531856952 ], [ 101.706700838486142, 3.076950756934441 ], [ 101.70714836158497, 3.078198098231695 ], [ 101.707772564767325, 3.07907989821385 ], [ 101.7079424, 3.0789072 ], [ 101.7081271, 3.0782523 ], [ 101.7082597, 3.0781365 ], [ 101.7083875, 3.0777653 ], [ 101.7083828, 3.0775691 ], [ 101.7085746, 3.0773681 ], [ 101.7091689, 3.0770726 ], [ 101.7092565, 3.0767558 ], [ 101.7090031, 3.0758739 ] ] ], [ [ [ 101.7137429, 3.0883142 ], [ 101.7136108, 3.0883174 ], [ 101.7136062, 3.0882236 ], [ 101.7132226, 3.0882601 ], [ 101.7129863, 3.0885256 ], [ 101.7127537, 3.0891467 ], [ 101.7127834, 3.0896695 ], [ 101.7139124, 3.0896394 ], [ 101.7139096, 3.0895791 ], [ 101.7140373, 3.0895762 ], [ 101.7140395, 3.0896367 ], [ 101.7145946, 3.0896218 ], [ 101.7148708, 3.0894653 ], [ 101.7148496, 3.0882745 ], [ 101.7147751, 3.088196 ], [ 101.7137421, 3.0882204 ], [ 101.7137429, 3.0883142 ] ] ], [ [ [ 101.71115025877944, 3.085255482569617 ], [ 101.709959294329423, 3.085825467970899 ], [ 101.708984202683553, 3.086718447764389 ], [ 101.708308959165407, 3.087857519924496 ], [ 101.70805532768523, 3.088705803207011 ], [ 101.707993963315843, 3.090030357392336 ], [ 101.708317730279745, 3.091315782937941 ], [ 101.708998746624218, 3.092451378454371 ], [ 101.709884337490053, 3.09326961897314 ], [ 101.7103219, 3.0909971 ], [ 101.7104387, 3.0893323 ], [ 101.7103219, 3.088395 ], [ 101.7107656, 3.0873458 ], [ 101.7115455, 3.0863386 ], [ 101.7116529, 3.085793 ], [ 101.711368, 3.0855178 ], [ 101.711545706560145, 3.085154829443632 ], [ 101.71115025877944, 3.085255482569617 ] ] ], [ [ [ 101.7128424, 3.090906 ], [ 101.714935, 3.0908522 ], [ 101.714920100000015, 3.0899963 ], [ 101.714848, 3.0899982 ], [ 101.7148169, 3.0899083 ], [ 101.7143927, 3.0900371 ], [ 101.712808, 3.090194 ], [ 101.7128424, 3.090906 ] ] ], [ [ [ 101.708595700000018, 3.0997324 ], [ 101.709272112366236, 3.098927919515174 ], [ 101.708666651381847, 3.098437633365953 ], [ 101.707773319529139, 3.097980990836471 ], [ 101.7078045, 3.0982143 ], [ 101.7083797, 3.098324 ], [ 101.7081942, 3.0994553 ], [ 101.708595700000018, 3.0997324 ] ] ], [ [ [ 101.710136477824875, 3.100058803682553 ], [ 101.709646277871599, 3.099325596553182 ], [ 101.709473431743817, 3.099134872561702 ], [ 101.7094221, 3.0991677 ], [ 101.7093248, 3.099286 ], [ 101.7093388, 3.0994207 ], [ 101.710136477824875, 3.100058803682553 ] ] ], [ [ [ 101.7100266, 3.1003226 ], [ 101.7091641, 3.0996329 ], [ 101.7090278, 3.0996473 ], [ 101.7086009, 3.1001657 ], [ 101.7081442, 3.1009252 ], [ 101.7081475, 3.1010882 ], [ 101.7087292, 3.1019694 ], [ 101.7088743, 3.1020224 ], [ 101.709979700000019, 3.1016935 ], [ 101.7100334, 3.1015841 ], [ 101.7099528, 3.1010727 ], [ 101.710066900000015, 3.1004732 ], [ 101.7100266, 3.1003226 ] ] ], [ [ [ 101.706575, 3.1020043 ], [ 101.7068801, 3.1032778 ], [ 101.7070551, 3.1036231 ], [ 101.7071257, 3.1036417 ], [ 101.70762160000001, 3.1033113 ], [ 101.7066211, 3.1019897 ], [ 101.706575, 3.1020043 ] ] ], [ [ [ 101.7102374, 3.1020006 ], [ 101.710093, 3.1019471 ], [ 101.7090319, 3.1022628 ], [ 101.7089929, 3.1023706 ], [ 101.7096366, 3.1033461 ], [ 101.7100076, 3.1037835 ], [ 101.7102596, 3.1039215 ], [ 101.710346641902831, 3.10388964295638 ], [ 101.710483660196957, 3.103501561525698 ], [ 101.710662540623801, 3.102433904078452 ], [ 101.7102374, 3.1020006 ] ] ], [ [ [ 101.7124988, 3.1254301 ], [ 101.713105, 3.124998 ], [ 101.712987152501924, 3.124824806498627 ], [ 101.712485985845888, 3.125342581173166 ], [ 101.7124988, 3.1254301 ] ] ], [ [ [ 101.71199761895339, 3.126081860413275 ], [ 101.711749299710405, 3.126655755247059 ], [ 101.712711, 3.127978 ], [ 101.7130964, 3.1275736 ], [ 101.71199761895339, 3.126081860413275 ] ] ], [ [ [ 101.712862, 3.1329247 ], [ 101.7127899, 3.1329471 ], [ 101.7109483, 3.1355653 ], [ 101.7109675, 3.1357225 ], [ 101.7112098, 3.1358844 ], [ 101.7129161, 3.1334903 ], [ 101.712862, 3.1329247 ] ] ], [ [ [ 101.711649400000013, 3.1340681 ], [ 101.7109599, 3.1340929 ], [ 101.7110071, 3.1345266 ], [ 101.7113611, 3.1347788 ], [ 101.7117179, 3.1341852 ], [ 101.711649400000013, 3.1340681 ] ] ], [ [ [ 101.709529, 3.134252 ], [ 101.709137, 3.134292 ], [ 101.709308, 3.134513 ], [ 101.7098262, 3.1348749 ], [ 101.7102402, 3.1347312 ], [ 101.710285, 3.134435 ], [ 101.70956, 3.134503 ], [ 101.709529, 3.134252 ] ] ], [ [ [ 101.707598002760605, 3.13595997313877 ], [ 101.706864527247859, 3.135744431567067 ], [ 101.706671882867198, 3.135716218164947 ], [ 101.7066421, 3.1358106 ], [ 101.707743, 3.1361979 ], [ 101.7081037, 3.1352547 ], [ 101.708141600000019, 3.1344837 ], [ 101.707776, 3.1345226 ], [ 101.70748179019516, 3.134463255729726 ], [ 101.707484786675039, 3.135333523065908 ], [ 101.707598002760605, 3.13595997313877 ] ] ], [ [ [ 101.709154, 3.134502 ], [ 101.709015, 3.134308 ], [ 101.70833, 3.134361 ], [ 101.708284, 3.135311 ], [ 101.708215, 3.135451 ], [ 101.7096233, 3.1358721 ], [ 101.709677, 3.135976 ], [ 101.710255, 3.136387 ], [ 101.710688, 3.135863 ], [ 101.71003, 3.135654 ], [ 101.71012, 3.135216 ], [ 101.709154, 3.134502 ] ] ], [ [ [ 101.709509, 3.1378697 ], [ 101.7096215, 3.1376956 ], [ 101.709455700000021, 3.1375976 ], [ 101.7093209, 3.1377408 ], [ 101.7092612, 3.1377163 ], [ 101.7091942, 3.1379116 ], [ 101.7089662, 3.1378942 ], [ 101.7089126, 3.1381245 ], [ 101.7087184, 3.1381016 ], [ 101.7088004, 3.1387201 ], [ 101.7093469, 3.1388999 ], [ 101.709509, 3.1378697 ] ] ], [ [ [ 101.7083607, 3.1387897 ], [ 101.7087969, 3.1387216 ], [ 101.7087184, 3.1381016 ], [ 101.7083125, 3.1383816 ], [ 101.70829830000001, 3.1386836 ], [ 101.7083607, 3.1387897 ] ] ], [ [ [ 101.7122724, 3.1418006 ], [ 101.713332, 3.1416815 ], [ 101.7133213, 3.141387 ], [ 101.7124737, 3.1414824 ], [ 101.7122724, 3.1418006 ] ] ], [ [ [ 101.7133554, 3.1421247 ], [ 101.713781282337806, 3.141638934256613 ], [ 101.713680983048775, 3.141320179100422 ], [ 101.7133404, 3.1413613 ], [ 101.7133554, 3.1421247 ] ] ], [ [ [ 101.7076908, 3.1471342 ], [ 101.7079473, 3.1469407 ], [ 101.7076636, 3.1466016 ], [ 101.7074062, 3.1468356 ], [ 101.7076908, 3.1471342 ] ] ], [ [ [ 101.710200700000016, 3.1482145 ], [ 101.7104018, 3.1480672 ], [ 101.7099284, 3.1473856 ], [ 101.7096113, 3.1473582 ], [ 101.710200700000016, 3.1482145 ] ] ], [ [ [ 101.7093873, 3.1481857 ], [ 101.7096002, 3.1480619 ], [ 101.7092777, 3.1475744 ], [ 101.709218, 3.1475748 ], [ 101.709075500000012, 3.1476742 ], [ 101.7093873, 3.1481857 ] ] ], [ [ [ 101.710306, 3.1486377 ], [ 101.7104662, 3.1484924 ], [ 101.7099465, 3.1479581 ], [ 101.7095767, 3.1473578 ], [ 101.7093645, 3.1474847 ], [ 101.7097494, 3.1480886 ], [ 101.710306, 3.1486377 ] ] ], [ [ [ 101.7088294, 3.1484167 ], [ 101.7093397, 3.1482125 ], [ 101.7091747, 3.1479387 ], [ 101.7087221, 3.148169 ], [ 101.7088294, 3.1484167 ] ] ], [ [ [ 101.7075152, 3.1480753 ], [ 101.707209300000017, 3.1482222 ], [ 101.7074246, 3.1483759 ], [ 101.70761640000002, 3.1482902 ], [ 101.7075152, 3.1480753 ] ] ], [ [ [ 101.7094202, 3.1482239 ], [ 101.7097145, 3.1485787 ], [ 101.7098842, 3.1484321 ], [ 101.7096039, 3.1481074 ], [ 101.7094202, 3.1482239 ] ] ], [ [ [ 101.7088529, 3.1484763 ], [ 101.7089541, 3.148718 ], [ 101.7095496, 3.1484669 ], [ 101.7093907, 3.1482527 ], [ 101.7088529, 3.1484763 ] ] ], [ [ [ 101.7099165, 3.1484493 ], [ 101.7096927, 3.1486414 ], [ 101.7095963, 3.148523 ], [ 101.7094939, 3.1485622 ], [ 101.7096495, 3.1489215 ], [ 101.7100428, 3.1487739 ], [ 101.7102138, 3.148785 ], [ 101.7099165, 3.1484493 ] ] ], [ [ [ 101.7089673, 3.148741 ], [ 101.7091261, 3.1491351 ], [ 101.7096309, 3.1489324 ], [ 101.7094722, 3.1485383 ], [ 101.7089673, 3.148741 ] ] ], [ [ [ 101.7076764, 3.1499236 ], [ 101.7074138, 3.1499751 ], [ 101.7075177, 3.1505126 ], [ 101.7077762, 3.1504753 ], [ 101.7076764, 3.1499236 ] ] ], [ [ [ 101.7147, 3.1509715 ], [ 101.7140955, 3.1509368 ], [ 101.7140783, 3.151288 ], [ 101.7147811, 3.1516564 ], [ 101.7149095, 3.151485 ], [ 101.7147, 3.1509715 ] ] ], [ [ [ 101.7140783, 3.151288 ], [ 101.7136388, 3.1525587 ], [ 101.7141765, 3.1527929 ], [ 101.7146987, 3.1528467 ], [ 101.7147162, 3.1520923 ], [ 101.7143147, 3.1520039 ], [ 101.7140783, 3.151288 ] ] ], [ [ [ 101.7123192, 3.1522184 ], [ 101.7124686, 3.1525541 ], [ 101.7131995, 3.1522266 ], [ 101.7130415, 3.1518432 ], [ 101.7123192, 3.1522184 ] ] ], [ [ [ 101.7124874, 3.1525597 ], [ 101.7126325, 3.1528354 ], [ 101.713427, 3.1527383 ], [ 101.7134793, 3.1526622 ], [ 101.7132422, 3.1522254 ], [ 101.7124874, 3.1525597 ] ] ], [ [ [ 101.714265, 3.1535373 ], [ 101.7151168, 3.1535447 ], [ 101.715105, 3.1531452 ], [ 101.7150206, 3.1530361 ], [ 101.7141697, 3.1530151 ], [ 101.714274300000014, 3.1531249 ], [ 101.714265, 3.1535373 ] ] ], [ [ [ 101.7100777, 3.1542737 ], [ 101.7106108, 3.1537811 ], [ 101.7102464, 3.1533278 ], [ 101.7095833, 3.1537033 ], [ 101.7100777, 3.1542737 ] ] ], [ [ [ 101.7088125, 3.1541444 ], [ 101.7085751, 3.1543598 ], [ 101.7092113, 3.1550743 ], [ 101.7094772, 3.1548286 ], [ 101.7088125, 3.1541444 ] ] ], [ [ [ 101.709416917989472, 3.155274646209428 ], [ 101.710443705372683, 3.155396424930072 ], [ 101.7105669, 3.1552697 ], [ 101.7098755, 3.154584 ], [ 101.7092764, 3.1551376 ], [ 101.709416917989472, 3.155274646209428 ] ] ], [ [ [ 101.710100202152319, 3.155748329575726 ], [ 101.7100389, 3.1558811 ], [ 101.71035538850731, 3.155514620738731 ], [ 101.710100202152319, 3.155748329575726 ] ] ], [ [ [ 101.7082153, 3.1562392 ], [ 101.7088115, 3.1559196 ], [ 101.7085356, 3.1555981 ], [ 101.7081651, 3.1558047 ], [ 101.7082153, 3.1562392 ] ] ], [ [ [ 101.709067, 3.1570044 ], [ 101.70926813734485, 3.156751885779758 ], [ 101.70930409875514, 3.156202237052629 ], [ 101.709287856610729, 3.155886681387808 ], [ 101.7091065, 3.1557154 ], [ 101.7086694, 3.1560839 ], [ 101.7089165, 3.1569994 ], [ 101.709067, 3.1570044 ] ] ], [ [ [ 101.7088677, 3.1569863 ], [ 101.7086316, 3.1560874 ], [ 101.7082241, 3.1562597 ], [ 101.708263, 3.156793 ], [ 101.7083347, 3.1568892 ], [ 101.7088677, 3.1569863 ] ] ], [ [ [ 101.7142652, 3.1604763 ], [ 101.7144619, 3.160249 ], [ 101.7141463, 3.1600194 ], [ 101.7139571, 3.1602521 ], [ 101.7142652, 3.1604763 ] ] ], [ [ [ 101.7129534, 3.1605364 ], [ 101.7128829, 3.1599591 ], [ 101.7126554, 3.1600244 ], [ 101.7126188, 3.1605053 ], [ 101.7129534, 3.1605364 ] ] ], [ [ [ 101.7139178, 3.160947 ], [ 101.7142848, 3.1612528 ], [ 101.7141201, 3.1614099 ], [ 101.7153277, 3.1623116 ], [ 101.7156798, 3.1627202 ], [ 101.716000300000019, 3.1624412 ], [ 101.7165055, 3.1624075 ], [ 101.7164575, 3.1618035 ], [ 101.7163982, 3.1617545 ], [ 101.7157739, 3.1617562 ], [ 101.714837, 3.1610736 ], [ 101.714722800000018, 3.1607891 ], [ 101.7149561, 3.1605665 ], [ 101.7142276, 3.1605886 ], [ 101.7139178, 3.160947 ] ] ], [ [ [ 101.7132234, 3.1611347 ], [ 101.7129734, 3.1613399 ], [ 101.7132768, 3.1616192 ], [ 101.7141169, 3.1606464 ], [ 101.7133336, 3.1606928 ], [ 101.7132234, 3.1611347 ] ] ], [ [ [ 101.7144643, 3.1623478 ], [ 101.7147162, 3.1624438 ], [ 101.7147493, 3.1623813 ], [ 101.7148098, 3.1624138 ], [ 101.7149669, 3.1621183 ], [ 101.7142384, 3.1615691 ], [ 101.7139383, 3.1619349 ], [ 101.7141498, 3.1621102 ], [ 101.7141935, 3.1620572 ], [ 101.7142993, 3.1621448 ], [ 101.7141929, 3.1622173 ], [ 101.7140524, 3.1625695 ], [ 101.7142821, 3.162693 ], [ 101.7144643, 3.1623478 ] ] ], [ [ [ 101.7071521, 3.1623196 ], [ 101.7067646, 3.1632104 ], [ 101.7073071, 3.1634981 ], [ 101.7084451, 3.1620945 ], [ 101.707601, 3.16152 ], [ 101.7071521, 3.1623196 ] ] ], [ [ [ 101.7131686, 3.1631664 ], [ 101.713163, 3.1633343 ], [ 101.7129395456449, 3.16343662192334 ], [ 101.713575461626377, 3.163439019593252 ], [ 101.7137692, 3.1633478 ], [ 101.7136245, 3.1630429 ], [ 101.7131686, 3.1631664 ] ] ], [ [ [ 101.7088712, 3.1645986 ], [ 101.7095667, 3.1633726 ], [ 101.7096163, 3.162952 ], [ 101.7087818, 3.1623787 ], [ 101.708207, 3.1639101 ], [ 101.7088712, 3.1645986 ] ] ], [ [ [ 101.7108166, 3.1644944 ], [ 101.7101945, 3.1640967 ], [ 101.7102005, 3.1637495 ], [ 101.7096223, 3.1634281 ], [ 101.7089083, 3.1646587 ], [ 101.7089673, 3.1653853 ], [ 101.7102711, 3.1654134 ], [ 101.7108166, 3.1644944 ] ] ], [ [ [ 101.7109851, 3.1645824 ], [ 101.7110268, 3.1646836 ], [ 101.7109076, 3.1646439 ], [ 101.7104657, 3.1654417 ], [ 101.7117235, 3.1661969 ], [ 101.7126072, 3.165603 ], [ 101.71256480000001, 3.1657251 ], [ 101.711803300000014, 3.1662442 ], [ 101.712208, 3.1664798 ], [ 101.7137141, 3.1670887 ], [ 101.7139136, 3.1669512 ], [ 101.7139557, 3.1668867 ], [ 101.7136691, 3.1667071 ], [ 101.7135623, 3.1665079 ], [ 101.7134822, 3.1655832 ], [ 101.71366504922841, 3.165101788252354 ], [ 101.713069097083988, 3.164490929158169 ], [ 101.712191100000013, 3.1642055 ], [ 101.7118434, 3.1641658 ], [ 101.7114977, 3.1642571 ], [ 101.7109851, 3.1645824 ] ] ], [ [ [ 101.714402536993035, 3.166434232458105 ], [ 101.714128801413906, 3.165799604263068 ], [ 101.713904028289107, 3.165424877447766 ], [ 101.7137307, 3.1657197 ], [ 101.7137618, 3.16655 ], [ 101.7141616, 3.1667153 ], [ 101.714402536993035, 3.166434232458105 ] ] ], [ [ [ 101.7062832, 3.1655426 ], [ 101.7062908, 3.1662969 ], [ 101.7095161, 3.1662759 ], [ 101.7095331, 3.1655185 ], [ 101.7062832, 3.1655426 ] ] ], [ [ [ 101.711736035853605, 3.167538201639105 ], [ 101.7119597, 3.1676213 ], [ 101.7123381, 3.1667189 ], [ 101.7123003, 3.1666376 ], [ 101.7104672, 3.1655318 ], [ 101.7096423, 3.1655166 ], [ 101.7096402, 3.1678536 ], [ 101.7098207, 3.1678026 ], [ 101.7098293, 3.1674985 ], [ 101.7105314, 3.1675008 ], [ 101.7105382, 3.1671033 ], [ 101.7107394, 3.1671068 ], [ 101.7107353, 3.1673441 ], [ 101.7111835, 3.1675342 ], [ 101.711736035853605, 3.167538201639105 ] ] ], [ [ [ 101.7081284, 3.1685382 ], [ 101.7081257, 3.1687657 ], [ 101.7086269, 3.1687717 ], [ 101.7086447, 3.1680038 ], [ 101.7083666, 3.1680064 ], [ 101.7083626, 3.168541 ], [ 101.7081284, 3.1685382 ] ] ], [ [ [ 101.7111135, 3.1690899 ], [ 101.7112832, 3.1681002 ], [ 101.708998, 3.1681079 ], [ 101.7090013, 3.1688899 ], [ 101.710691, 3.1694385 ], [ 101.7111135, 3.1690899 ] ] ], [ [ [ 101.711513, 3.171672 ], [ 101.7110423, 3.1715446 ], [ 101.7107812, 3.1715915 ], [ 101.710338, 3.172012 ], [ 101.710153381182877, 3.172457097590707 ], [ 101.711058502682022, 3.172369294564449 ], [ 101.711950049667124, 3.17208651576722 ], [ 101.711513, 3.171672 ] ] ], [ [ [ 101.7159792, 3.0886006 ], [ 101.715047100000021, 3.0882411 ], [ 101.7149696, 3.0885475 ], [ 101.7149685, 3.089487 ], [ 101.7153137, 3.0896861 ], [ 101.7155318, 3.0896702 ], [ 101.7159792, 3.0886006 ] ] ], [ [ [ 101.714717293674823, 3.093481311403631 ], [ 101.715429892523815, 3.09296663246224 ], [ 101.714745300000018, 3.0929843 ], [ 101.714717293674823, 3.093481311403631 ] ] ], [ [ [ 101.716127720398873, 3.108543568603732 ], [ 101.715471725931749, 3.108281774401778 ], [ 101.715354639202303, 3.108252613539681 ], [ 101.7155623, 3.108537 ], [ 101.7155767, 3.1086622 ], [ 101.7158569, 3.1087381 ], [ 101.716127720398873, 3.108543568603732 ] ] ], [ [ [ 101.7157046, 3.1096934 ], [ 101.7168516, 3.1097036 ], [ 101.7168721, 3.1091106 ], [ 101.71696064704723, 3.109064406554879 ], [ 101.716143074635781, 3.108550820126488 ], [ 101.7157209, 3.1088558 ], [ 101.7161557, 3.1091146 ], [ 101.7157352, 3.1090046 ], [ 101.7156556, 3.109078 ], [ 101.7157046, 3.1096934 ] ] ], [ [ [ 101.7169673, 3.1092271 ], [ 101.7172738, 3.1097119 ], [ 101.717651627978526, 3.109742168104261 ], [ 101.717071582470993, 3.109155078071003 ], [ 101.7169673, 3.1092271 ] ] ], [ [ [ 101.7171529, 3.1141359 ], [ 101.7173427, 3.1156063 ], [ 101.717511706192838, 3.115631710022247 ], [ 101.717921795028687, 3.115109611069412 ], [ 101.718335161883601, 3.114327362347107 ], [ 101.718652369656525, 3.113040295775147 ], [ 101.718584249331329, 3.111716087447722 ], [ 101.718326292653728, 3.110869129685042 ], [ 101.718041947846544, 3.110310840406828 ], [ 101.7140079, 3.110475 ], [ 101.7130265, 3.1108557 ], [ 101.7152069, 3.1136202 ], [ 101.717479900000015, 3.1136175 ], [ 101.7171529, 3.1141359 ] ] ], [ [ [ 101.721893542681158, 3.118859928326244 ], [ 101.721389229276085, 3.118097532607063 ], [ 101.720409571448315, 3.117209604609828 ], [ 101.719215687043729, 3.116645774856754 ], [ 101.717915571857105, 3.116454842632622 ], [ 101.718462, 3.1175752 ], [ 101.7179298, 3.1178249 ], [ 101.7183268, 3.1183885 ], [ 101.7216667, 3.1190862 ], [ 101.721893542681158, 3.118859928326244 ] ] ], [ [ [ 101.722396395631932, 3.121404247225458 ], [ 101.722409844775726, 3.12082421109302 ], [ 101.7220368, 3.1206458 ], [ 101.720470100000014, 3.1202917 ], [ 101.7195722, 3.1203365 ], [ 101.7189799, 3.1204955 ], [ 101.718273, 3.1205377 ], [ 101.7176644, 3.1208523 ], [ 101.7173929, 3.1210697 ], [ 101.7167514, 3.1220472 ], [ 101.7165449, 3.1225591 ], [ 101.7167632, 3.1229042 ], [ 101.7175681, 3.123622 ], [ 101.7185828, 3.1243025 ], [ 101.7205129, 3.123725 ], [ 101.7213496, 3.1230207 ], [ 101.721781911599066, 3.123277748076422 ], [ 101.722226729053958, 3.122273433057349 ], [ 101.722396395631932, 3.121404247225458 ] ] ], [ [ [ 101.723241277370718, 3.122156098905706 ], [ 101.723071612026104, 3.12302528435832 ], [ 101.723096145566203, 3.124059175572796 ], [ 101.7233895, 3.1242336 ], [ 101.7244609, 3.1252374 ], [ 101.7248004, 3.1261724 ], [ 101.7259359, 3.1256827 ], [ 101.7263334, 3.1254481 ], [ 101.7267295, 3.1250602 ], [ 101.7265704, 3.1249286 ], [ 101.7273585, 3.1237097 ], [ 101.72355909783218, 3.121373847203054 ], [ 101.723241277370718, 3.122156098905706 ] ] ], [ [ [ 101.720408421991493, 3.127534232045339 ], [ 101.7203311, 3.1275897 ], [ 101.7204379, 3.1277431 ], [ 101.7197872, 3.1282527 ], [ 101.7199974, 3.1285347 ], [ 101.720462645361266, 3.128194597294859 ], [ 101.720440150490688, 3.127745470129519 ], [ 101.720408421991493, 3.127534232045339 ] ] ], [ [ [ 101.7193433, 3.131166 ], [ 101.7189853, 3.1306282 ], [ 101.7184218, 3.130939 ], [ 101.7188078, 3.1320519 ], [ 101.7195332, 3.1318032 ], [ 101.7193433, 3.131166 ] ] ], [ [ [ 101.7226123, 3.1323784 ], [ 101.7221675, 3.1314238 ], [ 101.719210700000019, 3.1325025 ], [ 101.7194236, 3.1331777 ], [ 101.7226123, 3.1323784 ] ] ], [ [ [ 101.7197184, 3.1341571 ], [ 101.7210354, 3.1337692 ], [ 101.7208412, 3.1330147 ], [ 101.7206288, 3.1330632 ], [ 101.7206136, 3.1329481 ], [ 101.719421, 3.1332026 ], [ 101.7197184, 3.1341571 ] ] ], [ [ [ 101.7189984, 3.138853 ], [ 101.7192408, 3.1387595 ], [ 101.719311798161684, 3.138229391608594 ], [ 101.718838078276931, 3.138360133214652 ], [ 101.7189984, 3.138853 ] ] ], [ [ [ 101.7161394, 3.141166 ], [ 101.7159817, 3.1417922 ], [ 101.7167439, 3.1419001 ], [ 101.7168818, 3.1414667 ], [ 101.7167736, 3.141083 ], [ 101.7161394, 3.141166 ] ] ], [ [ [ 101.722097, 3.1450392 ], [ 101.7222158, 3.1454291 ], [ 101.7232683, 3.1451059 ], [ 101.7231483, 3.1447201 ], [ 101.722097, 3.1450392 ] ] ], [ [ [ 101.719241284187717, 3.147045189980615 ], [ 101.720003413006722, 3.147152905351666 ], [ 101.7201593, 3.1466714 ], [ 101.720443, 3.1466989 ], [ 101.7205716, 3.146938 ], [ 101.7208499, 3.1468575 ], [ 101.7206553, 3.1462131 ], [ 101.7202485, 3.1463374 ], [ 101.7200386, 3.1459476 ], [ 101.7198641, 3.1460156 ], [ 101.7198014, 3.1461583 ], [ 101.71968, 3.146117 ], [ 101.7190647, 3.1463866 ], [ 101.719241284187717, 3.147045189980615 ] ] ], [ [ [ 101.7172319, 3.1501212 ], [ 101.7173078, 3.1509 ], [ 101.7179607, 3.1507149 ], [ 101.7179513, 3.1499989 ], [ 101.7172999, 3.1500283 ], [ 101.7172319, 3.1501212 ] ] ], [ [ [ 101.7208901, 3.1505272 ], [ 101.720638, 3.1501068 ], [ 101.720174, 3.1500773 ], [ 101.7198946, 3.1502252 ], [ 101.7202275, 3.1508142 ], [ 101.7208901, 3.1505272 ] ] ], [ [ [ 101.722482232409433, 3.150995375774245 ], [ 101.722273856290784, 3.150031772735346 ], [ 101.7210869, 3.1505825 ], [ 101.7211137, 3.1506288 ], [ 101.722482232409433, 3.150995375774245 ] ] ], [ [ [ 101.7210487, 3.1506119 ], [ 101.7203, 3.1510091 ], [ 101.720635700000017, 3.151545 ], [ 101.7210615, 3.1516157 ], [ 101.7211542, 3.1506685 ], [ 101.7210487, 3.1506119 ] ] ], [ [ [ 101.7210872, 3.1516139 ], [ 101.7218669, 3.1517147 ], [ 101.7218876, 3.1509045 ], [ 101.721177800000021, 3.1506786 ], [ 101.7210872, 3.1516139 ] ] ], [ [ [ 101.718339, 3.151188 ], [ 101.7185836, 3.1517728 ], [ 101.7196086, 3.1512198 ], [ 101.7193542, 3.1506955 ], [ 101.718339, 3.151188 ] ] ], [ [ [ 101.7219092, 3.1517135 ], [ 101.722491242923155, 3.151736168656254 ], [ 101.722485965834963, 3.151067897861643 ], [ 101.7219253, 3.1509743 ], [ 101.7219092, 3.1517135 ] ] ], [ [ [ 101.7161583, 3.1521031 ], [ 101.7160297, 3.1521206 ], [ 101.7160362, 3.1520136 ], [ 101.7156745, 3.152068 ], [ 101.7157016, 3.1514189 ], [ 101.7152663, 3.1513946 ], [ 101.7148933, 3.1517158 ], [ 101.7148235, 3.1521961 ], [ 101.715224300000017, 3.152147 ], [ 101.7152176, 3.1528419 ], [ 101.7164057, 3.1527967 ], [ 101.716976, 3.1526077 ], [ 101.7168098, 3.1524621 ], [ 101.71680120000002, 3.152371 ], [ 101.7169531, 3.1519843 ], [ 101.7174933, 3.1516931 ], [ 101.7171723, 3.1509611 ], [ 101.7164814, 3.1511652 ], [ 101.7161894, 3.1514823 ], [ 101.7163476, 3.1519047 ], [ 101.7161583, 3.1521031 ] ] ], [ [ [ 101.7194152, 3.1514571 ], [ 101.7196518, 3.1519183 ], [ 101.7205212, 3.1515931 ], [ 101.7201855, 3.1510467 ], [ 101.7194152, 3.1514571 ] ] ], [ [ [ 101.7195094, 3.1527434 ], [ 101.7200995, 3.1527327 ], [ 101.7200945, 3.1517876 ], [ 101.7195001, 3.1520259 ], [ 101.7195094, 3.1527434 ] ] ], [ [ [ 101.722471516818828, 3.151970975215186 ], [ 101.7220097, 3.1518824 ], [ 101.7218649, 3.1530608 ], [ 101.722175718044355, 3.153144540224243 ], [ 101.722471516818828, 3.151970975215186 ] ] ], [ [ [ 101.7204153, 3.1548901 ], [ 101.7217567, 3.1549717 ], [ 101.721978980301159, 3.154475901266577 ], [ 101.721713712768732, 3.154141223187138 ], [ 101.7209001, 3.1540759 ], [ 101.7211017, 3.1530152 ], [ 101.7201227, 3.1528646 ], [ 101.7199581, 3.1542966 ], [ 101.7204153, 3.1548901 ] ] ], [ [ [ 101.7152804, 3.1531065 ], [ 101.715289, 3.1535493 ], [ 101.7160018, 3.1536551 ], [ 101.7159521, 3.1530353 ], [ 101.7153568, 3.1530523 ], [ 101.7152804, 3.1531065 ] ] ], [ [ [ 101.719129, 3.1535133 ], [ 101.7190995, 3.1539123 ], [ 101.7199095, 3.1539578 ], [ 101.7200275, 3.1528732 ], [ 101.7195367, 3.1528437 ], [ 101.7195179, 3.1535268 ], [ 101.719129, 3.1535133 ] ] ], [ [ [ 101.7168552, 3.1532031 ], [ 101.7166915, 3.1538716 ], [ 101.7180996, 3.1542638 ], [ 101.7180876, 3.1536703 ], [ 101.717499600000011, 3.153676 ], [ 101.7175065, 3.1534284 ], [ 101.7168552, 3.1532031 ] ] ], [ [ [ 101.721701247434964, 3.154127470839435 ], [ 101.721658628514575, 3.154080451617888 ], [ 101.721889833507163, 3.15372132557265 ], [ 101.7210424, 3.1535705 ], [ 101.7209534, 3.1540613 ], [ 101.721701247434964, 3.154127470839435 ] ] ], [ [ [ 101.7181176, 3.1552178 ], [ 101.718109, 3.1546296 ], [ 101.7179784, 3.1544398 ], [ 101.7173831, 3.1542518 ], [ 101.717241, 3.1547071 ], [ 101.7174041, 3.1547563 ], [ 101.7176086, 3.1550537 ], [ 101.7176086, 3.1552179 ], [ 101.7181176, 3.1552178 ] ] ], [ [ [ 101.719967, 3.1552721 ], [ 101.7199612, 3.1557641 ], [ 101.720546100000021, 3.155876 ], [ 101.7205671, 3.1552955 ], [ 101.719967, 3.1552721 ] ] ], [ [ [ 101.7184138, 3.1560647 ], [ 101.7183481, 3.1561276 ], [ 101.7183413, 3.1563991 ], [ 101.7194221, 3.1565155 ], [ 101.7196558, 3.1564838 ], [ 101.7198429, 3.1561004 ], [ 101.7184138, 3.1560647 ] ] ], [ [ [ 101.7195572, 3.1577342 ], [ 101.7197195, 3.1571692 ], [ 101.7203052, 3.1573399 ], [ 101.7204394, 3.1568616 ], [ 101.7204186, 3.1561175 ], [ 101.7198463, 3.15611 ], [ 101.7196561, 3.1565054 ], [ 101.719441, 3.1565355 ], [ 101.7187622, 3.1564636 ], [ 101.7183835, 3.1567791 ], [ 101.7184472, 3.1576579 ], [ 101.7195572, 3.1577342 ] ] ], [ [ [ 101.7225855, 3.1574242 ], [ 101.722495, 3.1572668 ], [ 101.721715, 3.1571639 ], [ 101.7216519, 3.1580268 ], [ 101.722718687494009, 3.15812093046944 ], [ 101.722819327927553, 3.157448071456505 ], [ 101.7225855, 3.1574242 ] ] ], [ [ [ 101.7182954, 3.1586275 ], [ 101.718228, 3.1578497 ], [ 101.7181093, 3.1577926 ], [ 101.7172731, 3.1578214 ], [ 101.7175542, 3.1579989 ], [ 101.7173184, 3.1584114 ], [ 101.7176818, 3.1586207 ], [ 101.7182954, 3.1586275 ] ] ], [ [ [ 101.7224528, 3.1601455 ], [ 101.722508220583677, 3.159218652677506 ], [ 101.7224132641105, 3.159018203032182 ], [ 101.722537744406822, 3.158723882463571 ], [ 101.7225731, 3.1581206 ], [ 101.7216388, 3.1580532 ], [ 101.721571, 3.1590009 ], [ 101.7216591, 3.1590076 ], [ 101.7215673, 3.1601179 ], [ 101.7224528, 3.1601455 ] ] ], [ [ [ 101.7176978, 3.1591233 ], [ 101.7182434, 3.1591175 ], [ 101.7182384, 3.1586473 ], [ 101.7176928, 3.1586531 ], [ 101.7176978, 3.1591233 ] ] ], [ [ [ 101.7153365, 3.1581917 ], [ 101.7148041, 3.1592425 ], [ 101.7154951, 3.1597093 ], [ 101.7161138, 3.1584215 ], [ 101.7153365, 3.1581917 ] ] ], [ [ [ 101.7151979, 3.1611547 ], [ 101.7158528, 3.1615947 ], [ 101.7160951, 3.161632 ], [ 101.7161144, 3.1608457 ], [ 101.7155209, 3.1605463 ], [ 101.7151979, 3.1611547 ] ] ], [ [ [ 101.7259666, 3.1616027 ], [ 101.7250772, 3.1614264 ], [ 101.7249944, 3.1604683 ], [ 101.724340400000017, 3.1605296 ], [ 101.7242853, 3.1604547 ], [ 101.7227231, 3.1604566 ], [ 101.722737800000019, 3.1610261 ], [ 101.7231986, 3.1610337 ], [ 101.7264565, 3.1622497 ], [ 101.7259666, 3.1616027 ] ] ], [ [ [ 101.7227234, 3.1610482 ], [ 101.7227058, 3.1603987 ], [ 101.721648, 3.1603899 ], [ 101.7216989, 3.1624116 ], [ 101.7232183, 3.1622611 ], [ 101.7231872, 3.1610519 ], [ 101.7227234, 3.1610482 ] ] ], [ [ [ 101.7196535, 3.1625466 ], [ 101.7204487, 3.1631559 ], [ 101.7207491, 3.1626832 ], [ 101.7198265, 3.1622158 ], [ 101.7196535, 3.1625466 ] ] ], [ [ [ 101.715488, 3.1625649 ], [ 101.715228, 3.1631537 ], [ 101.7159073, 3.1635883 ], [ 101.7163723, 3.1632395 ], [ 101.7160524, 3.1632193 ], [ 101.715488, 3.1625649 ] ] ], [ [ [ 101.7176918, 3.1642835 ], [ 101.7190977, 3.1634512 ], [ 101.7193008, 3.1633035 ], [ 101.7188125, 3.1629041 ], [ 101.718299300000012, 3.1631838 ], [ 101.7174838, 3.163422 ], [ 101.7175004, 3.1641976 ], [ 101.7176918, 3.1642835 ] ] ], [ [ [ 101.7201523, 3.1633982 ], [ 101.7194442, 3.1633741 ], [ 101.719363800000011, 3.1636794 ], [ 101.7195918, 3.1639258 ], [ 101.7199847, 3.1640651 ], [ 101.7201523, 3.1633982 ] ] ], [ [ [ 101.7233321, 3.1640986 ], [ 101.7233066, 3.1631077 ], [ 101.7229405, 3.163113 ], [ 101.722461700000011, 3.1633353 ], [ 101.7218877, 3.1637491 ], [ 101.7223839, 3.1643624 ], [ 101.7225784, 3.1644159 ], [ 101.7233321, 3.1640986 ] ] ], [ [ [ 101.7199498, 3.1641762 ], [ 101.7193826, 3.1639955 ], [ 101.7192015, 3.1641575 ], [ 101.719113, 3.1646489 ], [ 101.7197272, 3.1646623 ], [ 101.7198908, 3.1644494 ], [ 101.7199498, 3.1641762 ] ] ], [ [ [ 101.7213228, 3.166791 ], [ 101.721171, 3.1672538 ], [ 101.721262646248732, 3.167547366729488 ], [ 101.721371690129388, 3.167657256615871 ], [ 101.7219787, 3.1678735 ], [ 101.7226319, 3.1679276 ], [ 101.7228243, 3.1675731 ], [ 101.7227051, 3.1671158 ], [ 101.722182, 3.1668695 ], [ 101.721938100000017, 3.1665529 ], [ 101.7214068, 3.1664663 ], [ 101.7206995, 3.1661957 ], [ 101.7205368, 3.1662688 ], [ 101.7205883, 3.1665204 ], [ 101.7213228, 3.166791 ] ] ], [ [ [ 101.724060163916974, 3.168903778556332 ], [ 101.724938690086319, 3.168901587119521 ], [ 101.7249586, 3.1687793 ], [ 101.7227835, 3.168021 ], [ 101.7229067, 3.1685529 ], [ 101.7230609, 3.1686254 ], [ 101.723043284358724, 3.168678985464942 ], [ 101.724060163916974, 3.168903778556332 ] ] ], [ [ [ 101.7240331, 3.2161016 ], [ 101.724075311896016, 3.215565965938738 ], [ 101.723263437041325, 3.21523068550851 ], [ 101.722398679108878, 3.215060200326265 ], [ 101.721517446552596, 3.215062562138673 ], [ 101.720565354568933, 3.215269685822676 ], [ 101.7208618, 3.2155426 ], [ 101.720186400000017, 3.216292 ], [ 101.719572465972661, 3.215741190115236 ], [ 101.7222817, 3.2182196 ], [ 101.7228328, 3.2183123 ], [ 101.7233515, 3.2173025 ], [ 101.723582, 3.2175187 ], [ 101.7241281, 3.2167647 ], [ 101.72335, 3.2161272 ], [ 101.7234718, 3.2158559 ], [ 101.7237178, 3.2160816 ], [ 101.7240331, 3.2161016 ] ], [ [ 101.721516, 3.2174995 ], [ 101.7207483, 3.2167923 ], [ 101.7214096, 3.2160323 ], [ 101.7222364, 3.2167385 ], [ 101.721516, 3.2174995 ] ], [ [ 101.7207255, 3.2167544 ], [ 101.7202087, 3.2162846 ], [ 101.7208817, 3.2155468 ], [ 101.721398400000012, 3.2160165 ], [ 101.7207255, 3.2167544 ] ] ], [ [ [ 101.717558712621837, 3.218688328847697 ], [ 101.717497494591356, 3.220012876820984 ], [ 101.717821448288291, 3.221298251450815 ], [ 101.718011878531641, 3.221699836507669 ], [ 101.7179519, 3.2213725 ], [ 101.718365600000013, 3.22136 ], [ 101.7185908, 3.2217461 ], [ 101.7187067, 3.2220306 ], [ 101.718622, 3.2220906 ], [ 101.7189422, 3.2226992 ], [ 101.7191935, 3.2228097 ], [ 101.7194374, 3.2228218 ], [ 101.7192609, 3.2224302 ], [ 101.7197424, 3.2219745 ], [ 101.7199523, 3.2215632 ], [ 101.7205894, 3.2209697 ], [ 101.7213523, 3.2200154 ], [ 101.7214208, 3.2205458 ], [ 101.719793, 3.2223563 ], [ 101.7198757, 3.2227418 ], [ 101.7205741, 3.2235744 ], [ 101.720949107260537, 3.223953162164618 ], [ 101.721104783655917, 3.22399191273072 ], [ 101.721982011739229, 3.22407637544223 ], [ 101.722858777254501, 3.223987198770727 ], [ 101.723701386236854, 3.223727810137394 ], [ 101.72447745753918, 3.223308178135411 ], [ 101.725157167245285, 3.222744429376423 ], [ 101.725714394775906, 3.222058228694548 ], [ 101.726127726644634, 3.221275946535395 ], [ 101.726339361765795, 3.220597777673719 ], [ 101.7262466, 3.2193468 ], [ 101.7252077, 3.2186296 ], [ 101.7234188, 3.2185076 ], [ 101.7228013, 3.2191063 ], [ 101.7223262, 3.2189193 ], [ 101.7224785, 3.2187813 ], [ 101.7224369, 3.2184231 ], [ 101.7219074, 3.2183038 ], [ 101.7220072, 3.2180244 ], [ 101.719554872868031, 3.215751853294987 ], [ 101.718782852518359, 3.216371543501763 ], [ 101.7182256170031, 3.217057741759414 ], [ 101.717812275356494, 3.217840024446366 ], [ 101.717558712621837, 3.218688328847697 ] ] ], [ [ [ 101.7262975, 3.218578 ], [ 101.7246108, 3.217173 ], [ 101.7244936, 3.2171927 ], [ 101.72416920000002, 3.2176776 ], [ 101.7234807, 3.2184012 ], [ 101.7262975, 3.218578 ] ] ], [ [ [ 101.718069140649717, 3.221795283953182 ], [ 101.718727817424309, 3.222682099213827 ], [ 101.718515100000019, 3.2221663 ], [ 101.7182457, 3.2218429 ], [ 101.718069140649717, 3.221795283953182 ] ] ], [ [ [ 101.718893545028777, 3.222846445376538 ], [ 101.719000566205679, 3.222943419050386 ], [ 101.7190417, 3.2229035 ], [ 101.7189452, 3.2228155 ], [ 101.718893545028777, 3.222846445376538 ] ] ], [ [ [ 101.719602487316095, 3.223393442861124 ], [ 101.720125106188561, 3.223672991905456 ], [ 101.7196765, 3.2233118 ], [ 101.719602487316095, 3.223393442861124 ] ] ], [ [ [ 101.7251208, 3.2278985 ], [ 101.726005419609521, 3.227567318964273 ], [ 101.724855627165866, 3.227295205081953 ], [ 101.723829717586568, 3.227319545639259 ], [ 101.7239399, 3.2291376 ], [ 101.7249311, 3.2282722 ], [ 101.7251208, 3.2278985 ] ] ], [ [ [ 101.7222484, 3.2282077 ], [ 101.72232990000002, 3.2288097 ], [ 101.7219611, 3.2297126 ], [ 101.721727, 3.2299676 ], [ 101.7221171, 3.2303818 ], [ 101.7223583, 3.2301765 ], [ 101.7227271, 3.23001 ], [ 101.7235322, 3.2291 ], [ 101.723610279282781, 3.227352866923343 ], [ 101.723471108335474, 3.227380893862588 ], [ 101.7233939, 3.2290469 ], [ 101.7232804, 3.2290009 ], [ 101.723125404744934, 3.227468921172614 ], [ 101.722086977669647, 3.227941327265999 ], [ 101.7222484, 3.2282077 ] ] ], [ [ [ 101.7217979, 3.2281475 ], [ 101.72094439525624, 3.228935935121776 ], [ 101.720479920888508, 3.229634661319008 ], [ 101.7207765, 3.2299499 ], [ 101.7209503, 3.229872 ], [ 101.7211702, 3.229316 ], [ 101.7211347, 3.2287637 ], [ 101.7212695, 3.2286751 ], [ 101.7214717, 3.228792 ], [ 101.7218405, 3.2282467 ], [ 101.7217979, 3.2281475 ] ] ], [ [ [ 101.7222472, 3.235003 ], [ 101.722248, 3.2340492 ], [ 101.720486927724195, 3.233964986711736 ], [ 101.720959677175443, 3.234668792970413 ], [ 101.721350121986177, 3.235081083953709 ], [ 101.7221423, 3.2351008 ], [ 101.7222472, 3.235003 ] ] ], [ [ [ 101.721791413792928, 3.235446826797479 ], [ 101.722633373019008, 3.235932192611366 ], [ 101.7226654, 3.2355158 ], [ 101.721791413792928, 3.235446826797479 ] ] ], [ [ [ 101.7425581, 3.0776966 ], [ 101.7429024, 3.0766059 ], [ 101.7428021, 3.0764679 ], [ 101.7420676, 3.0762974 ], [ 101.7419321, 3.0763623 ], [ 101.7414259, 3.0780705 ], [ 101.7425934, 3.0782757 ], [ 101.7426367, 3.0781512 ], [ 101.7425581, 3.0776966 ] ] ], [ [ [ 101.740752009060557, 3.079652214370973 ], [ 101.741112, 3.0785359 ], [ 101.740782173610626, 3.078490259906347 ], [ 101.740752009060557, 3.079652214370973 ] ] ], [ [ [ 101.741410121824259, 3.081559931388053 ], [ 101.7416947, 3.0812924 ], [ 101.7426242, 3.0797812 ], [ 101.74076073686382, 3.079710332046615 ], [ 101.740922257166929, 3.080494725890986 ], [ 101.741410121824259, 3.081559931388053 ] ] ], [ [ [ 101.737946246729734, 3.087238625015395 ], [ 101.737266576243911, 3.087802300499247 ], [ 101.736483566486996, 3.088869350724839 ], [ 101.736042400887399, 3.090118945732206 ], [ 101.735958295566576, 3.091000652614912 ], [ 101.736155199473885, 3.092311754118131 ], [ 101.73663286739864, 3.093359937324908 ], [ 101.737996, 3.0935698 ], [ 101.7381474, 3.0935009 ], [ 101.7383393, 3.092327 ], [ 101.7395389, 3.0923628 ], [ 101.7397182, 3.0920351 ], [ 101.7404733, 3.0897911 ], [ 101.7406651, 3.0886251 ], [ 101.741259036461926, 3.086546519692103 ], [ 101.740441407337926, 3.086470682946316 ], [ 101.739564761555869, 3.086559772687786 ], [ 101.73872224897093, 3.086819074846388 ], [ 101.737946246729734, 3.087238625015395 ] ] ], [ [ [ 101.7401068, 3.0930824 ], [ 101.740058100219557, 3.095488299852074 ], [ 101.740905112767734, 3.0954844148481 ], [ 101.741768855350102, 3.095309368544565 ], [ 101.742582028942223, 3.094968292811751 ], [ 101.74331338370844, 3.094474295413828 ], [ 101.743661856379092, 3.094150683527554 ], [ 101.7429303, 3.0941731 ], [ 101.7427858, 3.0942905 ], [ 101.7420518, 3.0935814 ], [ 101.7422734, 3.0935156 ], [ 101.7427179, 3.0939391 ], [ 101.743746458787697, 3.094056359683029 ], [ 101.744196653846942, 3.093489531063587 ], [ 101.744609997824071, 3.092707296362713 ], [ 101.744894122441693, 3.091648367296192 ], [ 101.7443059, 3.0915562 ], [ 101.7443438, 3.0913444 ], [ 101.744926538252855, 3.091424706280806 ], [ 101.744924905402996, 3.090534513733532 ], [ 101.744750775819099, 3.089666237872108 ], [ 101.744411486527554, 3.088848794730342 ], [ 101.743920076255066, 3.088113597775044 ], [ 101.743295429433687, 3.087488899876717 ], [ 101.742737801298475, 3.087104283497793 ], [ 101.7419321, 3.0880251 ], [ 101.7411344, 3.0907119 ], [ 101.7411574, 3.0909512 ], [ 101.7407825, 3.0912477 ], [ 101.7401068, 3.0930824 ] ] ], [ [ [ 101.729803, 3.1010911 ], [ 101.72945186938415, 3.100924996725132 ], [ 101.728960568670644, 3.101361697163245 ], [ 101.7294918, 3.1016354 ], [ 101.729803, 3.1010911 ] ] ], [ [ [ 101.7288465, 3.1017942 ], [ 101.7289819, 3.1015284 ], [ 101.728865043152751, 3.101468196826691 ], [ 101.728664868953658, 3.101701097058886 ], [ 101.7288465, 3.1017942 ] ] ], [ [ [ 101.727991631009203, 3.102892287273652 ], [ 101.727766422006766, 3.103696286080524 ], [ 101.7281723, 3.1039358 ], [ 101.728895400000013, 3.1026692 ], [ 101.7285523, 3.1019818 ], [ 101.728484431867429, 3.101946987114107 ], [ 101.728442275142157, 3.102004436049144 ], [ 101.727991631009203, 3.102892287273652 ] ] ], [ [ [ 101.736666955481837, 3.104224711841973 ], [ 101.736483855665327, 3.103182214087404 ], [ 101.736020054046236, 3.102157176275101 ], [ 101.7363542, 3.1035191 ], [ 101.736666955481837, 3.104224711841973 ] ] ], [ [ [ 101.7288786, 3.1039431 ], [ 101.7291386, 3.1035381 ], [ 101.7307651, 3.1046166 ], [ 101.7313055, 3.1033964 ], [ 101.7294091, 3.1021344 ], [ 101.728499600000021, 3.1037273 ], [ 101.7288786, 3.1039431 ] ] ], [ [ [ 101.735976029508691, 3.106927435981861 ], [ 101.736490610658009, 3.105805418452251 ], [ 101.736660272685327, 3.104936242756087 ], [ 101.736678787186392, 3.104454666529464 ], [ 101.7362362, 3.1044725 ], [ 101.7363081, 3.1059186 ], [ 101.7355549, 3.1059938 ], [ 101.7357266, 3.1066473 ], [ 101.735976029508691, 3.106927435981861 ] ] ], [ [ [ 101.7304444, 3.1066035 ], [ 101.730413, 3.1064979 ], [ 101.7300135, 3.1063142 ], [ 101.729287680050845, 3.107954538076823 ], [ 101.729376269983035, 3.108029433179095 ], [ 101.729252444996206, 3.108034201872072 ], [ 101.7292166, 3.1081153 ], [ 101.7296611, 3.1081159 ], [ 101.7304444, 3.1066035 ] ] ], [ [ [ 101.7263841, 3.1112436 ], [ 101.7274886, 3.1122286 ], [ 101.7275658, 3.1121275 ], [ 101.727558, 3.1112688 ], [ 101.7279431, 3.1095917 ], [ 101.7277301, 3.1094451 ], [ 101.7263678, 3.1111643 ], [ 101.7263841, 3.1112436 ] ] ], [ [ [ 101.7300906, 3.1107909 ], [ 101.7307617, 3.1111231 ], [ 101.7311001, 3.1104669 ], [ 101.7307276, 3.1102964 ], [ 101.7305625, 3.1105472 ], [ 101.7302506, 3.1104048 ], [ 101.7300906, 3.1107909 ] ] ], [ [ [ 101.7274951, 3.1130687 ], [ 101.7273011, 3.1128695 ], [ 101.7263419, 3.1138192 ], [ 101.7266526, 3.114124 ], [ 101.7274259, 3.1133749 ], [ 101.7274951, 3.1130687 ] ] ], [ [ [ 101.7294482, 3.1144275 ], [ 101.7299198, 3.115012 ], [ 101.7302351, 3.1143407 ], [ 101.7296035, 3.1140398 ], [ 101.7294482, 3.1144275 ] ] ], [ [ [ 101.7260808, 3.1146832 ], [ 101.725399562730047, 3.114660178104597 ], [ 101.725663912453868, 3.115099040215954 ], [ 101.7260808, 3.1146832 ] ] ], [ [ [ 101.73086570000001, 3.1153043 ], [ 101.7303941, 3.1150905 ], [ 101.7299198, 3.115012 ], [ 101.7297491, 3.1153314 ], [ 101.730600100000018, 3.1157806 ], [ 101.73086570000001, 3.1153043 ] ] ], [ [ [ 101.727262410351372, 3.116537353339929 ], [ 101.727884300007346, 3.116805325797242 ], [ 101.7278756, 3.1160258 ], [ 101.7273638, 3.1153892 ], [ 101.7272513, 3.1153505 ], [ 101.72642627774195, 3.11595451386635 ], [ 101.727262410351372, 3.116537353339929 ] ] ], [ [ [ 101.730259320569516, 3.116976252466621 ], [ 101.731101858637189, 3.116716934123468 ], [ 101.731620202445995, 3.11645353583398 ], [ 101.7308, 3.1160829 ], [ 101.730540600000012, 3.1160604 ], [ 101.7295213, 3.1153031 ], [ 101.7289598, 3.1151818 ], [ 101.728525300000015, 3.1155983 ], [ 101.728332321544116, 3.116937691278282 ], [ 101.729382643531437, 3.11706535680893 ], [ 101.730259320569516, 3.116976252466621 ] ] ], [ [ [ 101.727093822793165, 3.118961041844095 ], [ 101.726147063795892, 3.119166187937569 ], [ 101.7273477, 3.1201615 ], [ 101.7282735, 3.1200968 ], [ 101.728003687927469, 3.118962951577252 ], [ 101.727093822793165, 3.118961041844095 ] ] ], [ [ [ 101.736615034251102, 3.126390702362276 ], [ 101.735634752223774, 3.127290842826136 ], [ 101.7364432, 3.1277559 ], [ 101.736644, 3.1276641 ], [ 101.737534260593435, 3.125919195657104 ], [ 101.736615034251102, 3.126390702362276 ] ] ], [ [ [ 101.727746894871416, 3.127965022820558 ], [ 101.728359388124304, 3.127897131808915 ], [ 101.7289758, 3.1264534 ], [ 101.7287387, 3.1262747 ], [ 101.7273852, 3.1276567 ], [ 101.727746894871416, 3.127965022820558 ] ] ], [ [ [ 101.728778397704048, 3.127798169546675 ], [ 101.729556215652181, 3.127492740704354 ], [ 101.7298574, 3.1269428 ], [ 101.7292953, 3.1266254 ], [ 101.728778397704048, 3.127798169546675 ] ] ], [ [ [ 101.7257118, 3.1273955 ], [ 101.726191300000011, 3.1277233 ], [ 101.726578, 3.1271594 ], [ 101.7260984, 3.1268316 ], [ 101.7257118, 3.1273955 ] ] ], [ [ [ 101.7401969, 3.1297892 ], [ 101.7428744, 3.1294764 ], [ 101.742530869687471, 3.127201222245942 ], [ 101.741609444846929, 3.126377602252471 ], [ 101.740831261416901, 3.125962105228268 ], [ 101.740190853908686, 3.125757863310681 ], [ 101.7387555, 3.1289054 ], [ 101.7401969, 3.1297892 ] ] ], [ [ [ 101.743419898145504, 3.128818101539895 ], [ 101.743080570370935, 3.128000668745253 ], [ 101.742726340672931, 3.127450463290157 ], [ 101.7430442, 3.1294256 ], [ 101.743542811773281, 3.129345223358756 ], [ 101.743419898145504, 3.128818101539895 ] ] ], [ [ [ 101.734715780203487, 3.13103405135817 ], [ 101.735163404192079, 3.132281330332674 ], [ 101.735866066197516, 3.133249537984529 ], [ 101.7360466, 3.1320418 ], [ 101.7359063, 3.131512 ], [ 101.735331, 3.1305197 ], [ 101.7353806, 3.1304729 ], [ 101.735225, 3.1301943 ], [ 101.734632433320797, 3.130038067050864 ], [ 101.734715780203487, 3.13103405135817 ] ] ], [ [ [ 101.7402863, 3.1311317 ], [ 101.740095900000014, 3.1314504 ], [ 101.7450017, 3.1342491 ], [ 101.7451465, 3.1339679 ], [ 101.7402863, 3.1311317 ] ] ], [ [ [ 101.7261918, 3.1336763 ], [ 101.7263782, 3.1335379 ], [ 101.7268917, 3.1325428 ], [ 101.7251526, 3.1330108 ], [ 101.7253825, 3.1338879 ], [ 101.7261918, 3.1336763 ] ] ], [ [ [ 101.736876564434212, 3.134049362226395 ], [ 101.737828447875089, 3.134468191505588 ], [ 101.73908526811536, 3.134657051880226 ], [ 101.7396967, 3.1332651 ], [ 101.7396284, 3.1330174 ], [ 101.7390998, 3.1326879 ], [ 101.7390629, 3.1327796 ], [ 101.7389028, 3.1327139 ], [ 101.7389522, 3.1325937 ], [ 101.7383594, 3.1322312 ], [ 101.7382855, 3.1324165 ], [ 101.7381246, 3.1323507 ], [ 101.7382117, 3.1321384 ], [ 101.7376529, 3.1317955 ], [ 101.7375746, 3.1318109 ], [ 101.7370522, 3.1329622 ], [ 101.7368657, 3.1337018 ], [ 101.736876564434212, 3.134049362226395 ] ] ], [ [ [ 101.7434084, 3.1340697 ], [ 101.744120100000018, 3.1345 ], [ 101.7440309, 3.1347955 ], [ 101.7447147, 3.1351196 ], [ 101.744999, 3.1343563 ], [ 101.7403304, 3.131628 ], [ 101.7396596, 3.1327992 ], [ 101.741550069995384, 3.133939107816481 ], [ 101.742158929807744, 3.133464711568164 ], [ 101.742097372501689, 3.133716883801497 ], [ 101.7424992, 3.1339572 ], [ 101.7423221, 3.1342732 ], [ 101.7430973, 3.1346348 ], [ 101.7434084, 3.1340697 ] ] ], [ [ [ 101.726931693234334, 3.134948577041484 ], [ 101.727087883013496, 3.134614370470019 ], [ 101.7260612, 3.134862 ], [ 101.726325694921911, 3.135818296491459 ], [ 101.726931693234334, 3.134948577041484 ] ] ], [ [ [ 101.7431429, 3.1367184 ], [ 101.7436438, 3.1355236 ], [ 101.7428365, 3.1351862 ], [ 101.742360770244247, 3.136320961245811 ], [ 101.742402436160035, 3.136408933301794 ], [ 101.7431429, 3.1367184 ] ] ], [ [ [ 101.7269389, 3.1614262 ], [ 101.7264565, 3.1622497 ], [ 101.7272243, 3.1625322 ], [ 101.7275935, 3.1615806 ], [ 101.728257761052419, 3.16194891007644 ], [ 101.727522966544385, 3.161079237871203 ], [ 101.7274516, 3.1614153 ], [ 101.727498118329351, 3.161056719173239 ], [ 101.727448436905107, 3.161011695369097 ], [ 101.727396100000021, 3.1614159 ], [ 101.7269389, 3.1614262 ] ] ], [ [ [ 101.7300028, 3.1612396 ], [ 101.7299905, 3.1616493 ], [ 101.7306693, 3.1616824 ], [ 101.7306727, 3.1612242 ], [ 101.7300028, 3.1612396 ] ] ], [ [ [ 101.7315608, 3.1622595 ], [ 101.73155, 3.1630547 ], [ 101.7321494, 3.1630516 ], [ 101.732186200000015, 3.162364 ], [ 101.732058400000014, 3.1622456 ], [ 101.7315608, 3.1622595 ] ] ], [ [ [ 101.7366664, 3.1630099 ], [ 101.73700494052413, 3.163007829951429 ], [ 101.736464760521031, 3.162833765462894 ], [ 101.7366664, 3.1630099 ] ] ], [ [ [ 101.7352977, 3.1641187 ], [ 101.73581, 3.1641174 ], [ 101.735789, 3.1647974 ], [ 101.7365932, 3.1647469 ], [ 101.7365097, 3.1632446 ], [ 101.735932, 3.1632925 ], [ 101.73579277917483, 3.162709186149862 ], [ 101.735649266963136, 3.1627004879837 ], [ 101.735554397229038, 3.162547601119141 ], [ 101.7353514, 3.1626136 ], [ 101.7352977, 3.1641187 ] ] ], [ [ [ 101.726139900000021, 3.1634481 ], [ 101.7261184, 3.1638565 ], [ 101.7264604, 3.1639275 ], [ 101.7264497, 3.1634267 ], [ 101.726139900000021, 3.1634481 ] ] ], [ [ [ 101.7342989, 3.1632556 ], [ 101.7341583, 3.1631923 ], [ 101.7327317, 3.1632267 ], [ 101.732744, 3.163359 ], [ 101.733765100000014, 3.1641546 ], [ 101.7343574, 3.1634553 ], [ 101.7342989, 3.1632556 ] ] ], [ [ [ 101.739080188894931, 3.164692676973387 ], [ 101.738330939745367, 3.163834668285526 ], [ 101.7384031, 3.1646273 ], [ 101.739080188894931, 3.164692676973387 ] ] ], [ [ [ 101.73079420000002, 3.1667415 ], [ 101.7306973, 3.166647 ], [ 101.7302702, 3.1669679 ], [ 101.7301579, 3.1673943 ], [ 101.7306026, 3.167491 ], [ 101.73079420000002, 3.1667415 ] ] ], [ [ [ 101.735523200000017, 3.1665532 ], [ 101.7355546, 3.1681064 ], [ 101.7367064, 3.1680815 ], [ 101.7366977, 3.1668973 ], [ 101.7361586, 3.1668908 ], [ 101.736152500000017, 3.1665522 ], [ 101.735523200000017, 3.1665532 ] ] ], [ [ [ 101.7297765, 3.1677358 ], [ 101.7296383, 3.1683853 ], [ 101.7291776, 3.1683366 ], [ 101.729140894111168, 3.168696578758984 ], [ 101.729731491755544, 3.169080439097184 ], [ 101.730546491874577, 3.169417244027732 ], [ 101.731231, 3.169512 ], [ 101.7319394, 3.1693243 ], [ 101.7319719, 3.1690943 ], [ 101.7323568, 3.1691728 ], [ 101.7324001, 3.1689644 ], [ 101.7311425, 3.1687669 ], [ 101.7310423, 3.1686965 ], [ 101.7301018, 3.1685991 ], [ 101.7302671, 3.1678413 ], [ 101.7297765, 3.1677358 ] ] ], [ [ [ 101.7357454, 3.1748836 ], [ 101.7374344, 3.1750818 ], [ 101.7380695, 3.1744576 ], [ 101.7386079, 3.1752957 ], [ 101.7388043, 3.1758428 ], [ 101.7373822, 3.1761527 ], [ 101.7377211, 3.177658 ], [ 101.7380727, 3.1775378 ], [ 101.7391179, 3.1773639 ], [ 101.7393839, 3.1773639 ], [ 101.7395043, 3.1774335 ], [ 101.74001991001478, 3.177414431288913 ], [ 101.740314589912828, 3.176190958233781 ], [ 101.740312253315011, 3.175305214572468 ], [ 101.740138051697855, 3.17443694821249 ], [ 101.739798679786574, 3.173619525711476 ], [ 101.739307179491576, 3.172884359739428 ], [ 101.73868243870929, 3.172259701971154 ], [ 101.737948465499244, 3.171769557442171 ], [ 101.737002519050719, 3.171400161618076 ], [ 101.737473424531814, 3.171183179166337 ], [ 101.738204806601971, 3.170689137139966 ], [ 101.738826248203694, 3.170061163901828 ], [ 101.739174876654275, 3.169557891006503 ], [ 101.7385187, 3.1696102 ], [ 101.7380939, 3.1694347 ], [ 101.7375425, 3.1695617 ], [ 101.7374438, 3.1699445 ], [ 101.7371656, 3.1700106 ], [ 101.7368548, 3.1702454 ], [ 101.7366885, 3.1699804 ], [ 101.7365445, 3.1682427 ], [ 101.7353566, 3.1682993 ], [ 101.7353662, 3.1721983 ], [ 101.735265200000015, 3.1725941 ], [ 101.7352709, 3.1734144 ], [ 101.7354227, 3.174183 ], [ 101.735655, 3.1748213 ], [ 101.7357454, 3.1748836 ] ] ], [ [ [ 101.7338745, 3.1760389 ], [ 101.7328963, 3.1777648 ], [ 101.733356400000019, 3.1780191 ], [ 101.7337179, 3.1780765 ], [ 101.7344039, 3.177695 ], [ 101.7352296, 3.1777073 ], [ 101.7358951, 3.1770716 ], [ 101.7351886, 3.1755744 ], [ 101.7348101, 3.1757658 ], [ 101.734573200000014, 3.175012 ], [ 101.7349766, 3.1747701 ], [ 101.7346856, 3.1733005 ], [ 101.7342574, 3.173349 ], [ 101.7328785, 3.1746802 ], [ 101.7329041, 3.1753944 ], [ 101.733308, 3.1754171 ], [ 101.7336834, 3.1760145 ], [ 101.7338745, 3.1760389 ] ] ], [ [ [ 101.731944, 3.1745954 ], [ 101.7324026, 3.1754039 ], [ 101.7327576, 3.1754012 ], [ 101.7327884, 3.175159 ], [ 101.7328765, 3.1750513 ], [ 101.732784, 3.1744051 ], [ 101.7326475, 3.1743259 ], [ 101.732136800000021, 3.1742908 ], [ 101.731944, 3.1745954 ] ] ], [ [ [ 101.7387259, 3.1758345 ], [ 101.738617500000018, 3.1753962 ], [ 101.7383735, 3.1750687 ], [ 101.7377502, 3.1756884 ], [ 101.7380076, 3.1759915 ], [ 101.7387259, 3.1758345 ] ] ], [ [ [ 101.739322297086161, 3.178617135661682 ], [ 101.739897490270749, 3.177691956650435 ], [ 101.7385811, 3.1777669 ], [ 101.738728261966358, 3.179220011564833 ], [ 101.739322297086161, 3.178617135661682 ] ] ], [ [ [ 101.735851908442669, 3.180278326817631 ], [ 101.736728628498355, 3.180189171231877 ], [ 101.737350253961012, 3.1800099334152 ], [ 101.7367526, 3.1786632 ], [ 101.7365927, 3.1785928 ], [ 101.7362674, 3.1787985 ], [ 101.7357389, 3.1780922 ], [ 101.7354001, 3.1780732 ], [ 101.733910169077404, 3.179834798530786 ], [ 101.734974729783858, 3.180193844899222 ], [ 101.735851908442669, 3.180278326817631 ] ] ], [ [ [ 101.737986160436677, 3.179729045285125 ], [ 101.738537613160176, 3.179367483908871 ], [ 101.7384781, 3.1788329 ], [ 101.737885300000016, 3.1789775 ], [ 101.7376497, 3.1791602 ], [ 101.737986160436677, 3.179729045285125 ] ] ], [ [ [ 101.734282962565246, 3.195989577986763 ], [ 101.733725744118331, 3.196675766637797 ], [ 101.733312414663828, 3.197458038767001 ], [ 101.732995292877703, 3.198745114579647 ], [ 101.732997640476682, 3.199630863280708 ], [ 101.733201194615717, 3.200580852858876 ], [ 101.735046600000018, 3.2016039 ], [ 101.7356384, 3.2012976 ], [ 101.736302400000014, 3.2003428 ], [ 101.7366164, 3.1996402 ], [ 101.7367968, 3.198952 ], [ 101.736797, 3.1986359 ], [ 101.7373473, 3.1968621 ], [ 101.7376477, 3.1961015 ], [ 101.738402230241562, 3.194758834992201 ], [ 101.737458013520381, 3.194657680981616 ], [ 101.73615365493356, 3.194855732614243 ], [ 101.735340425567188, 3.195196872636833 ], [ 101.734282962565246, 3.195989577986763 ] ] ], [ [ [ 101.7399949, 3.1962114 ], [ 101.740651934917636, 3.195985627857341 ], [ 101.739957403613886, 3.195412461528957 ], [ 101.739121550790685, 3.194976468652523 ], [ 101.7385054, 3.1958709 ], [ 101.739741100000018, 3.1964098 ], [ 101.7399949, 3.1962114 ] ] ], [ [ [ 101.7389901, 3.198102 ], [ 101.7391659, 3.1974881 ], [ 101.737952, 3.1970318 ], [ 101.7378152, 3.1975487 ], [ 101.738008, 3.1977595 ], [ 101.7382875, 3.1979645 ], [ 101.7387695, 3.1981215 ], [ 101.7389901, 3.198102 ] ] ], [ [ [ 101.7394136, 3.1982501 ], [ 101.7401469, 3.1984347 ], [ 101.7402622, 3.1983796 ], [ 101.7403533, 3.1980796 ], [ 101.7403119, 3.1979625 ], [ 101.7400832, 3.1978478 ], [ 101.7395626, 3.1973904 ], [ 101.739472, 3.197413 ], [ 101.7392881, 3.1980537 ], [ 101.7394136, 3.1982501 ] ] ], [ [ [ 101.737633, 3.1996088 ], [ 101.7374235, 3.1996965 ], [ 101.7373136, 3.2000488 ], [ 101.7380453, 3.2005809 ], [ 101.7383027, 3.200465 ], [ 101.7381266, 3.1999589 ], [ 101.7382643, 3.1995115 ], [ 101.7383939, 3.1993276 ], [ 101.738333719561169, 3.19927572571732 ], [ 101.7387696, 3.1989721 ], [ 101.7387221, 3.1989226 ], [ 101.7388133, 3.1985283 ], [ 101.7387637, 3.1984188 ], [ 101.7385716, 3.1983687 ], [ 101.7384601, 3.1987879 ], [ 101.7378462, 3.1986562 ], [ 101.7377178, 3.199147 ], [ 101.738277658276701, 3.199283871050215 ], [ 101.7379095, 3.1992089 ], [ 101.7376933, 3.19931 ], [ 101.737633, 3.1996088 ] ] ], [ [ [ 101.7405811, 3.1988472 ], [ 101.7392224, 3.1984979 ], [ 101.7391151, 3.1985816 ], [ 101.7388336, 3.1997952 ], [ 101.7411718, 3.1998726 ], [ 101.74144, 3.1994236 ], [ 101.7405811, 3.1988472 ] ] ], [ [ [ 101.73178401369465, 3.201232660045442 ], [ 101.730479640577443, 3.201430712508937 ], [ 101.729666402137681, 3.201771854055086 ], [ 101.72907493503385, 3.202161014673058 ], [ 101.7293182, 3.2034212 ], [ 101.7292929, 3.2041706 ], [ 101.729133, 3.2041724 ], [ 101.7291565, 3.2034481 ], [ 101.728938970314985, 3.202262937121479 ], [ 101.728169406951281, 3.203090341301161 ], [ 101.7283763, 3.2042067 ], [ 101.7287462, 3.207345 ], [ 101.7290993, 3.2073008 ], [ 101.7334033, 3.203922 ], [ 101.7335977, 3.2035818 ], [ 101.7339338, 3.2034969 ], [ 101.7341106, 3.2033419 ], [ 101.7346555, 3.2025024 ], [ 101.734439, 3.201598 ], [ 101.733335221415047, 3.20094501145453 ], [ 101.733727457537285, 3.201676939057785 ], [ 101.732661213782279, 3.201317129462061 ], [ 101.73178401369465, 3.201232660045442 ] ] ], [ [ [ 101.7349557, 3.2034429 ], [ 101.7294774, 3.2076777 ], [ 101.7288908, 3.2082296 ], [ 101.7301226, 3.2092189 ], [ 101.7305116, 3.2097338 ], [ 101.7313538, 3.2100261 ], [ 101.7313358, 3.2101518 ], [ 101.731472505061021, 3.210253675939671 ], [ 101.732174165013845, 3.210250272684198 ], [ 101.7316974, 3.2097257 ], [ 101.7316016, 3.2098195 ], [ 101.73158260000001, 3.2095826 ], [ 101.735501900000017, 3.2057971 ], [ 101.7354297, 3.2052964 ], [ 101.736138650553045, 3.204604367780365 ], [ 101.735944439060404, 3.204010765047023 ], [ 101.735538559594175, 3.203250051421297 ], [ 101.736136979845313, 3.203489135344986 ], [ 101.7356168, 3.2031351 ], [ 101.7349557, 3.2034429 ] ] ], [ [ [ 101.736207182106597, 3.206620646741153 ], [ 101.736274427580298, 3.205413282272353 ], [ 101.7319781, 3.2096132 ], [ 101.7319781, 3.2098258 ], [ 101.732354043148462, 3.210230381299064 ], [ 101.733112384484684, 3.210071275957684 ], [ 101.733925623665016, 3.209730127046543 ], [ 101.734657021132492, 3.209236062820146 ], [ 101.735278469874189, 3.208608070233215 ], [ 101.735953633398694, 3.20746894051274 ], [ 101.736207182106597, 3.206620646741153 ] ] ], [ [ [ 101.7253256, 3.2281256 ], [ 101.7250655, 3.2284041 ], [ 101.7260605, 3.2294592 ], [ 101.726256400000011, 3.2291137 ], [ 101.7259045, 3.2287709 ], [ 101.7261392, 3.2286437 ], [ 101.7261875, 3.2285259 ], [ 101.7260845, 3.2282231 ], [ 101.7264226, 3.2281015 ], [ 101.726458194148563, 3.227765971603546 ], [ 101.726329692371522, 3.227705306795034 ], [ 101.7253256, 3.2281256 ] ] ], [ [ [ 101.789705269712286, 2.97830108745162 ], [ 101.78959086065521, 2.978318447154964 ], [ 101.7897054, 2.9783164 ], [ 101.789705269712286, 2.97830108745162 ] ] ], [ [ [ 101.7907153, 2.9791268 ], [ 101.7907483, 2.9795039 ], [ 101.793423432806449, 2.979553087980111 ], [ 101.792386429891266, 2.978787964231873 ], [ 101.791583694789821, 2.978455389770523 ], [ 101.7908144, 2.9785142 ], [ 101.7907153, 2.9791268 ] ] ], [ [ [ 101.793935640077564, 2.980160318413485 ], [ 101.793573822783756, 2.979714275621964 ], [ 101.793825, 2.9801212 ], [ 101.793935640077564, 2.980160318413485 ] ] ], [ [ [ 101.790731, 2.9802698 ], [ 101.7907593, 2.9821595 ], [ 101.7908493, 2.9822175 ], [ 101.7911043, 2.982206 ], [ 101.7911241, 2.9825904 ], [ 101.7942466, 2.9825318 ], [ 101.794262155508363, 2.980693251381658 ], [ 101.794030992588858, 2.980296129339709 ], [ 101.790731, 2.9802698 ] ] ], [ [ [ 101.794270216966495, 2.980710275325321 ], [ 101.7942706, 2.9846902 ], [ 101.794344156514072, 2.984689360468292 ], [ 101.794581852318274, 2.984078566713131 ], [ 101.794772049854089, 2.982766532068162 ], [ 101.794683471363598, 2.981885311536752 ], [ 101.794270216966495, 2.980710275325321 ] ] ], [ [ [ 101.7909501, 2.983313 ], [ 101.7940628, 2.9833561 ], [ 101.7941566, 2.9825842 ], [ 101.7908528, 2.9826322 ], [ 101.7909501, 2.983313 ] ] ], [ [ [ 101.7880645, 2.9837774 ], [ 101.787659500000018, 2.9815461 ], [ 101.7877319, 2.9809408 ], [ 101.7875871, 2.980456 ], [ 101.7874986, 2.9796765 ], [ 101.787012627783966, 2.97967996765512 ], [ 101.786534999823488, 2.980277371916606 ], [ 101.786262315836723, 2.980758624562368 ], [ 101.786643, 2.9816158 ], [ 101.786967500000017, 2.9818703 ], [ 101.78736450000001, 2.9825774 ], [ 101.7873967, 2.9831613 ], [ 101.7871982, 2.9832845 ], [ 101.7872143, 2.983997 ], [ 101.7868254, 2.9840774 ], [ 101.7867717, 2.9843988 ], [ 101.786823057605744, 2.985666148604234 ], [ 101.787310958848096, 2.986164660345811 ], [ 101.7880484, 2.9861319 ], [ 101.788020963022959, 2.986679015162611 ], [ 101.788178887322303, 2.986772449703075 ], [ 101.7892393, 2.9867426 ], [ 101.7893037, 2.9851863 ], [ 101.7896149, 2.9851542 ], [ 101.7897892, 2.9836328 ], [ 101.7880645, 2.9837774 ] ] ], [ [ [ 101.7941359, 2.9837205 ], [ 101.7925452, 2.9836707 ], [ 101.7925452, 2.9843865 ], [ 101.7931661, 2.9843712 ], [ 101.793257814502539, 2.986153386565187 ], [ 101.793759192112205, 2.98563540256231 ], [ 101.794233365213785, 2.984920347557948 ], [ 101.7941359, 2.9837205 ] ] ], [ [ [ 101.790774202255577, 2.987266523242331 ], [ 101.79135327604655, 2.987159394818378 ], [ 101.791158, 2.9858901 ], [ 101.790867500000019, 2.9860352 ], [ 101.790774202255577, 2.987266523242331 ] ] ], [ [ [ 101.785788, 2.9922336 ], [ 101.7860875, 2.9912958 ], [ 101.7861097, 2.9910435 ], [ 101.7852051, 2.9914164 ], [ 101.7851743, 2.9915013 ], [ 101.785316, 2.9916071 ], [ 101.7847829, 2.9926142 ], [ 101.7848301, 2.9927131 ], [ 101.7853501, 2.9929897 ], [ 101.785788, 2.9922336 ] ] ], [ [ [ 101.7852097, 2.993163 ], [ 101.7835619, 2.9924238 ], [ 101.782185, 2.9935844 ], [ 101.7822274, 2.9943753 ], [ 101.783086800000021, 2.9940221 ], [ 101.7838429, 2.9941179 ], [ 101.7852097, 2.993163 ] ] ], [ [ [ 101.782152173866621, 2.992878927145111 ], [ 101.781927998188763, 2.993643807439903 ], [ 101.781862729369266, 2.994118454813362 ], [ 101.7821381, 2.9940176 ], [ 101.7819744, 2.9937188 ], [ 101.7825964, 2.9931892 ], [ 101.7823237, 2.9928135 ], [ 101.782152173866621, 2.992878927145111 ] ] ], [ [ [ 101.7860772, 2.9979642 ], [ 101.7853342, 2.9971473 ], [ 101.7845242, 2.9979348 ], [ 101.7855273, 2.9985481 ], [ 101.7860772, 2.9979642 ] ] ], [ [ [ 101.767145855723712, 3.028606550183354 ], [ 101.767805533676054, 3.02950939962602 ], [ 101.7677249, 3.028654 ], [ 101.767145855723712, 3.028606550183354 ] ] ], [ [ [ 101.7711075, 3.0291991 ], [ 101.7702646, 3.0298529 ], [ 101.7710027, 3.0308393 ], [ 101.7718, 3.0301604 ], [ 101.7711075, 3.0291991 ] ] ], [ [ [ 101.7723194, 3.0419581 ], [ 101.7725774, 3.041104 ], [ 101.7725844, 3.0406547 ], [ 101.7724125, 3.0405711 ], [ 101.7716706, 3.0411496 ], [ 101.7722259, 3.0419568 ], [ 101.7723194, 3.0419581 ] ] ], [ [ [ 101.770213163964428, 3.044542061750861 ], [ 101.770895664878154, 3.045102198626036 ], [ 101.771556519688346, 3.04546234592638 ], [ 101.770952296489568, 3.046504709938773 ], [ 101.770698708480495, 3.047352955413429 ], [ 101.770614605999739, 3.048234636888065 ], [ 101.770774167658445, 3.049397525627325 ], [ 101.773174, 3.0492746 ], [ 101.7733465, 3.0491761 ], [ 101.7733618, 3.0486942 ], [ 101.7732853, 3.048561 ], [ 101.7734421, 3.0480853 ], [ 101.771454, 3.0480895 ], [ 101.7712412, 3.0486532 ], [ 101.7711007, 3.0486553 ], [ 101.7712741, 3.0481734 ], [ 101.7712741, 3.0475157 ], [ 101.7714864, 3.0475097 ], [ 101.7716691, 3.0476413 ], [ 101.773558800000018, 3.0475858 ], [ 101.773622700000018, 3.047719 ], [ 101.774722, 3.0477104 ], [ 101.7747145, 3.0473695 ], [ 101.7745589, 3.0466953 ], [ 101.7748614, 3.0449603 ], [ 101.7739414, 3.0433131 ], [ 101.7738046, 3.0433131 ], [ 101.772905, 3.0436878 ], [ 101.7714147, 3.0417138 ], [ 101.77027, 3.0425298 ], [ 101.7701233, 3.0423419 ], [ 101.769183653198183, 3.042935220509134 ], [ 101.769652479134805, 3.043858831841819 ], [ 101.770213163964428, 3.044542061750861 ] ] ], [ [ [ 101.771975590437407, 3.051459091260707 ], [ 101.7725068, 3.0506127 ], [ 101.771312955160923, 3.050633595631452 ], [ 101.771642131668443, 3.051098313553983 ], [ 101.771975590437407, 3.051459091260707 ] ] ], [ [ [ 101.769725205052964, 3.059074979699233 ], [ 101.769115410421762, 3.05984023968587 ], [ 101.769359, 3.0598814 ], [ 101.769725205052964, 3.059074979699233 ] ] ], [ [ [ 101.768404539115636, 3.062284681160805 ], [ 101.768493164554584, 3.063165916349852 ], [ 101.768751105093259, 3.064012837188386 ], [ 101.769168448356297, 3.064792896551015 ], [ 101.769645285564152, 3.065383573772096 ], [ 101.771236900000019, 3.0634222 ], [ 101.7707682, 3.0630592 ], [ 101.7712036, 3.0624971 ], [ 101.7716989, 3.0628929 ], [ 101.7728504, 3.0611869 ], [ 101.773116, 3.0604023 ], [ 101.7734037, 3.0598185 ], [ 101.7698093, 3.0593856 ], [ 101.7688134, 3.0615455 ], [ 101.768477579898331, 3.061479270315384 ], [ 101.768404539115636, 3.062284681160805 ] ] ], [ [ [ 101.7736211, 3.06264 ], [ 101.7736517, 3.0627873 ], [ 101.7753073, 3.0633874 ], [ 101.7753992, 3.0633541 ], [ 101.7753519, 3.0629929 ], [ 101.7738465, 3.0624427 ], [ 101.7736211, 3.06264 ] ] ], [ [ [ 101.77118979098023, 3.066451746455828 ], [ 101.772033585945721, 3.066706662857249 ], [ 101.773309964795729, 3.066770430861838 ], [ 101.7743523, 3.0653258 ], [ 101.7720672, 3.0644465 ], [ 101.7722339, 3.0643289 ], [ 101.7724395, 3.0638279 ], [ 101.7730768, 3.0630622 ], [ 101.7726336, 3.0627685 ], [ 101.770117087912553, 3.065817789841524 ], [ 101.77118979098023, 3.066451746455828 ] ] ], [ [ [ 101.763099900291309, 3.067082669679317 ], [ 101.762236195406373, 3.067257709805246 ], [ 101.761773762292052, 3.06743091343979 ], [ 101.7625501, 3.0677964 ], [ 101.7621651, 3.068585 ], [ 101.7622127, 3.0687515 ], [ 101.7623754, 3.068803 ], [ 101.7628953, 3.0695797 ], [ 101.7634073, 3.0697382 ], [ 101.7636216, 3.0699205 ], [ 101.7647327, 3.0695242 ], [ 101.765463, 3.0689457 ], [ 101.764951, 3.0682284 ], [ 101.7647566, 3.0683512 ], [ 101.7642208, 3.0679312 ], [ 101.7642288, 3.0677496 ], [ 101.7648086, 3.0678176 ], [ 101.765494537138252, 3.067509414505348 ], [ 101.764417441106346, 3.067144308978048 ], [ 101.763099900291309, 3.067082669679317 ] ] ], [ [ [ 101.7619295, 3.0681447 ], [ 101.761520146212177, 3.067552304310229 ], [ 101.760691726824732, 3.068092762233299 ], [ 101.759808484292591, 3.069077508201025 ], [ 101.759247629460191, 3.070277596865226 ], [ 101.759077969506393, 3.071146755241004 ], [ 101.759146090704917, 3.072470919224393 ], [ 101.759259088690385, 3.072913907490209 ], [ 101.75978240000002, 3.0733609 ], [ 101.7598936, 3.0733363 ], [ 101.7600399, 3.0735225 ], [ 101.7623007, 3.0716998 ], [ 101.7617893, 3.0707836 ], [ 101.7614565, 3.070984 ], [ 101.7612534, 3.0706613 ], [ 101.7616644, 3.0704661 ], [ 101.7621808, 3.0697652 ], [ 101.7620676, 3.0695113 ], [ 101.7623557, 3.0695064 ], [ 101.7621402, 3.0690667 ], [ 101.7618685, 3.0690917 ], [ 101.7614635, 3.0684298 ], [ 101.7619295, 3.0681447 ] ] ], [ [ [ 101.76707048770993, 3.068772141213174 ], [ 101.7647292, 3.0707612 ], [ 101.7647266, 3.0711878 ], [ 101.7661161, 3.0715763 ], [ 101.7669393, 3.0712861 ], [ 101.767960708739864, 3.070703861983522 ], [ 101.76769993978219, 3.069838149074679 ], [ 101.76707048770993, 3.068772141213174 ] ] ], [ [ [ 101.7645322, 3.0727894 ], [ 101.7653652, 3.07401 ], [ 101.765394700000016, 3.0741707 ], [ 101.7649788, 3.0744708 ], [ 101.7648446, 3.0747253 ], [ 101.764998717213132, 3.075850814429491 ], [ 101.76568097047118, 3.075557204956287 ], [ 101.766412295013339, 3.075063212994556 ], [ 101.767295526545652, 3.074078462656438 ], [ 101.767708850718279, 3.073296240676408 ], [ 101.767962429382493, 3.072447988551228 ], [ 101.768046518212955, 3.071566303930258 ], [ 101.768000165999467, 3.070966574344201 ], [ 101.7673177, 3.0713627 ], [ 101.7672486, 3.0713177 ], [ 101.7658595, 3.0720353 ], [ 101.7645322, 3.0727894 ] ] ], [ [ [ 101.7627369, 3.072484 ], [ 101.76230120000001, 3.0729255 ], [ 101.761841, 3.0739372 ], [ 101.761926700000018, 3.0741049 ], [ 101.7641981, 3.0725029 ], [ 101.7642116, 3.0724354 ], [ 101.7639496, 3.0720687 ], [ 101.7627369, 3.072484 ] ] ], [ [ [ 101.7638404, 3.0752202 ], [ 101.7628434, 3.0736528 ], [ 101.7621778, 3.074129 ], [ 101.7628534, 3.0756679 ], [ 101.7638404, 3.0752202 ] ] ], [ [ [ 101.762822063178362, 3.07603154092968 ], [ 101.7625388, 3.0754002 ], [ 101.7618298, 3.0740325 ], [ 101.7615713, 3.0746485 ], [ 101.760934978228605, 3.07524512348463 ], [ 101.761842758824216, 3.075756777317841 ], [ 101.762822063178362, 3.07603154092968 ] ] ], [ [ [ 101.744251028186639, 3.074763345324449 ], [ 101.743091049646253, 3.075192692040635 ], [ 101.742578424554864, 3.0755227279507 ], [ 101.7442155, 3.0755814 ], [ 101.744251028186639, 3.074763345324449 ] ] ], [ [ [ 101.7461014, 3.076361 ], [ 101.7459458, 3.0763583 ], [ 101.7459297, 3.0766088 ], [ 101.7460477, 3.0768418 ], [ 101.7460316, 3.0774913 ], [ 101.746375, 3.0774913 ], [ 101.747016, 3.0762619 ], [ 101.7470095, 3.0756908 ], [ 101.7474347, 3.0756998 ], [ 101.747633002371643, 3.075364114212218 ], [ 101.746929323525521, 3.074993186256224 ], [ 101.746086939475617, 3.074738606868302 ], [ 101.7460724, 3.0754205 ], [ 101.7461564, 3.0756727 ], [ 101.7461, 3.0757878 ], [ 101.7461014, 3.076361 ] ] ], [ [ [ 101.763060368107134, 3.076066442597463 ], [ 101.763992863401029, 3.076073911674808 ], [ 101.76391510000002, 3.0753234 ], [ 101.7629339, 3.075775 ], [ 101.763060368107134, 3.076066442597463 ] ] ], [ [ [ 101.7446274, 3.0806029 ], [ 101.7451405, 3.0809684 ], [ 101.7456437, 3.0809836 ], [ 101.7459931, 3.0806886 ], [ 101.7459869, 3.0799067 ], [ 101.7454163, 3.0798975 ], [ 101.7454866, 3.0801382 ], [ 101.7446274, 3.0806029 ] ] ], [ [ [ 101.745541156511237, 3.083674206392952 ], [ 101.746558735540617, 3.083484046883059 ], [ 101.74874, 3.0813392 ], [ 101.7481992, 3.0807719 ], [ 101.7470862, 3.0805776 ], [ 101.7468995, 3.0806437 ], [ 101.7459578, 3.0814985 ], [ 101.7461329, 3.0822951 ], [ 101.7464714, 3.0824583 ], [ 101.7466154, 3.0826487 ], [ 101.745541156511237, 3.083674206392952 ] ] ], [ [ [ 101.7427226, 3.1323641 ], [ 101.7451857, 3.1337968 ], [ 101.7453305, 3.133463 ], [ 101.743374, 3.1322939 ], [ 101.7428078, 3.1322259 ], [ 101.7427226, 3.1323641 ] ] ], [ [ [ 101.746962400000015, 3.1324574 ], [ 101.7465869, 3.133984 ], [ 101.7479092, 3.1347285 ], [ 101.748105, 3.1343857 ], [ 101.748502, 3.1327199 ], [ 101.7471287, 3.1323503 ], [ 101.746962400000015, 3.1324574 ] ] ], [ [ [ 101.7528627, 3.136248 ], [ 101.7528641, 3.1339099 ], [ 101.752526661999596, 3.133828655507114 ], [ 101.751542844570906, 3.134047276624992 ], [ 101.7512657, 3.1351149 ], [ 101.7515722, 3.1357374 ], [ 101.7528627, 3.136248 ] ] ], [ [ [ 101.7554623, 3.1360253 ], [ 101.756505920192836, 3.135529155517579 ], [ 101.756446047517542, 3.135448450854207 ], [ 101.755821347335015, 3.134823792386131 ], [ 101.755087418222089, 3.134333643680382 ], [ 101.7547352, 3.1342184 ], [ 101.7547865, 3.134565 ], [ 101.7554623, 3.1360253 ] ] ], [ [ [ 101.7455452, 3.1346028 ], [ 101.7450193, 3.1355484 ], [ 101.7460585, 3.1361881 ], [ 101.7466468, 3.135246 ], [ 101.7455452, 3.1346028 ] ] ], [ [ [ 101.7541858, 3.1365067 ], [ 101.754559900000018, 3.1363952 ], [ 101.7546024, 3.1351113 ], [ 101.7530432, 3.1351031 ], [ 101.7530514, 3.1363331 ], [ 101.7541858, 3.1365067 ] ] ], [ [ [ 101.750819400000012, 3.1365524 ], [ 101.7527345, 3.1377013 ], [ 101.7528245, 3.1374333 ], [ 101.7528525, 3.1364346 ], [ 101.7520854, 3.1361694 ], [ 101.7515917, 3.1359123 ], [ 101.7513535, 3.1357584 ], [ 101.7512134, 3.1355486 ], [ 101.7509939, 3.13629 ], [ 101.750819400000012, 3.1365524 ] ], [ [ 101.7518896, 3.1367747 ], [ 101.7513582, 3.1364812 ], [ 101.7514749, 3.1362993 ], [ 101.7519835, 3.1364845 ], [ 101.7518896, 3.1367747 ] ] ], [ [ [ 101.7523925, 3.1376818 ], [ 101.7500083, 3.1363331 ], [ 101.7497459, 3.1360086 ], [ 101.7480382, 3.1350164 ], [ 101.7478824, 3.1352957 ], [ 101.7522793, 3.1378746 ], [ 101.7523925, 3.1376818 ] ] ], [ [ [ 101.744832127870225, 3.138771432432061 ], [ 101.745643665494711, 3.1390147874041 ], [ 101.746520799633942, 3.139099289845459 ], [ 101.747397479347867, 3.139010156213091 ], [ 101.748499121845967, 3.138626786222074 ], [ 101.748692509979193, 3.139678696794721 ], [ 101.7489218, 3.1392073 ], [ 101.7503696, 3.140194 ], [ 101.7501636, 3.1408774 ], [ 101.7501788, 3.1415802 ], [ 101.7504078, 3.1416446 ], [ 101.750999242924777, 3.142375121637365 ], [ 101.751685539386756, 3.142651166672727 ], [ 101.752788917014072, 3.14283282962065 ], [ 101.753507039599839, 3.143778317476671 ], [ 101.754189651488147, 3.144338414906443 ], [ 101.754712630432536, 3.144633374147129 ], [ 101.7553722, 3.1444687 ], [ 101.7555534, 3.1442141 ], [ 101.756024408484578, 3.145039896604985 ], [ 101.756688865960584, 3.145093250530857 ], [ 101.75756554187096, 3.145004104653706 ], [ 101.75880632520844, 3.144554113304794 ], [ 101.759747184957703, 3.143868188910831 ], [ 101.7595756, 3.1434514 ], [ 101.7590347, 3.1425491 ], [ 101.7581801, 3.1417117 ], [ 101.7553762, 3.1400196 ], [ 101.7553265, 3.1400879 ], [ 101.7548289, 3.1399227 ], [ 101.754704, 3.1398051 ], [ 101.7545986, 3.1398771 ], [ 101.751799, 3.1382714 ], [ 101.7519571, 3.138004 ], [ 101.7473557, 3.1352951 ], [ 101.7470578, 3.1358308 ], [ 101.7479475, 3.1363706 ], [ 101.7473187, 3.1373869 ], [ 101.746351, 3.1367235 ], [ 101.744832127870225, 3.138771432432061 ] ], [ [ 101.7509389, 3.1409326 ], [ 101.750966100000014, 3.1406004 ], [ 101.7517538, 3.1411372 ], [ 101.7518552, 3.1416612 ], [ 101.7515713, 3.1416612 ], [ 101.7509389, 3.1409326 ] ], [ [ 101.752031, 3.140273 ], [ 101.7523582, 3.1403727 ], [ 101.7534539, 3.141069 ], [ 101.753223, 3.1412783 ], [ 101.7520738, 3.1406391 ], [ 101.752031, 3.140273 ] ], [ [ 101.755862, 3.142165 ], [ 101.7546064, 3.1431342 ], [ 101.7540802, 3.1424044 ], [ 101.7543327, 3.1422 ], [ 101.7547308, 3.1427555 ], [ 101.7548268, 3.1427597 ], [ 101.7559606, 3.1419093 ], [ 101.7567926, 3.1429895 ], [ 101.7566577, 3.1431116 ], [ 101.755989, 3.1422129 ], [ 101.755862, 3.142165 ] ] ], [ [ [ 101.7530158, 3.137049 ], [ 101.7530384, 3.1378616 ], [ 101.7539535, 3.1383958 ], [ 101.7541996, 3.1379711 ], [ 101.754848, 3.1376795 ], [ 101.7547595, 3.1374626 ], [ 101.7548704, 3.1374113 ], [ 101.7545687, 3.1366604 ], [ 101.7544581, 3.1366066 ], [ 101.7542117, 3.1366607 ], [ 101.7532141, 3.136528 ], [ 101.753145, 3.1365763 ], [ 101.7531257, 3.13682 ], [ 101.7530158, 3.137049 ] ] ], [ [ [ 101.761088631313172, 3.141438933830307 ], [ 101.761149028320162, 3.140120264323494 ], [ 101.761010409213213, 3.139393153305414 ], [ 101.760825144558325, 3.138834926229774 ], [ 101.76040772702261, 3.138054885158375 ], [ 101.759846941126028, 3.137371689798651 ], [ 101.759164337265489, 3.136811594684792 ], [ 101.75838614706737, 3.136396123826662 ], [ 101.757620624739403, 3.136160750930179 ], [ 101.7576529, 3.1364929 ], [ 101.7584845, 3.1364953 ], [ 101.7585039, 3.1374817 ], [ 101.7595119, 3.139358 ], [ 101.7598681, 3.1396984 ], [ 101.761088631313172, 3.141438933830307 ] ] ], [ [ [ 101.75558, 3.1376642 ], [ 101.7544905, 3.1381231 ], [ 101.7546359, 3.1384352 ], [ 101.7544828, 3.1383479 ], [ 101.7543221, 3.138629 ], [ 101.7550741, 3.1390576 ], [ 101.7559789, 3.1386875 ], [ 101.75558, 3.1376642 ] ] ], [ [ [ 101.7579682, 3.1410428 ], [ 101.7585474, 3.1414735 ], [ 101.7590598, 3.140972 ], [ 101.7587169, 3.1403397 ], [ 101.7579682, 3.1410428 ] ] ], [ [ [ 101.7598564, 3.1415023 ], [ 101.7601446, 3.1418827 ], [ 101.7608257, 3.141329 ], [ 101.7600455, 3.1403769 ], [ 101.7593393, 3.1410603 ], [ 101.7598564, 3.1415023 ] ] ], [ [ [ 101.74978541661018, 3.141501271293546 ], [ 101.750012673067062, 3.141711873112248 ], [ 101.7500155, 3.1413007 ], [ 101.74978541661018, 3.141501271293546 ] ] ], [ [ [ 101.756862233250416, 3.147131574961312 ], [ 101.756305038637564, 3.147817740547085 ], [ 101.755891721717816, 3.148599990620752 ], [ 101.755638166583196, 3.149448263713901 ], [ 101.755554117783419, 3.150329960967261 ], [ 101.75564280576188, 3.151211198916965 ], [ 101.755900822636221, 3.152058111667639 ], [ 101.756318253108489, 3.152838152402862 ], [ 101.756641406035627, 3.153259175310621 ], [ 101.7581501, 3.1525306 ], [ 101.7601991, 3.1514029 ], [ 101.7599979, 3.1510842 ], [ 101.7597172, 3.1461085 ], [ 101.759764176769906, 3.145813967987906 ], [ 101.759160425319095, 3.145888911143321 ], [ 101.758317896944973, 3.146148266598862 ], [ 101.757541892423063, 3.146567862690032 ], [ 101.756862233250416, 3.147131574961312 ] ] ], [ [ [ 101.757940630571184, 3.154308377054997 ], [ 101.758700188272329, 3.154625397035728 ], [ 101.759110100000015, 3.1543569 ], [ 101.7592818, 3.153694 ], [ 101.7589864, 3.1533221 ], [ 101.7586873, 3.1526362 ], [ 101.756931820889733, 3.153569161095763 ], [ 101.757940630571184, 3.154308377054997 ] ] ] ] } }
]
}
