key,month,avg_daily_entries
16sierra,2023-03,237.0
16sierra,2023-04,160.0
16sierra,2023-05,185.0
16sierra,2023-06,208.0
16sierra,2023-07,223.0
16sierra,2023-08,242.0
16sierra,2023-09,230.0
16sierra,2023-10,252.0
16sierra,2023-11,256.0
16sierra,2023-12,297.0
16sierra,2024-01,293.0
16sierra,2024-02,295.0
16sierra,2024-03,297.0
16sierra,2024-04,306.0
16sierra,2024-05,325.0
16sierra,2024-06,321.0
16sierra,2024-07,357.0
16sierra,2024-08,367.0
16sierra,2024-09,361.0
16sierra,2024-10,377.0
16sierra,2024-11,374.0
16sierra,2024-12,366.0
16sierra,2025-01,364.0
16sierra,2025-02,387.0
16sierra,2025-03,378.0
16sierra,2025-04,398.0
16sierra,2025-05,415.0
16sierra,2025-06,426.0
16sierra,2025-07,464.0
16sierra,2025-08,469.0
16sierra,2025-09,427.0
16sierra,2025-10,428.0
16sierra,2025-11,455.0
16sierra,2025-12,447.0
16sierra,2026-01,455.0
16sierra,2026-02,399.0
16sierra,2026-03,421.0
16sierra,2026-04,481.0
16sierra,2026-05,447.0
16sierra,2026-06,454.0
16sierra,2026-07,489.0
16sierra,2026-08,449.0
16sierra,2026-09,449.0
abdullahhukum,2023-01,8268.0
abdullahhukum,2023-02,9104.0
abdullahhukum,2023-03,10051.0
abdullahhukum,2023-04,8575.0
abdullahhukum,2023-05,9523.0
abdullahhukum,2023-06,9779.0
abdullahhukum,2023-07,10143.0
abdullahhukum,2023-08,10616.0
abdullahhukum,2023-09,10382.0
abdullahhukum,2023-10,10943.0
abdullahhukum,2023-11,11319.0
abdullahhukum,2023-12,10747.0
abdullahhukum,2024-01,11096.0
abdullahhukum,2024-02,10424.0
abdullahhukum,2024-03,11183.0
abdullahhukum,2024-04,10615.0
abdullahhukum,2024-05,11528.0
abdullahhukum,2024-06,11070.0
abdullahhukum,2024-07,12418.0
abdullahhukum,2024-08,12506.0
abdullahhukum,2024-09,11598.0
abdullahhukum,2024-10,12857.0
abdullahhukum,2024-11,13076.0
abdullahhukum,2024-12,12964.0
abdullahhukum,2025-01,12200.0
abdullahhukum,2025-02,13044.0
abdullahhukum,2025-03,12309.0
abdullahhukum,2025-04,13166.0
abdullahhukum,2025-05,12882.0
abdullahhukum,2025-06,12760.0
abdullahhukum,2025-07,14492.0
abdullahhukum,2025-08,13964.0
abdullahhukum,2025-09,12889.0
abdullahhukum,2025-10,13394.0
abdullahhukum,2025-11,13551.0
abdullahhukum,2025-12,14007.0
abdullahhukum,2026-01,14067.0
abdullahhukum,2026-02,12550.0
abdullahhukum,2026-03,13212.0
abdullahhukum,2026-04,14372.0
abdullahhukum,2026-05,12743.0
abdullahhukum,2026-06,12973.0
abdullahhukum,2026-07,14579.0
abdullahhukum,2026-08,13241.0
abdullahhukum,2026-09,13183.0
alammegah,2023-01,1058.0
alammegah,2023-02,1140.0
alammegah,2023-03,1252.0
alammegah,2023-04,1122.0
alammegah,2023-05,1242.0
alammegah,2023-06,1252.0
alammegah,2023-07,1195.0
alammegah,2023-08,1299.0
alammegah,2023-09,1298.0
alammegah,2023-10,1345.0
alammegah,2023-11,1346.0
alammegah,2023-12,1285.0
alammegah,2024-01,1311.0
alammegah,2024-02,1283.0
alammegah,2024-03,1292.0
alammegah,2024-04,1296.0
alammegah,2024-05,1397.0
alammegah,2024-06,1320.0
alammegah,2024-07,1403.0
alammegah,2024-08,1438.0
alammegah,2024-09,1393.0
alammegah,2024-10,1446.0
alammegah,2024-11,1467.0
alammegah,2024-12,1448.0
alammegah,2025-01,1417.0
alammegah,2025-02,1502.0
alammegah,2025-03,1421.0
alammegah,2025-04,1518.0
alammegah,2025-05,1511.0
alammegah,2025-06,1528.0
alammegah,2025-07,1647.0
alammegah,2025-08,1658.0
alammegah,2025-09,1568.0
alammegah,2025-10,1592.0
alammegah,2025-11,1572.0
alammegah,2025-12,1550.0
alammegah,2026-01,1587.0
alammegah,2026-02,1440.0
alammegah,2026-03,1482.0
alammegah,2026-04,1658.0
alammegah,2026-05,1519.0
alammegah,2026-06,1500.0
alammegah,2026-07,1533.0
alammegah,2026-08,1435.0
alammegah,2026-09,1400.0
alamsutera,2023-01,1059.0
alamsutera,2023-02,1087.0
alamsutera,2023-03,1125.0
alamsutera,2023-04,915.0
alamsutera,2023-05,1002.0
alamsutera,2023-06,1004.0
alamsutera,2023-07,972.0
alamsutera,2023-08,1000.0
alamsutera,2023-09,996.0
alamsutera,2023-10,1046.0
alamsutera,2023-11,1059.0
alamsutera,2023-12,962.0
alamsutera,2024-01,1032.0
alamsutera,2024-02,1022.0
alamsutera,2024-03,1120.0
alamsutera,2024-04,1113.0
alamsutera,2024-05,1212.0
alamsutera,2024-06,1159.0
alamsutera,2024-07,1306.0
alamsutera,2024-08,1334.0
alamsutera,2024-09,1294.0
alamsutera,2024-10,1424.0
alamsutera,2024-11,1385.0
alamsutera,2024-12,1307.0
alamsutera,2025-01,1321.0
alamsutera,2025-02,1458.0
alamsutera,2025-03,1429.0
alamsutera,2025-04,1465.0
alamsutera,2025-05,1496.0
alamsutera,2025-06,1451.0
alamsutera,2025-07,1631.0
alamsutera,2025-08,1597.0
alamsutera,2025-09,1477.0
alamsutera,2025-10,1619.0
alamsutera,2025-11,1588.0
alamsutera,2025-12,1482.0
alamsutera,2026-01,1604.0
alamsutera,2026-02,1421.0
alamsutera,2026-03,1484.0
alamsutera,2026-04,1642.0
alamsutera,2026-05,1441.0
alamsutera,2026-06,1438.0
alamsutera,2026-07,1608.0
alamsutera,2026-08,1462.0
alamsutera,2026-09,1440.0
ampang,2023-01,3359.0
ampang,2023-02,3248.0
ampang,2023-03,3406.0
ampang,2023-04,2931.0
ampang,2023-05,3218.0
ampang,2023-06,3211.0
ampang,2023-07,3167.0
ampang,2023-08,3181.0
ampang,2023-09,3203.0
ampang,2023-10,3315.0
ampang,2023-11,3312.0
ampang,2023-12,3173.0
ampang,2024-01,3118.0
ampang,2024-02,3290.0
ampang,2024-03,3493.0
ampang,2024-04,3452.0
ampang,2024-05,3745.0
ampang,2024-06,3602.0
ampang,2024-07,3811.0
ampang,2024-08,3874.0
ampang,2024-09,3795.0
ampang,2024-10,4005.0
ampang,2024-11,3918.0
ampang,2024-12,3810.0
ampang,2025-01,3826.0
ampang,2025-02,4019.0
ampang,2025-03,3863.0
ampang,2025-04,3969.0
ampang,2025-05,4179.0
ampang,2025-06,4108.0
ampang,2025-07,4431.0
ampang,2025-08,4500.0
ampang,2025-09,4241.0
ampang,2025-10,4517.0
ampang,2025-11,4368.0
ampang,2025-12,4332.0
ampang,2026-01,4383.0
ampang,2026-02,4071.0
ampang,2026-03,4021.0
ampang,2026-04,4339.0
ampang,2026-05,3914.0
ampang,2026-06,3687.0
ampang,2026-07,4037.0
ampang,2026-08,3928.0
ampang,2026-09,3872.0
ampangpark,2023-01,6592.0
ampangpark,2023-02,7295.0
ampangpark,2023-03,10929.0
ampangpark,2023-04,10917.0
ampangpark,2023-05,12652.0
ampangpark,2023-06,12679.0
ampangpark,2023-07,13866.0
ampangpark,2023-08,15182.0
ampangpark,2023-09,14944.0
ampangpark,2023-10,15454.0
ampangpark,2023-11,15811.0
ampangpark,2023-12,16771.0
ampangpark,2024-01,16272.0
ampangpark,2024-02,15195.0
ampangpark,2024-03,15664.0
ampangpark,2024-04,14976.0
ampangpark,2024-05,15973.0
ampangpark,2024-06,14477.0
ampangpark,2024-07,17929.0
ampangpark,2024-08,17960.0
ampangpark,2024-09,16566.0
ampangpark,2024-10,17395.0
ampangpark,2024-11,17624.0
ampangpark,2024-12,18612.0
ampangpark,2025-01,16859.0
ampangpark,2025-02,18258.0
ampangpark,2025-03,16917.0
ampangpark,2025-04,18169.0
ampangpark,2025-05,17554.0
ampangpark,2025-06,16910.0
ampangpark,2025-07,20555.0
ampangpark,2025-08,20152.0
ampangpark,2025-09,17816.0
ampangpark,2025-10,17937.0
ampangpark,2025-11,18640.0
ampangpark,2025-12,19263.0
ampangpark,2026-01,18137.0
ampangpark,2026-02,16680.0
ampangpark,2026-03,17156.0
ampangpark,2026-04,19730.0
ampangpark,2026-05,16723.0
ampangpark,2026-06,17975.0
ampangpark,2026-07,20430.0
ampangpark,2026-08,18792.0
ampangpark,2026-09,18617.0
aradamansara,2023-01,2875.0
aradamansara,2023-02,3337.0
aradamansara,2023-03,3639.0
aradamansara,2023-04,3015.0
aradamansara,2023-05,3469.0
aradamansara,2023-06,3550.0
aradamansara,2023-07,3609.0
aradamansara,2023-08,3830.0
aradamansara,2023-09,3885.0
aradamansara,2023-10,4216.0
aradamansara,2023-11,4158.0
aradamansara,2023-12,3601.0
aradamansara,2024-01,4088.0
aradamansara,2024-02,3912.0
aradamansara,2024-03,4194.0
aradamansara,2024-04,3936.0
aradamansara,2024-05,4284.0
aradamansara,2024-06,4086.0
aradamansara,2024-07,4596.0
aradamansara,2024-08,4627.0
aradamansara,2024-09,4234.0
aradamansara,2024-10,4695.0
aradamansara,2024-11,4637.0
aradamansara,2024-12,4178.0
aradamansara,2025-01,4244.0
aradamansara,2025-02,4651.0
aradamansara,2025-03,4339.0
aradamansara,2025-04,4516.0
aradamansara,2025-05,4446.0
aradamansara,2025-06,4497.0
aradamansara,2025-07,5056.0
aradamansara,2025-08,4818.0
aradamansara,2025-09,4490.0
aradamansara,2025-10,4837.0
aradamansara,2025-11,4777.0
aradamansara,2025-12,4486.0
aradamansara,2026-01,4838.0
aradamansara,2026-02,4281.0
aradamansara,2026-03,4460.0
aradamansara,2026-04,5137.0
aradamansara,2026-05,4425.0
aradamansara,2026-06,4574.0
aradamansara,2026-07,5029.0
aradamansara,2026-08,4574.0
aradamansara,2026-09,4584.0
asiajaya,2023-01,3763.0
asiajaya,2023-02,4472.0
asiajaya,2023-03,4680.0
asiajaya,2023-04,3762.0
asiajaya,2023-05,4400.0
asiajaya,2023-06,4426.0
asiajaya,2023-07,4495.0
asiajaya,2023-08,4571.0
asiajaya,2023-09,4683.0
asiajaya,2023-10,5128.0
asiajaya,2023-11,4767.0
asiajaya,2023-12,4004.0
asiajaya,2024-01,4921.0
asiajaya,2024-02,4702.0
asiajaya,2024-03,4908.0
asiajaya,2024-04,4433.0
asiajaya,2024-05,4889.0
asiajaya,2024-06,4645.0
asiajaya,2024-07,5279.0
asiajaya,2024-08,5175.0
asiajaya,2024-09,4858.0
asiajaya,2024-10,5288.0
asiajaya,2024-11,5247.0
asiajaya,2024-12,4600.0
asiajaya,2025-01,4639.0
asiajaya,2025-02,5305.0
asiajaya,2025-03,4880.0
asiajaya,2025-04,5090.0
asiajaya,2025-05,4969.0
asiajaya,2025-06,4935.0
asiajaya,2025-07,5714.0
asiajaya,2025-08,5358.0
asiajaya,2025-09,4932.0
asiajaya,2025-10,5272.0
asiajaya,2025-11,5261.0
asiajaya,2025-12,4843.0
asiajaya,2026-01,5192.0
asiajaya,2026-02,4710.0
asiajaya,2026-03,4796.0
asiajaya,2026-04,5551.0
asiajaya,2026-05,4784.0
asiajaya,2026-06,4927.0
asiajaya,2026-07,5520.0
asiajaya,2026-08,4891.0
asiajaya,2026-09,4889.0
awanbesar,2023-01,1990.0
awanbesar,2023-02,2012.0
awanbesar,2023-03,2071.0
awanbesar,2023-04,1603.0
awanbesar,2023-05,1795.0
awanbesar,2023-06,1823.0
awanbesar,2023-07,1769.0
awanbesar,2023-08,1881.0
awanbesar,2023-09,1816.0
awanbesar,2023-10,1885.0
awanbesar,2023-11,1954.0
awanbesar,2023-12,1905.0
awanbesar,2024-01,1863.0
awanbesar,2024-02,1828.0
awanbesar,2024-03,1963.0
awanbesar,2024-04,1894.0
awanbesar,2024-05,2059.0
awanbesar,2024-06,2073.0
awanbesar,2024-07,2155.0
awanbesar,2024-08,2307.0
awanbesar,2024-09,2277.0
awanbesar,2024-10,2516.0
awanbesar,2024-11,2479.0
awanbesar,2024-12,2375.0
awanbesar,2025-01,2214.0
awanbesar,2025-02,2531.0
awanbesar,2025-03,2278.0
awanbesar,2025-04,2381.0
awanbesar,2025-05,2475.0
awanbesar,2025-06,2399.0
awanbesar,2025-07,2613.0
awanbesar,2025-08,2597.0
awanbesar,2025-09,2354.0
awanbesar,2025-10,2570.0
awanbesar,2025-11,2557.0
awanbesar,2025-12,2626.0
awanbesar,2026-01,2746.0
awanbesar,2026-02,2385.0
awanbesar,2026-03,2478.0
awanbesar,2026-04,2742.0
awanbesar,2026-05,2504.0
awanbesar,2026-06,2531.0
awanbesar,2026-07,2725.0
awanbesar,2026-08,2625.0
awanbesar,2026-09,2547.0
bandaraya,2023-01,6203.0
bandaraya,2023-02,4690.0
bandaraya,2023-03,3504.0
bandaraya,2023-04,104.0
bandaraya,2023-05,3015.0
bandaraya,2023-06,4152.0
bandaraya,2023-07,3530.0
bandaraya,2023-08,3735.0
bandaraya,2023-09,3562.0
bandaraya,2023-10,3642.0
bandaraya,2023-11,3633.0
bandaraya,2023-12,3674.0
bandaraya,2024-01,3301.0
bandaraya,2024-02,4750.0
bandaraya,2024-03,6651.0
bandaraya,2024-04,5784.0
bandaraya,2024-05,5949.0
bandaraya,2024-06,5327.0
bandaraya,2024-07,5624.0
bandaraya,2024-08,5859.0
bandaraya,2024-09,5543.0
bandaraya,2024-10,5992.0
bandaraya,2024-11,6061.0
bandaraya,2024-12,6275.0
bandaraya,2025-01,6025.0
bandaraya,2025-02,6582.0
bandaraya,2025-03,7685.0
bandaraya,2025-04,5601.0
bandaraya,2025-05,6086.0
bandaraya,2025-06,5654.0
bandaraya,2025-07,6218.0
bandaraya,2025-08,6429.0
bandaraya,2025-09,5767.0
bandaraya,2025-10,6276.0
bandaraya,2025-11,5923.0
bandaraya,2025-12,6527.0
bandaraya,2026-01,6388.0
bandaraya,2026-02,6701.0
bandaraya,2026-03,7310.0
bandaraya,2026-04,6029.0
bandaraya,2026-05,5573.0
bandaraya,2026-06,5482.0
bandaraya,2026-07,5926.0
bandaraya,2026-08,5854.0
bandaraya,2026-09,5706.0
bandarbaruklang,2026-08,716.0
bandarbaruklang,2026-09,611.0
bandarbukittinggi,2026-08,1450.0
bandarbukittinggi,2026-09,1163.0
bandarputeri,2023-01,1086.0
bandarputeri,2023-02,1188.0
bandarputeri,2023-03,1222.0
bandarputeri,2023-04,1111.0
bandarputeri,2023-05,1171.0
bandarputeri,2023-06,1204.0
bandarputeri,2023-07,1215.0
bandarputeri,2023-08,1246.0
bandarputeri,2023-09,1243.0
bandarputeri,2023-10,1313.0
bandarputeri,2023-11,1344.0
bandarputeri,2023-12,1234.0
bandarputeri,2024-01,1288.0
bandarputeri,2024-02,1256.0
bandarputeri,2024-03,1355.0
bandarputeri,2024-04,1345.0
bandarputeri,2024-05,1421.0
bandarputeri,2024-06,1398.0
bandarputeri,2024-07,1476.0
bandarputeri,2024-08,1501.0
bandarputeri,2024-09,1410.0
bandarputeri,2024-10,1493.0
bandarputeri,2024-11,1433.0
bandarputeri,2024-12,1352.0
bandarputeri,2025-01,1347.0
bandarputeri,2025-02,1431.0
bandarputeri,2025-03,1402.0
bandarputeri,2025-04,1457.0
bandarputeri,2025-05,1461.0
bandarputeri,2025-06,1461.0
bandarputeri,2025-07,1591.0
bandarputeri,2025-08,1583.0
bandarputeri,2025-09,1452.0
bandarputeri,2025-10,1564.0
bandarputeri,2025-11,1554.0
bandarputeri,2025-12,1478.0
bandarputeri,2026-01,1568.0
bandarputeri,2026-02,1418.0
bandarputeri,2026-03,1539.0
bandarputeri,2026-04,1650.0
bandarputeri,2026-05,1497.0
bandarputeri,2026-06,1524.0
bandarputeri,2026-07,1673.0
bandarputeri,2026-08,1587.0
bandarputeri,2026-09,1551.0
bandartasikselatan,2023-01,6403.0
bandartasikselatan,2023-02,5658.0
bandartasikselatan,2023-03,5632.0
bandartasikselatan,2023-04,4714.0
bandartasikselatan,2023-05,4907.0
bandartasikselatan,2023-06,4889.0
bandartasikselatan,2023-07,4707.0
bandartasikselatan,2023-08,4720.0
bandartasikselatan,2023-09,4676.0
bandartasikselatan,2023-10,4822.0
bandartasikselatan,2023-11,5154.0
bandartasikselatan,2023-12,5374.0
bandartasikselatan,2024-01,4572.0
bandartasikselatan,2024-02,5458.0
bandartasikselatan,2024-03,5240.0
bandartasikselatan,2024-04,5294.0
bandartasikselatan,2024-05,5553.0
bandartasikselatan,2024-06,5804.0
bandartasikselatan,2024-07,5296.0
bandartasikselatan,2024-08,5427.0
bandartasikselatan,2024-09,5646.0
bandartasikselatan,2024-10,5542.0
bandartasikselatan,2024-11,5820.0
bandartasikselatan,2024-12,6012.0
bandartasikselatan,2025-01,5668.0
bandartasikselatan,2025-02,6201.0
bandartasikselatan,2025-03,5128.0
bandartasikselatan,2025-04,5798.0
bandartasikselatan,2025-05,5882.0
bandartasikselatan,2025-06,5708.0
bandartasikselatan,2025-07,5364.0
bandartasikselatan,2025-08,5400.0
bandartasikselatan,2025-09,5362.0
bandartasikselatan,2025-10,5664.0
bandartasikselatan,2025-11,5545.0
bandartasikselatan,2025-12,5910.0
bandartasikselatan,2026-01,5567.0
bandartasikselatan,2026-02,5868.0
bandartasikselatan,2026-03,5372.0
bandartasikselatan,2026-04,5579.0
bandartasikselatan,2026-05,5460.0
bandartasikselatan,2026-06,5319.0
bandartasikselatan,2026-07,5364.0
bandartasikselatan,2026-08,5329.0
bandartasikselatan,2026-09,5009.0
bandartunhussienonn,2023-01,2383.0
bandartunhussienonn,2023-02,2605.0
bandartunhussienonn,2023-03,2810.0
bandartunhussienonn,2023-04,2373.0
bandartunhussienonn,2023-05,2656.0
bandartunhussienonn,2023-06,2654.0
bandartunhussienonn,2023-07,2660.0
bandartunhussienonn,2023-08,2873.0
bandartunhussienonn,2023-09,2849.0
bandartunhussienonn,2023-10,2933.0
bandartunhussienonn,2023-11,2986.0
bandartunhussienonn,2023-12,3059.0
bandartunhussienonn,2024-01,3056.0
bandartunhussienonn,2024-02,2965.0
bandartunhussienonn,2024-03,3090.0
bandartunhussienonn,2024-04,3024.0
bandartunhussienonn,2024-05,3245.0
bandartunhussienonn,2024-06,3098.0
bandartunhussienonn,2024-07,3375.0
bandartunhussienonn,2024-08,3365.0
bandartunhussienonn,2024-09,3273.0
bandartunhussienonn,2024-10,3428.0
bandartunhussienonn,2024-11,3363.0
bandartunhussienonn,2024-12,3310.0
bandartunhussienonn,2025-01,3199.0
bandartunhussienonn,2025-02,3366.0
bandartunhussienonn,2025-03,3199.0
bandartunhussienonn,2025-04,3338.0
bandartunhussienonn,2025-05,3370.0
bandartunhussienonn,2025-06,3374.0
bandartunhussienonn,2025-07,3589.0
bandartunhussienonn,2025-08,3577.0
bandartunhussienonn,2025-09,3362.0
bandartunhussienonn,2025-10,3458.0
bandartunhussienonn,2025-11,3443.0
bandartunhussienonn,2025-12,3507.0
bandartunhussienonn,2026-01,3484.0
bandartunhussienonn,2026-02,3137.0
bandartunhussienonn,2026-03,3270.0
bandartunhussienonn,2026-04,3586.0
bandartunhussienonn,2026-05,3313.0
bandartunhussienonn,2026-06,3360.0
bandartunhussienonn,2026-07,3648.0
bandartunhussienonn,2026-08,3471.0
bandartunhussienonn,2026-09,3409.0
bandartunrazak,2023-01,1660.0
bandartunrazak,2023-02,1487.0
bandartunrazak,2023-03,1529.0
bandartunrazak,2023-04,1238.0
bandartunrazak,2023-05,1375.0
bandartunrazak,2023-06,1329.0
bandartunrazak,2023-07,1277.0
bandartunrazak,2023-08,1348.0
bandartunrazak,2023-09,1315.0
bandartunrazak,2023-10,1338.0
bandartunrazak,2023-11,1362.0
bandartunrazak,2023-12,1312.0
bandartunrazak,2024-01,1292.0
bandartunrazak,2024-02,1378.0
bandartunrazak,2024-03,1516.0
bandartunrazak,2024-04,1433.0
bandartunrazak,2024-05,1610.0
bandartunrazak,2024-06,1499.0
bandartunrazak,2024-07,1604.0
bandartunrazak,2024-08,1615.0
bandartunrazak,2024-09,1542.0
bandartunrazak,2024-10,1639.0
bandartunrazak,2024-11,1609.0
bandartunrazak,2024-12,1549.0
bandartunrazak,2025-01,1509.0
bandartunrazak,2025-02,1637.0
bandartunrazak,2025-03,1590.0
bandartunrazak,2025-04,1551.0
bandartunrazak,2025-05,1632.0
bandartunrazak,2025-06,1556.0
bandartunrazak,2025-07,1657.0
bandartunrazak,2025-08,1668.0
bandartunrazak,2025-09,1549.0
bandartunrazak,2025-10,1629.0
bandartunrazak,2025-11,1574.0
bandartunrazak,2025-12,1616.0
bandartunrazak,2026-01,1666.0
bandartunrazak,2026-02,1573.0
bandartunrazak,2026-03,1535.0
bandartunrazak,2026-04,1675.0
bandartunrazak,2026-05,1496.0
bandartunrazak,2026-06,1468.0
bandartunrazak,2026-07,1623.0
bandartunrazak,2026-08,1553.0
bandartunrazak,2026-09,1525.0
bandarutama,2023-01,5953.0
bandarutama,2023-02,6425.0
bandarutama,2023-03,6848.0
bandarutama,2023-04,6183.0
bandarutama,2023-05,6670.0
bandarutama,2023-06,6942.0
bandarutama,2023-07,6717.0
bandarutama,2023-08,6874.0
bandarutama,2023-09,6952.0
bandarutama,2023-10,7165.0
bandarutama,2023-11,7261.0
bandarutama,2023-12,7514.0
bandarutama,2024-01,7180.0
bandarutama,2024-02,7211.0
bandarutama,2024-03,7243.0
bandarutama,2024-04,6982.0
bandarutama,2024-05,7608.0
bandarutama,2024-06,7557.0
bandarutama,2024-07,7938.0
bandarutama,2024-08,8017.0
bandarutama,2024-09,7635.0
bandarutama,2024-10,8132.0
bandarutama,2024-11,8209.0
bandarutama,2024-12,8436.0
bandarutama,2025-01,8122.0
bandarutama,2025-02,8281.0
bandarutama,2025-03,7297.0
bandarutama,2025-04,8157.0
bandarutama,2025-05,8068.0
bandarutama,2025-06,8205.0
bandarutama,2025-07,8600.0
bandarutama,2025-08,8731.0
bandarutama,2025-09,8290.0
bandarutama,2025-10,8344.0
bandarutama,2025-11,8443.0
bandarutama,2025-12,9071.0
bandarutama,2026-01,8659.0
bandarutama,2026-02,8043.0
bandarutama,2026-03,7914.0
bandarutama,2026-04,8801.0
bandarutama,2026-05,8228.0
bandarutama,2026-06,8619.0
bandarutama,2026-07,13643.0
bandarutama,2026-08,18190.0
bandarutama,2026-09,16881.0
bandarutama11,2026-08,413.0
bandarutama11,2026-09,398.0
bankrakyatbangsar,2023-01,6335.0
bankrakyatbangsar,2023-02,6747.0
bankrakyatbangsar,2023-03,7299.0
bankrakyatbangsar,2023-04,6081.0
bankrakyatbangsar,2023-05,6892.0
bankrakyatbangsar,2023-06,6775.0
bankrakyatbangsar,2023-07,6820.0
bankrakyatbangsar,2023-08,7352.0
bankrakyatbangsar,2023-09,7169.0
bankrakyatbangsar,2023-10,7609.0
bankrakyatbangsar,2023-11,7748.0
bankrakyatbangsar,2023-12,7023.0
bankrakyatbangsar,2024-01,7449.0
bankrakyatbangsar,2024-02,7119.0
bankrakyatbangsar,2024-03,7114.0
bankrakyatbangsar,2024-04,6872.0
bankrakyatbangsar,2024-05,7428.0
bankrakyatbangsar,2024-06,6985.0
bankrakyatbangsar,2024-07,7717.0
bankrakyatbangsar,2024-08,7785.0
bankrakyatbangsar,2024-09,7172.0
bankrakyatbangsar,2024-10,7911.0
bankrakyatbangsar,2024-11,7948.0
bankrakyatbangsar,2024-12,7654.0
bankrakyatbangsar,2025-01,7581.0
bankrakyatbangsar,2025-02,8135.0
bankrakyatbangsar,2025-03,7584.0
bankrakyatbangsar,2025-04,8207.0
bankrakyatbangsar,2025-05,8126.0
bankrakyatbangsar,2025-06,7832.0
bankrakyatbangsar,2025-07,8909.0
bankrakyatbangsar,2025-08,8731.0
bankrakyatbangsar,2025-09,7944.0
bankrakyatbangsar,2025-10,8684.0
bankrakyatbangsar,2025-11,8427.0
bankrakyatbangsar,2025-12,8474.0
bankrakyatbangsar,2026-01,8604.0
bankrakyatbangsar,2026-02,7826.0
bankrakyatbangsar,2026-03,7967.0
bankrakyatbangsar,2026-04,9019.0
bankrakyatbangsar,2026-05,7935.0
bankrakyatbangsar,2026-06,7960.0
bankrakyatbangsar,2026-07,8621.0
bankrakyatbangsar,2026-08,8133.0
bankrakyatbangsar,2026-09,7879.0
batu11cheras,2023-01,2007.0
batu11cheras,2023-02,2236.0
batu11cheras,2023-03,2356.0
batu11cheras,2023-04,2109.0
batu11cheras,2023-05,2232.0
batu11cheras,2023-06,2290.0
batu11cheras,2023-07,2307.0
batu11cheras,2023-08,2409.0
batu11cheras,2023-09,2417.0
batu11cheras,2023-10,2517.0
batu11cheras,2023-11,2582.0
batu11cheras,2023-12,2611.0
batu11cheras,2024-01,2538.0
batu11cheras,2024-02,2480.0
batu11cheras,2024-03,2553.0
batu11cheras,2024-04,2550.0
batu11cheras,2024-05,2642.0
batu11cheras,2024-06,2554.0
batu11cheras,2024-07,2758.0
batu11cheras,2024-08,2700.0
batu11cheras,2024-09,2624.0
batu11cheras,2024-10,2761.0
batu11cheras,2024-11,2784.0
batu11cheras,2024-12,2750.0
batu11cheras,2025-01,2633.0
batu11cheras,2025-02,2733.0
batu11cheras,2025-03,2639.0
batu11cheras,2025-04,2747.0
batu11cheras,2025-05,2722.0
batu11cheras,2025-06,2735.0
batu11cheras,2025-07,2914.0
batu11cheras,2025-08,2925.0
batu11cheras,2025-09,2735.0
batu11cheras,2025-10,2803.0
batu11cheras,2025-11,2802.0
batu11cheras,2025-12,2792.0
batu11cheras,2026-01,2752.0
batu11cheras,2026-02,2521.0
batu11cheras,2026-03,2655.0
batu11cheras,2026-04,2864.0
batu11cheras,2026-05,2688.0
batu11cheras,2026-06,2638.0
batu11cheras,2026-07,2871.0
batu11cheras,2026-08,2759.0
batu11cheras,2026-09,2654.0
bukitbintang,2023-01,25557.0
bukitbintang,2023-02,27702.0
bukitbintang,2023-03,28724.0
bukitbintang,2023-04,25860.0
bukitbintang,2023-05,25895.0
bukitbintang,2023-06,28209.0
bukitbintang,2023-07,28162.0
bukitbintang,2023-08,29415.0
bukitbintang,2023-09,28962.0
bukitbintang,2023-10,28666.0
bukitbintang,2023-11,31687.0
bukitbintang,2023-12,37481.0
bukitbintang,2024-01,31360.0
bukitbintang,2024-02,34319.0
bukitbintang,2024-03,30777.0
bukitbintang,2024-04,30501.0
bukitbintang,2024-05,32886.0
bukitbintang,2024-06,33990.0
bukitbintang,2024-07,34576.0
bukitbintang,2024-08,34309.0
bukitbintang,2024-09,33722.0
bukitbintang,2024-10,34597.0
bukitbintang,2024-11,35637.0
bukitbintang,2024-12,41419.0
bukitbintang,2025-01,37341.0
bukitbintang,2025-02,36242.0
bukitbintang,2025-03,31081.0
bukitbintang,2025-04,33378.0
bukitbintang,2025-05,35384.0
bukitbintang,2025-06,35764.0
bukitbintang,2025-07,36071.0
bukitbintang,2025-08,37462.0
bukitbintang,2025-09,34843.0
bukitbintang,2025-10,35058.0
bukitbintang,2025-11,35018.0
bukitbintang,2025-12,40260.0
bukitbintang,2026-01,35714.0
bukitbintang,2026-02,34720.0
bukitbintang,2026-03,32888.0
bukitbintang,2026-04,33813.0
bukitbintang,2026-05,35618.0
bukitbintang,2026-06,33221.0
bukitbintang,2026-07,34942.0
bukitbintang,2026-08,36870.0
bukitbintang,2026-09,34445.0
bukitdukung,2023-01,1771.0
bukitdukung,2023-02,2193.0
bukitdukung,2023-03,2294.0
bukitdukung,2023-04,1918.0
bukitdukung,2023-05,1998.0
bukitdukung,2023-06,2013.0
bukitdukung,2023-07,2105.0
bukitdukung,2023-08,2162.0
bukitdukung,2023-09,2010.0
bukitdukung,2023-10,2089.0
bukitdukung,2023-11,2207.0
bukitdukung,2023-12,2168.0
bukitdukung,2024-01,2028.0
bukitdukung,2024-02,2050.0
bukitdukung,2024-03,2197.0
bukitdukung,2024-04,2166.0
bukitdukung,2024-05,2209.0
bukitdukung,2024-06,2190.0
bukitdukung,2024-07,2474.0
bukitdukung,2024-08,2436.0
bukitdukung,2024-09,2265.0
bukitdukung,2024-10,2427.0
bukitdukung,2024-11,2514.0
bukitdukung,2024-12,2380.0
bukitdukung,2025-01,2105.0
bukitdukung,2025-02,2405.0
bukitdukung,2025-03,2345.0
bukitdukung,2025-04,2404.0
bukitdukung,2025-05,2309.0
bukitdukung,2025-06,2342.0
bukitdukung,2025-07,2678.0
bukitdukung,2025-08,2641.0
bukitdukung,2025-09,2325.0
bukitdukung,2025-10,2360.0
bukitdukung,2025-11,2482.0
bukitdukung,2025-12,2457.0
bukitdukung,2026-01,2289.0
bukitdukung,2026-02,2147.0
bukitdukung,2026-03,2302.0
bukitdukung,2026-04,2499.0
bukitdukung,2026-05,2199.0
bukitdukung,2026-06,2347.0
bukitdukung,2026-07,2616.0
bukitdukung,2026-08,2487.0
bukitdukung,2026-09,2295.0
bukitjalil,2023-01,5018.0
bukitjalil,2023-02,3908.0
bukitjalil,2023-03,3940.0
bukitjalil,2023-04,1997.0
bukitjalil,2023-05,2789.0
bukitjalil,2023-06,2530.0
bukitjalil,2023-07,2565.0
bukitjalil,2023-08,3037.0
bukitjalil,2023-09,2821.0
bukitjalil,2023-10,3352.0
bukitjalil,2023-11,3848.0
bukitjalil,2023-12,3852.0
bukitjalil,2024-01,2645.0
bukitjalil,2024-02,2629.0
bukitjalil,2024-03,2496.0
bukitjalil,2024-04,2337.0
bukitjalil,2024-05,2761.0
bukitjalil,2024-06,2927.0
bukitjalil,2024-07,2818.0
bukitjalil,2024-08,3466.0
bukitjalil,2024-09,3182.0
bukitjalil,2024-10,3843.0
bukitjalil,2024-11,3592.0
bukitjalil,2024-12,3011.0
bukitjalil,2025-01,2584.0
bukitjalil,2025-02,3982.0
bukitjalil,2025-03,2451.0
bukitjalil,2025-04,3200.0
bukitjalil,2025-05,4207.0
bukitjalil,2025-06,3142.0
bukitjalil,2025-07,3257.0
bukitjalil,2025-08,3288.0
bukitjalil,2025-09,2913.0
bukitjalil,2025-10,3783.0
bukitjalil,2025-11,3083.0
bukitjalil,2025-12,3542.0
bukitjalil,2026-01,4832.0
bukitjalil,2026-02,3075.0
bukitjalil,2026-03,2743.0
bukitjalil,2026-04,3543.0
bukitjalil,2026-05,3268.0
bukitjalil,2026-06,3555.0
bukitjalil,2026-07,2829.0
bukitjalil,2026-08,2757.0
bukitjalil,2026-09,2815.0
bukitnanas,2023-01,2702.0
bukitnanas,2023-02,3258.0
bukitnanas,2023-03,3526.0
bukitnanas,2023-04,2906.0
bukitnanas,2023-05,2957.0
bukitnanas,2023-06,3103.0
bukitnanas,2023-07,3278.0
bukitnanas,2023-08,3521.0
bukitnanas,2023-09,3235.0
bukitnanas,2023-10,3328.0
bukitnanas,2023-11,3447.0
bukitnanas,2023-12,3762.0
bukitnanas,2024-01,3494.0
bukitnanas,2024-02,3660.0
bukitnanas,2024-03,3136.0
bukitnanas,2024-04,3215.0
bukitnanas,2024-05,3166.0
bukitnanas,2024-06,3350.0
bukitnanas,2024-07,3715.0
bukitnanas,2024-08,3799.0
bukitnanas,2024-09,3438.0
bukitnanas,2024-10,3514.0
bukitnanas,2024-11,3635.0
bukitnanas,2024-12,3926.0
bukitnanas,2025-01,3775.0
bukitnanas,2025-02,3885.0
bukitnanas,2025-03,3180.0
bukitnanas,2025-04,3655.0
bukitnanas,2025-05,3701.0
bukitnanas,2025-06,3688.0
bukitnanas,2025-07,4301.0
bukitnanas,2025-08,4378.0
bukitnanas,2025-09,3719.0
bukitnanas,2025-10,3998.0
bukitnanas,2025-11,3797.0
bukitnanas,2025-12,4158.0
bukitnanas,2026-01,3999.0
bukitnanas,2026-02,3908.0
bukitnanas,2026-03,3609.0
bukitnanas,2026-04,3953.0
bukitnanas,2026-05,3742.0
bukitnanas,2026-06,3766.0
bukitnanas,2026-07,4323.0
bukitnanas,2026-08,4429.0
bukitnanas,2026-09,4128.0
cahaya,2023-01,2103.0
cahaya,2023-02,2119.0
cahaya,2023-03,2233.0
cahaya,2023-04,2030.0
cahaya,2023-05,2089.0
cahaya,2023-06,2061.0
cahaya,2023-07,2074.0
cahaya,2023-08,2119.0
cahaya,2023-09,2100.0
cahaya,2023-10,2153.0
cahaya,2023-11,2149.0
cahaya,2023-12,2137.0
cahaya,2024-01,2114.0
cahaya,2024-02,2157.0
cahaya,2024-03,2260.0
cahaya,2024-04,2247.0
cahaya,2024-05,2330.0
cahaya,2024-06,2284.0
cahaya,2024-07,2446.0
cahaya,2024-08,2414.0
cahaya,2024-09,2313.0
cahaya,2024-10,2427.0
cahaya,2024-11,2393.0
cahaya,2024-12,2356.0
cahaya,2025-01,2267.0
cahaya,2025-02,2342.0
cahaya,2025-03,2367.0
cahaya,2025-04,2412.0
cahaya,2025-05,2450.0
cahaya,2025-06,2407.0
cahaya,2025-07,2552.0
cahaya,2025-08,2582.0
cahaya,2025-09,2431.0
cahaya,2025-10,2541.0
cahaya,2025-11,2521.0
cahaya,2025-12,2535.0
cahaya,2026-01,2598.0
cahaya,2026-02,2491.0
cahaya,2026-03,2513.0
cahaya,2026-04,2623.0
cahaya,2026-05,2426.0
cahaya,2026-06,2368.0
cahaya,2026-07,2559.0
cahaya,2026-08,2489.0
cahaya,2026-09,2418.0
cempaka,2023-01,2949.0
cempaka,2023-02,2943.0
cempaka,2023-03,3093.0
cempaka,2023-04,2642.0
cempaka,2023-05,2880.0
cempaka,2023-06,2824.0
cempaka,2023-07,2805.0
cempaka,2023-08,2919.0
cempaka,2023-09,2905.0
cempaka,2023-10,3016.0
cempaka,2023-11,2972.0
cempaka,2023-12,2792.0
cempaka,2024-01,2856.0
cempaka,2024-02,2882.0
cempaka,2024-03,3070.0
cempaka,2024-04,2987.0
cempaka,2024-05,3167.0
cempaka,2024-06,3087.0
cempaka,2024-07,3301.0
cempaka,2024-08,3371.0
cempaka,2024-09,3274.0
cempaka,2024-10,3405.0
cempaka,2024-11,3344.0
cempaka,2024-12,3266.0
cempaka,2025-01,3218.0
cempaka,2025-02,3440.0
cempaka,2025-03,3341.0
cempaka,2025-04,3346.0
cempaka,2025-05,3453.0
cempaka,2025-06,3333.0
cempaka,2025-07,3588.0
cempaka,2025-08,3583.0
cempaka,2025-09,3346.0
cempaka,2025-10,3534.0
cempaka,2025-11,3513.0
cempaka,2025-12,3453.0
cempaka,2026-01,3599.0
cempaka,2026-02,3451.0
cempaka,2026-03,3457.0
cempaka,2026-04,3710.0
cempaka,2026-05,3384.0
cempaka,2026-06,3268.0
cempaka,2026-07,3594.0
cempaka,2026-08,3461.0
cempaka,2026-09,3400.0
cgcglenmarie,2023-01,2699.0
cgcglenmarie,2023-02,3116.0
cgcglenmarie,2023-03,3443.0
cgcglenmarie,2023-04,2655.0
cgcglenmarie,2023-05,3310.0
cgcglenmarie,2023-06,3245.0
cgcglenmarie,2023-07,3293.0
cgcglenmarie,2023-08,3484.0
cgcglenmarie,2023-09,3526.0
cgcglenmarie,2023-10,3827.0
cgcglenmarie,2023-11,3738.0
cgcglenmarie,2023-12,3410.0
cgcglenmarie,2024-01,3590.0
cgcglenmarie,2024-02,3487.0
cgcglenmarie,2024-03,3561.0
cgcglenmarie,2024-04,3354.0
cgcglenmarie,2024-05,3904.0
cgcglenmarie,2024-06,3566.0
cgcglenmarie,2024-07,3990.0
cgcglenmarie,2024-08,4115.0
cgcglenmarie,2024-09,3848.0
cgcglenmarie,2024-10,4320.0
cgcglenmarie,2024-11,4257.0
cgcglenmarie,2024-12,3903.0
cgcglenmarie,2025-01,3875.0
cgcglenmarie,2025-02,4246.0
cgcglenmarie,2025-03,3807.0
cgcglenmarie,2025-04,4168.0
cgcglenmarie,2025-05,4319.0
cgcglenmarie,2025-06,4023.0
cgcglenmarie,2025-07,4670.0
cgcglenmarie,2025-08,4661.0
cgcglenmarie,2025-09,4264.0
cgcglenmarie,2025-10,4627.0
cgcglenmarie,2025-11,4513.0
cgcglenmarie,2025-12,4407.0
cgcglenmarie,2026-01,4513.0
cgcglenmarie,2026-02,3954.0
cgcglenmarie,2026-03,3922.0
cgcglenmarie,2026-04,4931.0
cgcglenmarie,2026-05,4296.0
cgcglenmarie,2026-06,4713.0
cgcglenmarie,2026-07,10606.0
cgcglenmarie,2026-08,8905.0
cgcglenmarie,2026-09,8505.0
chansowlin,2023-01,1460.0
chansowlin,2023-02,1478.0
chansowlin,2023-03,1717.0
chansowlin,2023-04,1358.0
chansowlin,2023-05,1554.0
chansowlin,2023-06,1566.0
chansowlin,2023-07,1577.0
chansowlin,2023-08,1668.0
chansowlin,2023-09,1685.0
chansowlin,2023-10,1790.0
chansowlin,2023-11,1860.0
chansowlin,2023-12,1892.0
chansowlin,2024-01,1898.0
chansowlin,2024-02,1949.0
chansowlin,2024-03,2097.0
chansowlin,2024-04,2088.0
chansowlin,2024-05,2360.0
chansowlin,2024-06,2433.0
chansowlin,2024-07,2612.0
chansowlin,2024-08,2668.0
chansowlin,2024-09,2639.0
chansowlin,2024-10,2898.0
chansowlin,2024-11,2955.0
chansowlin,2024-12,2875.0
chansowlin,2025-01,2706.0
chansowlin,2025-02,2885.0
chansowlin,2025-03,2622.0
chansowlin,2025-04,2893.0
chansowlin,2025-05,2940.0
chansowlin,2025-06,2871.0
chansowlin,2025-07,3128.0
chansowlin,2025-08,3043.0
chansowlin,2025-09,2786.0
chansowlin,2025-10,2956.0
chansowlin,2025-11,2948.0
chansowlin,2025-12,3093.0
chansowlin,2026-01,3060.0
chansowlin,2026-02,2825.0
chansowlin,2026-03,2778.0
chansowlin,2026-04,3065.0
chansowlin,2026-05,2852.0
chansowlin,2026-06,2872.0
chansowlin,2026-07,3034.0
chansowlin,2026-08,2900.0
chansowlin,2026-09,2782.0
cheras,2023-01,1962.0
cheras,2023-02,1822.0
cheras,2023-03,1896.0
cheras,2023-04,1590.0
cheras,2023-05,1713.0
cheras,2023-06,1694.0
cheras,2023-07,1661.0
cheras,2023-08,1727.0
cheras,2023-09,1723.0
cheras,2023-10,1786.0
cheras,2023-11,1795.0
cheras,2023-12,1704.0
cheras,2024-01,1736.0
cheras,2024-02,1782.0
cheras,2024-03,1911.0
cheras,2024-04,1850.0
cheras,2024-05,1997.0
cheras,2024-06,1860.0
cheras,2024-07,2058.0
cheras,2024-08,2103.0
cheras,2024-09,2029.0
cheras,2024-10,2175.0
cheras,2024-11,2133.0
cheras,2024-12,2097.0
cheras,2025-01,2034.0
cheras,2025-02,2171.0
cheras,2025-03,2085.0
cheras,2025-04,2061.0
cheras,2025-05,2132.0
cheras,2025-06,2056.0
cheras,2025-07,2282.0
cheras,2025-08,2278.0
cheras,2025-09,2095.0
cheras,2025-10,2214.0
cheras,2025-11,2179.0
cheras,2025-12,2199.0
cheras,2026-01,2271.0
cheras,2026-02,2083.0
cheras,2026-03,2073.0
cheras,2026-04,2272.0
cheras,2026-05,2013.0
cheras,2026-06,2032.0
cheras,2026-07,2241.0
cheras,2026-08,2121.0
cheras,2026-09,2100.0
chowkit,2023-01,3401.0
chowkit,2023-02,3969.0
chowkit,2023-03,4047.0
chowkit,2023-04,4063.0
chowkit,2023-05,3598.0
chowkit,2023-06,3763.0
chowkit,2023-07,3528.0
chowkit,2023-08,3690.0
chowkit,2023-09,3608.0
chowkit,2023-10,3905.0
chowkit,2023-11,4247.0
chowkit,2023-12,4412.0
chowkit,2024-01,4190.0
chowkit,2024-02,4482.0
chowkit,2024-03,3949.0
chowkit,2024-04,4338.0
chowkit,2024-05,3893.0
chowkit,2024-06,4240.0
chowkit,2024-07,3907.0
chowkit,2024-08,4036.0
chowkit,2024-09,3925.0
chowkit,2024-10,4162.0
chowkit,2024-11,4276.0
chowkit,2024-12,4567.0
chowkit,2025-01,4539.0
chowkit,2025-02,4213.0
chowkit,2025-03,3968.0
chowkit,2025-04,4054.0
chowkit,2025-05,3955.0
chowkit,2025-06,4130.0
chowkit,2025-07,4013.0
chowkit,2025-08,4105.0
chowkit,2025-09,3696.0
chowkit,2025-10,3916.0
chowkit,2025-11,3896.0
chowkit,2025-12,3976.0
chowkit,2026-01,3809.0
chowkit,2026-02,3829.0
chowkit,2026-03,3820.0
chowkit,2026-04,3630.0
chowkit,2026-05,3770.0
chowkit,2026-06,3480.0
chowkit,2026-07,3476.0
chowkit,2026-08,3799.0
chowkit,2026-09,3496.0
cochrane,2023-01,5853.0
cochrane,2023-02,6185.0
cochrane,2023-03,6590.0
cochrane,2023-04,6198.0
cochrane,2023-05,6634.0
cochrane,2023-06,6826.0
cochrane,2023-07,6857.0
cochrane,2023-08,6979.0
cochrane,2023-09,7185.0
cochrane,2023-10,6988.0
cochrane,2023-11,7565.0
cochrane,2023-12,8688.0
cochrane,2024-01,7411.0
cochrane,2024-02,7789.0
cochrane,2024-03,7627.0
cochrane,2024-04,7494.0
cochrane,2024-05,8336.0
cochrane,2024-06,8221.0
cochrane,2024-07,8109.0
cochrane,2024-08,8064.0
cochrane,2024-09,8141.0
cochrane,2024-10,8502.0
cochrane,2024-11,8638.0
cochrane,2024-12,9489.0
cochrane,2025-01,8558.0
cochrane,2025-02,9157.0
cochrane,2025-03,7839.0
cochrane,2025-04,8673.0
cochrane,2025-05,9281.0
cochrane,2025-06,9005.0
cochrane,2025-07,9011.0
cochrane,2025-08,9310.0
cochrane,2025-09,9078.0
cochrane,2025-10,8961.0
cochrane,2025-11,9210.0
cochrane,2025-12,9988.0
cochrane,2026-01,8994.0
cochrane,2026-02,8487.0
cochrane,2026-03,8597.0
cochrane,2026-04,9100.0
cochrane,2026-05,9463.0
cochrane,2026-06,9004.0
cochrane,2026-07,9005.0
cochrane,2026-08,9291.0
cochrane,2026-09,8664.0
conlay,2023-03,620.0
conlay,2023-04,494.0
conlay,2023-05,667.0
conlay,2023-06,724.0
conlay,2023-07,788.0
conlay,2023-08,942.0
conlay,2023-09,950.0
conlay,2023-10,1062.0
conlay,2023-11,1129.0
conlay,2023-12,1167.0
conlay,2024-01,1305.0
conlay,2024-02,1351.0
conlay,2024-03,1399.0
conlay,2024-04,1418.0
conlay,2024-05,1597.0
conlay,2024-06,1550.0
conlay,2024-07,1899.0
conlay,2024-08,1895.0
conlay,2024-09,1680.0
conlay,2024-10,1889.0
conlay,2024-11,1900.0
conlay,2024-12,1824.0
conlay,2025-01,1742.0
conlay,2025-02,1905.0
conlay,2025-03,1688.0
conlay,2025-04,1862.0
conlay,2025-05,1798.0
conlay,2025-06,1805.0
conlay,2025-07,2160.0
conlay,2025-08,2025.0
conlay,2025-09,1834.0
conlay,2025-10,1905.0
conlay,2025-11,1939.0
conlay,2025-12,1993.0
conlay,2026-01,2031.0
conlay,2026-02,1722.0
conlay,2026-03,1759.0
conlay,2026-04,2104.0
conlay,2026-05,1829.0
conlay,2026-06,1907.0
conlay,2026-07,2181.0
conlay,2026-08,2007.0
conlay,2026-09,2024.0
cyberjayacitycentre,2023-03,428.0
cyberjayacitycentre,2023-04,310.0
cyberjayacitycentre,2023-05,401.0
cyberjayacitycentre,2023-06,398.0
cyberjayacitycentre,2023-07,436.0
cyberjayacitycentre,2023-08,500.0
cyberjayacitycentre,2023-09,509.0
cyberjayacitycentre,2023-10,519.0
cyberjayacitycentre,2023-11,539.0
cyberjayacitycentre,2023-12,535.0
cyberjayacitycentre,2024-01,526.0
cyberjayacitycentre,2024-02,535.0
cyberjayacitycentre,2024-03,532.0
cyberjayacitycentre,2024-04,529.0
cyberjayacitycentre,2024-05,627.0
cyberjayacitycentre,2024-06,576.0
cyberjayacitycentre,2024-07,615.0
cyberjayacitycentre,2024-08,657.0
cyberjayacitycentre,2024-09,645.0
cyberjayacitycentre,2024-10,695.0
cyberjayacitycentre,2024-11,718.0
cyberjayacitycentre,2024-12,695.0
cyberjayacitycentre,2025-01,688.0
cyberjayacitycentre,2025-02,684.0
cyberjayacitycentre,2025-03,644.0
cyberjayacitycentre,2025-04,686.0
cyberjayacitycentre,2025-05,699.0
cyberjayacitycentre,2025-06,704.0
cyberjayacitycentre,2025-07,783.0
cyberjayacitycentre,2025-08,795.0
cyberjayacitycentre,2025-09,720.0
cyberjayacitycentre,2025-10,705.0
cyberjayacitycentre,2025-11,754.0
cyberjayacitycentre,2025-12,736.0
cyberjayacitycentre,2026-01,746.0
cyberjayacitycentre,2026-02,692.0
cyberjayacitycentre,2026-03,671.0
cyberjayacitycentre,2026-04,789.0
cyberjayacitycentre,2026-05,732.0
cyberjayacitycentre,2026-06,696.0
cyberjayacitycentre,2026-07,763.0
cyberjayacitycentre,2026-08,748.0
cyberjayacitycentre,2026-09,724.0
cyberjayautara,2023-01,0.0
cyberjayautara,2023-02,0.0
cyberjayautara,2023-03,321.0
cyberjayautara,2023-04,461.0
cyberjayautara,2023-05,612.0
cyberjayautara,2023-06,640.0
cyberjayautara,2023-07,670.0
cyberjayautara,2023-08,811.0
cyberjayautara,2023-09,804.0
cyberjayautara,2023-10,812.0
cyberjayautara,2023-11,907.0
cyberjayautara,2023-12,997.0
cyberjayautara,2024-01,993.0
cyberjayautara,2024-02,942.0
cyberjayautara,2024-03,932.0
cyberjayautara,2024-04,965.0
cyberjayautara,2024-05,1161.0
cyberjayautara,2024-06,1074.0
cyberjayautara,2024-07,1089.0
cyberjayautara,2024-08,1319.0
cyberjayautara,2024-09,1286.0
cyberjayautara,2024-10,1309.0
cyberjayautara,2024-11,1420.0
cyberjayautara,2024-12,1374.0
cyberjayautara,2025-01,1321.0
cyberjayautara,2025-02,1311.0
cyberjayautara,2025-03,1166.0
cyberjayautara,2025-04,1345.0
cyberjayautara,2025-05,1406.0
cyberjayautara,2025-06,1329.0
cyberjayautara,2025-07,1365.0
cyberjayautara,2025-08,1481.0
cyberjayautara,2025-09,1338.0
cyberjayautara,2025-10,1253.0
cyberjayautara,2025-11,1424.0
cyberjayautara,2025-12,1405.0
cyberjayautara,2026-01,1330.0
cyberjayautara,2026-02,1109.0
cyberjayautara,2026-03,1070.0
cyberjayautara,2026-04,1398.0
cyberjayautara,2026-05,1273.0
cyberjayautara,2026-06,1266.0
cyberjayautara,2026-07,1247.0
cyberjayautara,2026-08,1251.0
cyberjayautara,2026-09,1305.0
damai,2023-01,1841.0
damai,2023-02,1904.0
damai,2023-03,2165.0
damai,2023-04,1805.0
damai,2023-05,1977.0
damai,2023-06,1934.0
damai,2023-07,1866.0
damai,2023-08,2097.0
damai,2023-09,2067.0
damai,2023-10,2200.0
damai,2023-11,2186.0
damai,2023-12,2043.0
damai,2024-01,2022.0
damai,2024-02,1978.0
damai,2024-03,2066.0
damai,2024-04,1826.0
damai,2024-05,2020.0
damai,2024-06,1857.0
damai,2024-07,1942.0
damai,2024-08,2034.0
damai,2024-09,1941.0
damai,2024-10,2126.0
damai,2024-11,2143.0
damai,2024-12,2080.0
damai,2025-01,1993.0
damai,2025-02,2006.0
damai,2025-03,1988.0
damai,2025-04,1968.0
damai,2025-05,2057.0
damai,2025-06,1821.0
damai,2025-07,1915.0
damai,2025-08,2010.0
damai,2025-09,1846.0
damai,2025-10,1996.0
damai,2025-11,1994.0
damai,2025-12,2007.0
damai,2026-01,1923.0
damai,2026-02,1810.0
damai,2026-03,1740.0
damai,2026-04,1974.0
damai,2026-05,1752.0
damai,2026-06,1728.0
damai,2026-07,1846.0
damai,2026-08,1864.0
damai,2026-09,1830.0
damansaradamai,2023-01,1199.0
damansaradamai,2023-02,1294.0
damansaradamai,2023-03,1451.0
damansaradamai,2023-04,1273.0
damansaradamai,2023-05,1429.0
damansaradamai,2023-06,1488.0
damansaradamai,2023-07,1510.0
damansaradamai,2023-08,1588.0
damansaradamai,2023-09,1613.0
damansaradamai,2023-10,1682.0
damansaradamai,2023-11,1702.0
damansaradamai,2023-12,1691.0
damansaradamai,2024-01,1722.0
damansaradamai,2024-02,1750.0
damansaradamai,2024-03,1760.0
damansaradamai,2024-04,1701.0
damansaradamai,2024-05,1878.0
damansaradamai,2024-06,1827.0
damansaradamai,2024-07,1949.0
damansaradamai,2024-08,1995.0
damansaradamai,2024-09,1974.0
damansaradamai,2024-10,2080.0
damansaradamai,2024-11,2071.0
damansaradamai,2024-12,2007.0
damansaradamai,2025-01,2012.0
damansaradamai,2025-02,2107.0
damansaradamai,2025-03,2012.0
damansaradamai,2025-04,2070.0
damansaradamai,2025-05,2168.0
damansaradamai,2025-06,2116.0
damansaradamai,2025-07,2256.0
damansaradamai,2025-08,2260.0
damansaradamai,2025-09,2167.0
damansaradamai,2025-10,2102.0
damansaradamai,2025-11,2241.0
damansaradamai,2025-12,2292.0
damansaradamai,2026-01,2290.0
damansaradamai,2026-02,2171.0
damansaradamai,2026-03,2110.0
damansaradamai,2026-04,2396.0
damansaradamai,2026-05,2239.0
damansaradamai,2026-06,2284.0
damansaradamai,2026-07,2486.0
damansaradamai,2026-08,2371.0
damansaradamai,2026-09,2348.0
damansaraidaman,2026-08,535.0
damansaraidaman,2026-09,478.0
dangwangi,2023-01,2893.0
dangwangi,2023-02,3436.0
dangwangi,2023-03,4138.0
dangwangi,2023-04,3178.0
dangwangi,2023-05,3596.0
dangwangi,2023-06,3521.0
dangwangi,2023-07,3577.0
dangwangi,2023-08,3969.0
dangwangi,2023-09,3664.0
dangwangi,2023-10,3925.0
dangwangi,2023-11,4134.0
dangwangi,2023-12,3666.0
dangwangi,2024-01,3939.0
dangwangi,2024-02,3627.0
dangwangi,2024-03,3618.0
dangwangi,2024-04,3255.0
dangwangi,2024-05,3770.0
dangwangi,2024-06,3499.0
dangwangi,2024-07,3880.0
dangwangi,2024-08,3976.0
dangwangi,2024-09,3618.0
dangwangi,2024-10,3977.0
dangwangi,2024-11,4118.0
dangwangi,2024-12,3845.0
dangwangi,2025-01,3790.0
dangwangi,2025-02,4016.0
dangwangi,2025-03,3627.0
dangwangi,2025-04,3818.0
dangwangi,2025-05,3905.0
dangwangi,2025-06,3734.0
dangwangi,2025-07,4194.0
dangwangi,2025-08,4394.0
dangwangi,2025-09,3833.0
dangwangi,2025-10,4362.0
dangwangi,2025-11,4133.0
dangwangi,2025-12,4285.0
dangwangi,2026-01,4288.0
dangwangi,2026-02,3748.0
dangwangi,2026-03,3812.0
dangwangi,2026-04,4472.0
dangwangi,2026-05,3888.0
dangwangi,2026-06,3880.0
dangwangi,2026-07,4288.0
dangwangi,2026-08,4232.0
dangwangi,2026-09,4009.0
datokeramat,2023-01,1172.0
datokeramat,2023-02,1243.0
datokeramat,2023-03,1359.0
datokeramat,2023-04,1166.0
datokeramat,2023-05,1289.0
datokeramat,2023-06,1291.0
datokeramat,2023-07,1282.0
datokeramat,2023-08,1373.0
datokeramat,2023-09,1383.0
datokeramat,2023-10,1440.0
datokeramat,2023-11,1460.0
datokeramat,2023-12,1372.0
datokeramat,2024-01,1378.0
datokeramat,2024-02,1301.0
datokeramat,2024-03,1371.0
datokeramat,2024-04,1310.0
datokeramat,2024-05,1394.0
datokeramat,2024-06,1350.0
datokeramat,2024-07,1433.0
datokeramat,2024-08,1432.0
datokeramat,2024-09,1376.0
datokeramat,2024-10,1448.0
datokeramat,2024-11,1470.0
datokeramat,2024-12,1404.0
datokeramat,2025-01,1356.0
datokeramat,2025-02,1430.0
datokeramat,2025-03,1414.0
datokeramat,2025-04,1426.0
datokeramat,2025-05,1474.0
datokeramat,2025-06,1422.0
datokeramat,2025-07,1585.0
datokeramat,2025-08,1614.0
datokeramat,2025-09,1451.0
datokeramat,2025-10,1515.0
datokeramat,2025-11,1486.0
datokeramat,2025-12,1492.0
datokeramat,2026-01,1517.0
datokeramat,2026-02,1472.0
datokeramat,2026-03,1425.0
datokeramat,2026-04,1535.0
datokeramat,2026-05,1385.0
datokeramat,2026-06,1377.0
datokeramat,2026-07,1476.0
datokeramat,2026-08,1427.0
datokeramat,2026-09,1378.0
datomenteri,2026-08,1055.0
datomenteri,2026-09,996.0
glenmarie2,2026-08,6584.0
glenmarie2,2026-09,6322.0
gombak,2023-01,3222.0
gombak,2023-02,3415.0
gombak,2023-03,3976.0
gombak,2023-04,3227.0
gombak,2023-05,3730.0
gombak,2023-06,3683.0
gombak,2023-07,3561.0
gombak,2023-08,3722.0
gombak,2023-09,3654.0
gombak,2023-10,4086.0
gombak,2023-11,4145.0
gombak,2023-12,3869.0
gombak,2024-01,3770.0
gombak,2024-02,3577.0
gombak,2024-03,3937.0
gombak,2024-04,3505.0
gombak,2024-05,3977.0
gombak,2024-06,3550.0
gombak,2024-07,3698.0
gombak,2024-08,3667.0
gombak,2024-09,3481.0
gombak,2024-10,4085.0
gombak,2024-11,3981.0
gombak,2024-12,3843.0
gombak,2025-01,3703.0
gombak,2025-02,3804.0
gombak,2025-03,3991.0
gombak,2025-04,3979.0
gombak,2025-05,4286.0
gombak,2025-06,3998.0
gombak,2025-07,4156.0
gombak,2025-08,4001.0
gombak,2025-09,3790.0
gombak,2025-10,4404.0
gombak,2025-11,4307.0
gombak,2025-12,4472.0
gombak,2026-01,4167.0
gombak,2026-02,3623.0
gombak,2026-03,4074.0
gombak,2026-04,4456.0
gombak,2026-05,4118.0
gombak,2026-06,4358.0
gombak,2026-07,4432.0
gombak,2026-08,4094.0
gombak,2026-09,4150.0
hangtuah,2023-01,6638.0
hangtuah,2023-02,7851.0
hangtuah,2023-03,7918.0
hangtuah,2023-04,6938.0
hangtuah,2023-05,6801.0
hangtuah,2023-06,7160.0
hangtuah,2023-07,7281.0
hangtuah,2023-08,7874.0
hangtuah,2023-09,8028.0
hangtuah,2023-10,7774.0
hangtuah,2023-11,8364.0
hangtuah,2023-12,8604.0
hangtuah,2024-01,7759.0
hangtuah,2024-02,7530.0
hangtuah,2024-03,7745.0
hangtuah,2024-04,7596.0
hangtuah,2024-05,8143.0
hangtuah,2024-06,8217.0
hangtuah,2024-07,8286.0
hangtuah,2024-08,8437.0
hangtuah,2024-09,7879.0
hangtuah,2024-10,7936.0
hangtuah,2024-11,8242.0
hangtuah,2024-12,8844.0
hangtuah,2025-01,7919.0
hangtuah,2025-02,8504.0
hangtuah,2025-03,8255.0
hangtuah,2025-04,8274.0
hangtuah,2025-05,8690.0
hangtuah,2025-06,8247.0
hangtuah,2025-07,8878.0
hangtuah,2025-08,9645.0
hangtuah,2025-09,8897.0
hangtuah,2025-10,9236.0
hangtuah,2025-11,9446.0
hangtuah,2025-12,10039.0
hangtuah,2026-01,9605.0
hangtuah,2026-02,9413.0
hangtuah,2026-03,9310.0
hangtuah,2026-04,9717.0
hangtuah,2026-05,9713.0
hangtuah,2026-06,9253.0
hangtuah,2026-07,9973.0
hangtuah,2026-08,10561.0
hangtuah,2026-09,9627.0
hospitalkualalumpur,2023-03,775.0
hospitalkualalumpur,2023-04,600.0
hospitalkualalumpur,2023-05,898.0
hospitalkualalumpur,2023-06,1038.0
hospitalkualalumpur,2023-07,1051.0
hospitalkualalumpur,2023-08,1155.0
hospitalkualalumpur,2023-09,1206.0
hospitalkualalumpur,2023-10,1213.0
hospitalkualalumpur,2023-11,1352.0
hospitalkualalumpur,2023-12,1497.0
hospitalkualalumpur,2024-01,1453.0
hospitalkualalumpur,2024-02,1440.0
hospitalkualalumpur,2024-03,1341.0
hospitalkualalumpur,2024-04,1273.0
hospitalkualalumpur,2024-05,1618.0
hospitalkualalumpur,2024-06,1558.0
hospitalkualalumpur,2024-07,1755.0
hospitalkualalumpur,2024-08,1678.0
hospitalkualalumpur,2024-09,1636.0
hospitalkualalumpur,2024-10,1793.0
hospitalkualalumpur,2024-11,1812.0
hospitalkualalumpur,2024-12,1772.0
hospitalkualalumpur,2025-01,1795.0
hospitalkualalumpur,2025-02,1813.0
hospitalkualalumpur,2025-03,1502.0
hospitalkualalumpur,2025-04,1776.0
hospitalkualalumpur,2025-05,2001.0
hospitalkualalumpur,2025-06,1953.0
hospitalkualalumpur,2025-07,2129.0
hospitalkualalumpur,2025-08,2005.0
hospitalkualalumpur,2025-09,2077.0
hospitalkualalumpur,2025-10,2182.0
hospitalkualalumpur,2025-11,2025.0
hospitalkualalumpur,2025-12,2089.0
hospitalkualalumpur,2026-01,2085.0
hospitalkualalumpur,2026-02,1911.0
hospitalkualalumpur,2026-03,1811.0
hospitalkualalumpur,2026-04,2323.0
hospitalkualalumpur,2026-05,2196.0
hospitalkualalumpur,2026-06,2143.0
hospitalkualalumpur,2026-07,2346.0
hospitalkualalumpur,2026-08,2196.0
hospitalkualalumpur,2026-09,2268.0
imbi,2023-01,4596.0
imbi,2023-02,4769.0
imbi,2023-03,5013.0
imbi,2023-04,4866.0
imbi,2023-05,4497.0
imbi,2023-06,4889.0
imbi,2023-07,4680.0
imbi,2023-08,4807.0
imbi,2023-09,4836.0
imbi,2023-10,4912.0
imbi,2023-11,5567.0
imbi,2023-12,6489.0
imbi,2024-01,5060.0
imbi,2024-02,5795.0
imbi,2024-03,5135.0
imbi,2024-04,5246.0
imbi,2024-05,5153.0
imbi,2024-06,5529.0
imbi,2024-07,5199.0
imbi,2024-08,5386.0
imbi,2024-09,5201.0
imbi,2024-10,5394.0
imbi,2024-11,5500.0
imbi,2024-12,6306.0
imbi,2025-01,5912.0
imbi,2025-02,5763.0
imbi,2025-03,5089.0
imbi,2025-04,5214.0
imbi,2025-05,5463.0
imbi,2025-06,5436.0
imbi,2025-07,5547.0
imbi,2025-08,5789.0
imbi,2025-09,5483.0
imbi,2025-10,5526.0
imbi,2025-11,5528.0
imbi,2025-12,6329.0
imbi,2026-01,5381.0
imbi,2026-02,5453.0
imbi,2026-03,5136.0
imbi,2026-04,4977.0
imbi,2026-05,5263.0
imbi,2026-06,4747.0
imbi,2026-07,4989.0
imbi,2026-08,5541.0
imbi,2026-09,5159.0
ioipuchongjaya,2023-01,2431.0
ioipuchongjaya,2023-02,2515.0
ioipuchongjaya,2023-03,2662.0
ioipuchongjaya,2023-04,2416.0
ioipuchongjaya,2023-05,2567.0
ioipuchongjaya,2023-06,2636.0
ioipuchongjaya,2023-07,2516.0
ioipuchongjaya,2023-08,2648.0
ioipuchongjaya,2023-09,2574.0
ioipuchongjaya,2023-10,2514.0
ioipuchongjaya,2023-11,2617.0
ioipuchongjaya,2023-12,2641.0
ioipuchongjaya,2024-01,2509.0
ioipuchongjaya,2024-02,2588.0
ioipuchongjaya,2024-03,2743.0
ioipuchongjaya,2024-04,2755.0
ioipuchongjaya,2024-05,2910.0
ioipuchongjaya,2024-06,2820.0
ioipuchongjaya,2024-07,2888.0
ioipuchongjaya,2024-08,2912.0
ioipuchongjaya,2024-09,2781.0
ioipuchongjaya,2024-10,2953.0
ioipuchongjaya,2024-11,2930.0
ioipuchongjaya,2024-12,2971.0
ioipuchongjaya,2025-01,2883.0
ioipuchongjaya,2025-02,3040.0
ioipuchongjaya,2025-03,2844.0
ioipuchongjaya,2025-04,3043.0
ioipuchongjaya,2025-05,3107.0
ioipuchongjaya,2025-06,2945.0
ioipuchongjaya,2025-07,3066.0
ioipuchongjaya,2025-08,3154.0
ioipuchongjaya,2025-09,2997.0
ioipuchongjaya,2025-10,3053.0
ioipuchongjaya,2025-11,3029.0
ioipuchongjaya,2025-12,3155.0
ioipuchongjaya,2026-01,3219.0
ioipuchongjaya,2026-02,2941.0
ioipuchongjaya,2026-03,2996.0
ioipuchongjaya,2026-04,3146.0
ioipuchongjaya,2026-05,2971.0
ioipuchongjaya,2026-06,2930.0
ioipuchongjaya,2026-07,3029.0
ioipuchongjaya,2026-08,3096.0
ioipuchongjaya,2026-09,2909.0
jalanipoh,2023-03,348.0
jalanipoh,2023-04,255.0
jalanipoh,2023-05,318.0
jalanipoh,2023-06,333.0
jalanipoh,2023-07,378.0
jalanipoh,2023-08,402.0
jalanipoh,2023-09,392.0
jalanipoh,2023-10,445.0
jalanipoh,2023-11,409.0
jalanipoh,2023-12,418.0
jalanipoh,2024-01,438.0
jalanipoh,2024-02,338.0
jalanipoh,2024-03,478.0
jalanipoh,2024-04,479.0
jalanipoh,2024-05,519.0
jalanipoh,2024-06,523.0
jalanipoh,2024-07,559.0
jalanipoh,2024-08,646.0
jalanipoh,2024-09,493.0
jalanipoh,2024-10,580.0
jalanipoh,2024-11,556.0
jalanipoh,2024-12,490.0
jalanipoh,2025-01,435.0
jalanipoh,2025-02,510.0
jalanipoh,2025-03,581.0
jalanipoh,2025-04,593.0
jalanipoh,2025-05,616.0
jalanipoh,2025-06,563.0
jalanipoh,2025-07,683.0
jalanipoh,2025-08,657.0
jalanipoh,2025-09,575.0
jalanipoh,2025-10,554.0
jalanipoh,2025-11,564.0
jalanipoh,2025-12,511.0
jalanipoh,2026-01,604.0
jalanipoh,2026-02,578.0
jalanipoh,2026-03,555.0
jalanipoh,2026-04,696.0
jalanipoh,2026-05,612.0
jalanipoh,2026-06,598.0
jalanipoh,2026-07,714.0
jalanipoh,2026-08,636.0
jalanipoh,2026-09,553.0
jalanmeru,2026-08,363.0
jalanmeru,2026-09,269.0
jambatankota,2026-08,1384.0
jambatankota,2026-09,1064.0
jelatek,2023-01,1917.0
jelatek,2023-02,2072.0
jelatek,2023-03,2250.0
jelatek,2023-04,2087.0
jelatek,2023-05,2366.0
jelatek,2023-06,2432.0
jelatek,2023-07,2459.0
jelatek,2023-08,2704.0
jelatek,2023-09,2818.0
jelatek,2023-10,2886.0
jelatek,2023-11,2922.0
jelatek,2023-12,2900.0
jelatek,2024-01,2960.0
jelatek,2024-02,3014.0
jelatek,2024-03,3005.0
jelatek,2024-04,2907.0
jelatek,2024-05,3259.0
jelatek,2024-06,3185.0
jelatek,2024-07,3445.0
jelatek,2024-08,3455.0
jelatek,2024-09,3332.0
jelatek,2024-10,3549.0
jelatek,2024-11,3589.0
jelatek,2024-12,3528.0
jelatek,2025-01,3467.0
jelatek,2025-02,3639.0
jelatek,2025-03,3511.0
jelatek,2025-04,3503.0
jelatek,2025-05,3689.0
jelatek,2025-06,3536.0
jelatek,2025-07,3873.0
jelatek,2025-08,3899.0
jelatek,2025-09,3446.0
jelatek,2025-10,3497.0
jelatek,2025-11,3468.0
jelatek,2025-12,3495.0
jelatek,2026-01,3536.0
jelatek,2026-02,3299.0
jelatek,2026-03,3174.0
jelatek,2026-04,3635.0
jelatek,2026-05,3400.0
jelatek,2026-06,3496.0
jelatek,2026-07,3797.0
jelatek,2026-08,3760.0
jelatek,2026-09,3738.0
jinjang,2023-01,210.0
jinjang,2023-02,246.0
jinjang,2023-03,406.0
jinjang,2023-04,476.0
jinjang,2023-05,536.0
jinjang,2023-06,587.0
jinjang,2023-07,600.0
jinjang,2023-08,675.0
jinjang,2023-09,702.0
jinjang,2023-10,744.0
jinjang,2023-11,785.0
jinjang,2023-12,900.0
jinjang,2024-01,860.0
jinjang,2024-02,896.0
jinjang,2024-03,897.0
jinjang,2024-04,920.0
jinjang,2024-05,962.0
jinjang,2024-06,973.0
jinjang,2024-07,1010.0
jinjang,2024-08,1048.0
jinjang,2024-09,1037.0
jinjang,2024-10,1080.0
jinjang,2024-11,1120.0
jinjang,2024-12,1137.0
jinjang,2025-01,1108.0
jinjang,2025-02,1136.0
jinjang,2025-03,1116.0
jinjang,2025-04,1146.0
jinjang,2025-05,1214.0
jinjang,2025-06,1252.0
jinjang,2025-07,1336.0
jinjang,2025-08,1333.0
jinjang,2025-09,1255.0
jinjang,2025-10,1260.0
jinjang,2025-11,1331.0
jinjang,2025-12,1354.0
jinjang,2026-01,1371.0
jinjang,2026-02,1276.0
jinjang,2026-03,1347.0
jinjang,2026-04,1438.0
jinjang,2026-05,1351.0
jinjang,2026-06,1305.0
jinjang,2026-07,1434.0
jinjang,2026-08,1388.0
jinjang,2026-09,1375.0
johansetia,2026-08,1192.0
johansetia,2026-09,1051.0
kajang,2023-01,5267.0
kajang,2023-02,5586.0
kajang,2023-03,5955.0
kajang,2023-04,5065.0
kajang,2023-05,5824.0
kajang,2023-06,5836.0
kajang,2023-07,5615.0
kajang,2023-08,5979.0
kajang,2023-09,5814.0
kajang,2023-10,6098.0
kajang,2023-11,6227.0
kajang,2023-12,6099.0
kajang,2024-01,5970.0
kajang,2024-02,5969.0
kajang,2024-03,5987.0
kajang,2024-04,5800.0
kajang,2024-05,6596.0
kajang,2024-06,6248.0
kajang,2024-07,6511.0
kajang,2024-08,6575.0
kajang,2024-09,6391.0
kajang,2024-10,6967.0
kajang,2024-11,6986.0
kajang,2024-12,6872.0
kajang,2025-01,6566.0
kajang,2025-02,6811.0
kajang,2025-03,6146.0
kajang,2025-04,6823.0
kajang,2025-05,7189.0
kajang,2025-06,6957.0
kajang,2025-07,7400.0
kajang,2025-08,7411.0
kajang,2025-09,7020.0
kajang,2025-10,7519.0
kajang,2025-11,7403.0
kajang,2025-12,7508.0
kajang,2026-01,7426.0
kajang,2026-02,6606.0
kajang,2026-03,6619.0
kajang,2026-04,7704.0
kajang,2026-05,6936.0
kajang,2026-06,6905.0
kajang,2026-07,7395.0
kajang,2026-08,7097.0
kajang,2026-09,6757.0
kampungbaru,2023-01,2462.0
kampungbaru,2023-02,2459.0
kampungbaru,2023-03,2713.0
kampungbaru,2023-04,2500.0
kampungbaru,2023-05,2453.0
kampungbaru,2023-06,2558.0
kampungbaru,2023-07,2445.0
kampungbaru,2023-08,2679.0
kampungbaru,2023-09,2607.0
kampungbaru,2023-10,2662.0
kampungbaru,2023-11,2827.0
kampungbaru,2023-12,3045.0
kampungbaru,2024-01,2688.0
kampungbaru,2024-02,2884.0
kampungbaru,2024-03,2982.0
kampungbaru,2024-04,2553.0
kampungbaru,2024-05,2845.0
kampungbaru,2024-06,2734.0
kampungbaru,2024-07,2887.0
kampungbaru,2024-08,2911.0
kampungbaru,2024-09,2790.0
kampungbaru,2024-10,3029.0
kampungbaru,2024-11,3069.0
kampungbaru,2024-12,3244.0
kampungbaru,2025-01,3301.0
kampungbaru,2025-02,3155.0
kampungbaru,2025-03,3211.0
kampungbaru,2025-04,2760.0
kampungbaru,2025-05,3106.0
kampungbaru,2025-06,3030.0
kampungbaru,2025-07,3142.0
kampungbaru,2025-08,3271.0
kampungbaru,2025-09,2975.0
kampungbaru,2025-10,3183.0
kampungbaru,2025-11,3000.0
kampungbaru,2025-12,3363.0
kampungbaru,2026-01,3131.0
kampungbaru,2026-02,3062.0
kampungbaru,2026-03,3079.0
kampungbaru,2026-04,2982.0
kampungbaru,2026-05,2954.0
kampungbaru,2026-06,2952.0
kampungbaru,2026-07,3084.0
kampungbaru,2026-08,3298.0
kampungbaru,2026-09,3069.0
kampungbatu,2023-01,222.0
kampungbatu,2023-02,283.0
kampungbatu,2023-03,513.0
kampungbatu,2023-04,642.0
kampungbatu,2023-05,778.0
kampungbatu,2023-06,774.0
kampungbatu,2023-07,816.0
kampungbatu,2023-08,929.0
kampungbatu,2023-09,902.0
kampungbatu,2023-10,991.0
kampungbatu,2023-11,1037.0
kampungbatu,2023-12,1119.0
kampungbatu,2024-01,1157.0
kampungbatu,2024-02,1112.0
kampungbatu,2024-03,1178.0
kampungbatu,2024-04,1130.0
kampungbatu,2024-05,1241.0
kampungbatu,2024-06,1164.0
kampungbatu,2024-07,1252.0
kampungbatu,2024-08,1309.0
kampungbatu,2024-09,1258.0
kampungbatu,2024-10,1367.0
kampungbatu,2024-11,1407.0
kampungbatu,2024-12,1372.0
kampungbatu,2025-01,1379.0
kampungbatu,2025-02,1427.0
kampungbatu,2025-03,1338.0
kampungbatu,2025-04,1404.0
kampungbatu,2025-05,1495.0
kampungbatu,2025-06,1463.0
kampungbatu,2025-07,1561.0
kampungbatu,2025-08,1575.0
kampungbatu,2025-09,1438.0
kampungbatu,2025-10,1434.0
kampungbatu,2025-11,1519.0
kampungbatu,2025-12,1526.0
kampungbatu,2026-01,1603.0
kampungbatu,2026-02,1489.0
kampungbatu,2026-03,1493.0
kampungbatu,2026-04,1667.0
kampungbatu,2026-05,1520.0
kampungbatu,2026-06,1515.0
kampungbatu,2026-07,1665.0
kampungbatu,2026-08,1610.0
kampungbatu,2026-09,1527.0
kampungselamat,2023-01,1041.0
kampungselamat,2023-02,1197.0
kampungselamat,2023-03,1273.0
kampungselamat,2023-04,1159.0
kampungselamat,2023-05,1130.0
kampungselamat,2023-06,1190.0
kampungselamat,2023-07,1145.0
kampungselamat,2023-08,1176.0
kampungselamat,2023-09,1212.0
kampungselamat,2023-10,1251.0
kampungselamat,2023-11,1233.0
kampungselamat,2023-12,1151.0
kampungselamat,2024-01,1210.0
kampungselamat,2024-02,1269.0
kampungselamat,2024-03,1257.0
kampungselamat,2024-04,1252.0
kampungselamat,2024-05,1268.0
kampungselamat,2024-06,1219.0
kampungselamat,2024-07,1361.0
kampungselamat,2024-08,1394.0
kampungselamat,2024-09,1322.0
kampungselamat,2024-10,1425.0
kampungselamat,2024-11,1438.0
kampungselamat,2024-12,1332.0
kampungselamat,2025-01,1405.0
kampungselamat,2025-02,1438.0
kampungselamat,2025-03,1401.0
kampungselamat,2025-04,1402.0
kampungselamat,2025-05,1367.0
kampungselamat,2025-06,1417.0
kampungselamat,2025-07,1498.0
kampungselamat,2025-08,1471.0
kampungselamat,2025-09,1409.0
kampungselamat,2025-10,1436.0
kampungselamat,2025-11,1505.0
kampungselamat,2025-12,1386.0
kampungselamat,2026-01,1491.0
kampungselamat,2026-02,1413.0
kampungselamat,2026-03,1423.0
kampungselamat,2026-04,1448.0
kampungselamat,2026-05,1437.0
kampungselamat,2026-06,1423.0
kampungselamat,2026-07,1577.0
kampungselamat,2026-08,1396.0
kampungselamat,2026-09,1374.0
kayuara,2026-08,744.0
kayuara,2026-09,670.0
kelanajaya,2023-01,2018.0
kelanajaya,2023-02,2321.0
kelanajaya,2023-03,2517.0
kelanajaya,2023-04,2135.0
kelanajaya,2023-05,2320.0
kelanajaya,2023-06,2331.0
kelanajaya,2023-07,2343.0
kelanajaya,2023-08,2475.0
kelanajaya,2023-09,2421.0
kelanajaya,2023-10,2538.0
kelanajaya,2023-11,2493.0
kelanajaya,2023-12,2283.0
kelanajaya,2024-01,2472.0
kelanajaya,2024-02,2324.0
kelanajaya,2024-03,2470.0
kelanajaya,2024-04,2400.0
kelanajaya,2024-05,2513.0
kelanajaya,2024-06,2358.0
kelanajaya,2024-07,2646.0
kelanajaya,2024-08,2643.0
kelanajaya,2024-09,2481.0
kelanajaya,2024-10,2647.0
kelanajaya,2024-11,2620.0
kelanajaya,2024-12,2436.0
kelanajaya,2025-01,2637.0
kelanajaya,2025-02,2674.0
kelanajaya,2025-03,2468.0
kelanajaya,2025-04,2604.0
kelanajaya,2025-05,2553.0
kelanajaya,2025-06,2472.0
kelanajaya,2025-07,2840.0
kelanajaya,2025-08,2787.0
kelanajaya,2025-09,2533.0
kelanajaya,2025-10,2667.0
kelanajaya,2025-11,2614.0
kelanajaya,2025-12,2616.0
kelanajaya,2026-01,2693.0
kelanajaya,2026-02,2384.0
kelanajaya,2026-03,2521.0
kelanajaya,2026-04,2830.0
kelanajaya,2026-05,2479.0
kelanajaya,2026-06,2469.0
kelanajaya,2026-07,2620.0
kelanajaya,2026-08,2379.0
kelanajaya,2026-09,2385.0
kentomen,2023-03,363.0
kentomen,2023-04,326.0
kentomen,2023-05,398.0
kentomen,2023-06,438.0
kentomen,2023-07,474.0
kentomen,2023-08,507.0
kentomen,2023-09,529.0
kentomen,2023-10,570.0
kentomen,2023-11,602.0
kentomen,2023-12,700.0
kentomen,2024-01,672.0
kentomen,2024-02,682.0
kentomen,2024-03,682.0
kentomen,2024-04,702.0
kentomen,2024-05,773.0
kentomen,2024-06,773.0
kentomen,2024-07,828.0
kentomen,2024-08,855.0
kentomen,2024-09,817.0
kentomen,2024-10,851.0
kentomen,2024-11,846.0
kentomen,2024-12,847.0
kentomen,2025-01,843.0
kentomen,2025-02,883.0
kentomen,2025-03,878.0
kentomen,2025-04,899.0
kentomen,2025-05,947.0
kentomen,2025-06,972.0
kentomen,2025-07,1013.0
kentomen,2025-08,1009.0
kentomen,2025-09,975.0
kentomen,2025-10,935.0
kentomen,2025-11,1014.0
kentomen,2025-12,1036.0
kentomen,2026-01,1099.0
kentomen,2026-02,1059.0
kentomen,2026-03,1093.0
kentomen,2026-04,1162.0
kentomen,2026-05,1109.0
kentomen,2026-06,1072.0
kentomen,2026-07,1168.0
kentomen,2026-08,1096.0
kentomen,2026-09,1086.0
kepongbaru,2023-01,353.0
kepongbaru,2023-02,421.0
kepongbaru,2023-03,715.0
kepongbaru,2023-04,664.0
kepongbaru,2023-05,703.0
kepongbaru,2023-06,758.0
kepongbaru,2023-07,775.0
kepongbaru,2023-08,857.0
kepongbaru,2023-09,873.0
kepongbaru,2023-10,900.0
kepongbaru,2023-11,968.0
kepongbaru,2023-12,1183.0
kepongbaru,2024-01,1074.0
kepongbaru,2024-02,1094.0
kepongbaru,2024-03,1095.0
kepongbaru,2024-04,1133.0
kepongbaru,2024-05,1179.0
kepongbaru,2024-06,1156.0
kepongbaru,2024-07,1216.0
kepongbaru,2024-08,1236.0
kepongbaru,2024-09,1246.0
kepongbaru,2024-10,1301.0
kepongbaru,2024-11,1325.0
kepongbaru,2024-12,1345.0
kepongbaru,2025-01,1261.0
kepongbaru,2025-02,1284.0
kepongbaru,2025-03,1292.0
kepongbaru,2025-04,1332.0
kepongbaru,2025-05,1353.0
kepongbaru,2025-06,1400.0
kepongbaru,2025-07,1468.0
kepongbaru,2025-08,1498.0
kepongbaru,2025-09,1443.0
kepongbaru,2025-10,1386.0
kepongbaru,2025-11,1492.0
kepongbaru,2025-12,1548.0
kepongbaru,2026-01,1558.0
kepongbaru,2026-02,1391.0
kepongbaru,2026-03,1475.0
kepongbaru,2026-04,1594.0
kepongbaru,2026-05,1553.0
kepongbaru,2026-06,1500.0
kepongbaru,2026-07,1659.0
kepongbaru,2026-08,1590.0
kepongbaru,2026-09,1538.0
kerinchi,2023-01,4630.0
kerinchi,2023-02,5227.0
kerinchi,2023-03,6032.0
kerinchi,2023-04,4693.0
kerinchi,2023-05,5619.0
kerinchi,2023-06,5354.0
kerinchi,2023-07,5526.0
kerinchi,2023-08,6005.0
kerinchi,2023-09,5689.0
kerinchi,2023-10,6227.0
kerinchi,2023-11,6203.0
kerinchi,2023-12,5238.0
kerinchi,2024-01,6020.0
kerinchi,2024-02,5504.0
kerinchi,2024-03,5842.0
kerinchi,2024-04,5528.0
kerinchi,2024-05,6072.0
kerinchi,2024-06,5533.0
kerinchi,2024-07,6376.0
kerinchi,2024-08,6451.0
kerinchi,2024-09,5814.0
kerinchi,2024-10,6653.0
kerinchi,2024-11,6498.0
kerinchi,2024-12,6016.0
kerinchi,2025-01,5997.0
kerinchi,2025-02,6425.0
kerinchi,2025-03,5952.0
kerinchi,2025-04,6524.0
kerinchi,2025-05,6268.0
kerinchi,2025-06,6164.0
kerinchi,2025-07,7240.0
kerinchi,2025-08,6902.0
kerinchi,2025-09,6107.0
kerinchi,2025-10,6589.0
kerinchi,2025-11,6606.0
kerinchi,2025-12,6452.0
kerinchi,2026-01,6696.0
kerinchi,2026-02,5615.0
kerinchi,2026-03,6017.0
kerinchi,2026-04,7213.0
kerinchi,2026-05,6093.0
kerinchi,2026-06,6224.0
kerinchi,2026-07,7120.0
kerinchi,2026-08,6296.0
kerinchi,2026-09,6334.0
kerjaya,2026-08,1022.0
kerjaya,2026-09,966.0
kinrara,2023-01,2125.0
kinrara,2023-02,2149.0
kinrara,2023-03,2263.0
kinrara,2023-04,1800.0
kinrara,2023-05,2019.0
kinrara,2023-06,2038.0
kinrara,2023-07,2079.0
kinrara,2023-08,2160.0
kinrara,2023-09,2128.0
kinrara,2023-10,2242.0
kinrara,2023-11,2230.0
kinrara,2023-12,2080.0
kinrara,2024-01,2153.0
kinrara,2024-02,2084.0
kinrara,2024-03,2261.0
kinrara,2024-04,2226.0
kinrara,2024-05,2403.0
kinrara,2024-06,2331.0
kinrara,2024-07,2481.0
kinrara,2024-08,2509.0
kinrara,2024-09,2366.0
kinrara,2024-10,2519.0
kinrara,2024-11,2443.0
kinrara,2024-12,2260.0
kinrara,2025-01,2193.0
kinrara,2025-02,2514.0
kinrara,2025-03,2406.0
kinrara,2025-04,2521.0
kinrara,2025-05,2539.0
kinrara,2025-06,2474.0
kinrara,2025-07,2737.0
kinrara,2025-08,2693.0
kinrara,2025-09,2475.0
kinrara,2025-10,2650.0
kinrara,2025-11,2505.0
kinrara,2025-12,2432.0
kinrara,2026-01,2676.0
kinrara,2026-02,2402.0
kinrara,2026-03,2481.0
kinrara,2026-04,2803.0
kinrara,2026-05,2492.0
kinrara,2026-06,2529.0
kinrara,2026-07,2776.0
kinrara,2026-08,2617.0
kinrara,2026-09,2538.0
klangjaya,2026-08,513.0
klangjaya,2026-09,484.0
klcc,2023-01,17519.0
klcc,2023-02,18181.0
klcc,2023-03,19765.0
klcc,2023-04,17853.0
klcc,2023-05,18811.0
klcc,2023-06,20662.0
klcc,2023-07,19440.0
klcc,2023-08,21186.0
klcc,2023-09,20320.0
klcc,2023-10,21421.0
klcc,2023-11,21517.0
klcc,2023-12,23354.0
klcc,2024-01,20119.0
klcc,2024-02,22230.0
klcc,2024-03,20038.0
klcc,2024-04,21401.0
klcc,2024-05,22050.0
klcc,2024-06,21157.0
klcc,2024-07,23087.0
klcc,2024-08,23398.0
klcc,2024-09,21803.0
klcc,2024-10,23262.0
klcc,2024-11,22938.0
klcc,2024-12,25387.0
klcc,2025-01,22266.0
klcc,2025-02,22592.0
klcc,2025-03,19801.0
klcc,2025-04,21578.0
klcc,2025-05,21090.0
klcc,2025-06,21009.0
klcc,2025-07,23410.0
klcc,2025-08,24246.0
klcc,2025-09,21901.0
klcc,2025-10,21264.0
klcc,2025-11,21400.0
klcc,2025-12,24580.0
klcc,2026-01,21131.0
klcc,2026-02,20307.0
klcc,2026-03,20595.0
klcc,2026-04,21424.0
klcc,2026-05,20236.0
klcc,2026-06,20110.0
klcc,2026-07,22411.0
klcc,2026-08,22557.0
klcc,2026-09,21722.0
klsentral,2023-01,22986.0
klsentral,2023-02,25887.0
klsentral,2023-03,27124.0
klsentral,2023-04,23552.0
klsentral,2023-05,24556.0
klsentral,2023-06,24960.0
klsentral,2023-07,25291.0
klsentral,2023-08,26347.0
klsentral,2023-09,26055.0
klsentral,2023-10,26593.0
klsentral,2023-11,27425.0
klsentral,2023-12,26741.0
klsentral,2024-01,25993.0
klsentral,2024-02,26478.0
klsentral,2024-03,25247.0
klsentral,2024-04,24688.0
klsentral,2024-05,25926.0
klsentral,2024-06,25733.0
klsentral,2024-07,27301.0
klsentral,2024-08,27671.0
klsentral,2024-09,26196.0
klsentral,2024-10,28070.0
klsentral,2024-11,27897.0
klsentral,2024-12,28310.0
klsentral,2025-01,27872.0
klsentral,2025-02,29100.0
klsentral,2025-03,25272.0
klsentral,2025-04,27896.0
klsentral,2025-05,27973.0
klsentral,2025-06,26801.0
klsentral,2025-07,29171.0
klsentral,2025-08,28926.0
klsentral,2025-09,26967.0
klsentral,2025-10,28415.0
klsentral,2025-11,27683.0
klsentral,2025-12,28412.0
klsentral,2026-01,27636.0
klsentral,2026-02,26512.0
klsentral,2026-03,25868.0
klsentral,2026-04,27915.0
klsentral,2026-05,26125.0
klsentral,2026-06,25475.0
klsentral,2026-07,27291.0
klsentral,2026-08,26398.0
klsentral,2026-09,25979.0
kotadamansara,2023-01,3297.0
kotadamansara,2023-02,4009.0
kotadamansara,2023-03,4201.0
kotadamansara,2023-04,3447.0
kotadamansara,2023-05,3716.0
kotadamansara,2023-06,3835.0
kotadamansara,2023-07,3812.0
kotadamansara,2023-08,3759.0
kotadamansara,2023-09,4006.0
kotadamansara,2023-10,4249.0
kotadamansara,2023-11,4109.0
kotadamansara,2023-12,3590.0
kotadamansara,2024-01,3868.0
kotadamansara,2024-02,3896.0
kotadamansara,2024-03,4190.0
kotadamansara,2024-04,3913.0
kotadamansara,2024-05,4106.0
kotadamansara,2024-06,3891.0
kotadamansara,2024-07,4341.0
kotadamansara,2024-08,4371.0
kotadamansara,2024-09,4120.0
kotadamansara,2024-10,4535.0
kotadamansara,2024-11,4679.0
kotadamansara,2024-12,4141.0
kotadamansara,2025-01,4207.0
kotadamansara,2025-02,4663.0
kotadamansara,2025-03,4459.0
kotadamansara,2025-04,4265.0
kotadamansara,2025-05,4427.0
kotadamansara,2025-06,4438.0
kotadamansara,2025-07,4728.0
kotadamansara,2025-08,4587.0
kotadamansara,2025-09,4516.0
kotadamansara,2025-10,4783.0
kotadamansara,2025-11,4778.0
kotadamansara,2025-12,4227.0
kotadamansara,2026-01,4723.0
kotadamansara,2026-02,4416.0
kotadamansara,2026-03,4292.0
kotadamansara,2026-04,4675.0
kotadamansara,2026-05,4403.0
kotadamansara,2026-06,4604.0
kotadamansara,2026-07,4937.0
kotadamansara,2026-08,4288.0
kotadamansara,2026-09,4557.0
kuchai,2023-03,893.0
kuchai,2023-04,793.0
kuchai,2023-05,947.0
kuchai,2023-06,1052.0
kuchai,2023-07,1134.0
kuchai,2023-08,1275.0
kuchai,2023-09,1328.0
kuchai,2023-10,1433.0
kuchai,2023-11,1517.0
kuchai,2023-12,1934.0
kuchai,2024-01,1804.0
kuchai,2024-02,1804.0
kuchai,2024-03,1922.0
kuchai,2024-04,1937.0
kuchai,2024-05,2069.0
kuchai,2024-06,2087.0
kuchai,2024-07,2242.0
kuchai,2024-08,2290.0
kuchai,2024-09,2250.0
kuchai,2024-10,2400.0
kuchai,2024-11,2401.0
kuchai,2024-12,2462.0
kuchai,2025-01,2267.0
kuchai,2025-02,2422.0
kuchai,2025-03,2373.0
kuchai,2025-04,2523.0
kuchai,2025-05,2530.0
kuchai,2025-06,2583.0
kuchai,2025-07,2761.0
kuchai,2025-08,2758.0
kuchai,2025-09,2570.0
kuchai,2025-10,2569.0
kuchai,2025-11,2684.0
kuchai,2025-12,2789.0
kuchai,2026-01,2825.0
kuchai,2026-02,2568.0
kuchai,2026-03,2706.0
kuchai,2026-04,2989.0
kuchai,2026-05,2782.0
kuchai,2026-06,2765.0
kuchai,2026-07,3010.0
kuchai,2026-08,2895.0
kuchai,2026-09,2867.0
kwasadamansara,2023-01,471.0
kwasadamansara,2023-02,500.0
kwasadamansara,2023-03,635.0
kwasadamansara,2023-04,466.0
kwasadamansara,2023-05,547.0
kwasadamansara,2023-06,554.0
kwasadamansara,2023-07,533.0
kwasadamansara,2023-08,645.0
kwasadamansara,2023-09,671.0
kwasadamansara,2023-10,776.0
kwasadamansara,2023-11,815.0
kwasadamansara,2023-12,826.0
kwasadamansara,2024-01,870.0
kwasadamansara,2024-02,910.0
kwasadamansara,2024-03,873.0
kwasadamansara,2024-04,878.0
kwasadamansara,2024-05,1027.0
kwasadamansara,2024-06,943.0
kwasadamansara,2024-07,1017.0
kwasadamansara,2024-08,1071.0
kwasadamansara,2024-09,1071.0
kwasadamansara,2024-10,1163.0
kwasadamansara,2024-11,1249.0
kwasadamansara,2024-12,1317.0
kwasadamansara,2025-01,1479.0
kwasadamansara,2025-02,1590.0
kwasadamansara,2025-03,1388.0
kwasadamansara,2025-04,1469.0
kwasadamansara,2025-05,1513.0
kwasadamansara,2025-06,1567.0
kwasadamansara,2025-07,1714.0
kwasadamansara,2025-08,1691.0
kwasadamansara,2025-09,1550.0
kwasadamansara,2025-10,1917.0
kwasadamansara,2025-11,1653.0
kwasadamansara,2025-12,1657.0
kwasadamansara,2026-01,1669.0
kwasadamansara,2026-02,1482.0
kwasadamansara,2026-03,1483.0
kwasadamansara,2026-04,1746.0
kwasadamansara,2026-05,1593.0
kwasadamansara,2026-06,1646.0
kwasadamansara,2026-07,1868.0
kwasadamansara,2026-08,1764.0
kwasadamansara,2026-09,1713.0
kwasasentral,2023-01,2536.0
kwasasentral,2023-02,2617.0
kwasasentral,2023-03,2809.0
kwasasentral,2023-04,2380.0
kwasasentral,2023-05,2683.0
kwasasentral,2023-06,2778.0
kwasasentral,2023-07,2656.0
kwasasentral,2023-08,2769.0
kwasasentral,2023-09,2814.0
kwasasentral,2023-10,2937.0
kwasasentral,2023-11,2947.0
kwasasentral,2023-12,3016.0
kwasasentral,2024-01,2908.0
kwasasentral,2024-02,3002.0
kwasasentral,2024-03,2926.0
kwasasentral,2024-04,2881.0
kwasasentral,2024-05,3221.0
kwasasentral,2024-06,3111.0
kwasasentral,2024-07,3209.0
kwasasentral,2024-08,3088.0
kwasasentral,2024-09,3116.0
kwasasentral,2024-10,3297.0
kwasasentral,2024-11,3163.0
kwasasentral,2024-12,2921.0
kwasasentral,2025-01,2850.0
kwasasentral,2025-02,2914.0
kwasasentral,2025-03,2750.0
kwasasentral,2025-04,3010.0
kwasasentral,2025-05,3149.0
kwasasentral,2025-06,3101.0
kwasasentral,2025-07,3224.0
kwasasentral,2025-08,3166.0
kwasasentral,2025-09,3128.0
kwasasentral,2025-10,3211.0
kwasasentral,2025-11,3218.0
kwasasentral,2025-12,3265.0
kwasasentral,2026-01,3189.0
kwasasentral,2026-02,3011.0
kwasasentral,2026-03,2973.0
kwasasentral,2026-04,3395.0
kwasasentral,2026-05,3250.0
kwasasentral,2026-06,3208.0
kwasasentral,2026-07,3362.0
kwasasentral,2026-08,3199.0
kwasasentral,2026-09,3168.0
lembahsubang,2023-01,2323.0
lembahsubang,2023-02,2684.0
lembahsubang,2023-03,2882.0
lembahsubang,2023-04,2509.0
lembahsubang,2023-05,2774.0
lembahsubang,2023-06,2794.0
lembahsubang,2023-07,2846.0
lembahsubang,2023-08,2946.0
lembahsubang,2023-09,2932.0
lembahsubang,2023-10,3107.0
lembahsubang,2023-11,3068.0
lembahsubang,2023-12,2741.0
lembahsubang,2024-01,3060.0
lembahsubang,2024-02,2909.0
lembahsubang,2024-03,3169.0
lembahsubang,2024-04,3066.0
lembahsubang,2024-05,3291.0
lembahsubang,2024-06,3039.0
lembahsubang,2024-07,3434.0
lembahsubang,2024-08,3460.0
lembahsubang,2024-09,3233.0
lembahsubang,2024-10,3610.0
lembahsubang,2024-11,3515.0
lembahsubang,2024-12,3223.0
lembahsubang,2025-01,3201.0
lembahsubang,2025-02,3514.0
lembahsubang,2025-03,3322.0
lembahsubang,2025-04,3428.0
lembahsubang,2025-05,3360.0
lembahsubang,2025-06,3349.0
lembahsubang,2025-07,3740.0
lembahsubang,2025-08,3689.0
lembahsubang,2025-09,3406.0
lembahsubang,2025-10,3623.0
lembahsubang,2025-11,3546.0
lembahsubang,2025-12,3380.0
lembahsubang,2026-01,3587.0
lembahsubang,2026-02,3260.0
lembahsubang,2026-03,3484.0
lembahsubang,2026-04,3863.0
lembahsubang,2026-05,3390.0
lembahsubang,2026-06,3410.0
lembahsubang,2026-07,3691.0
lembahsubang,2026-08,3369.0
lembahsubang,2026-09,3345.0
maharajalela,2023-01,631.0
maharajalela,2023-02,711.0
maharajalela,2023-03,737.0
maharajalela,2023-04,666.0
maharajalela,2023-05,667.0
maharajalela,2023-06,692.0
maharajalela,2023-07,710.0
maharajalela,2023-08,781.0
maharajalela,2023-09,720.0
maharajalela,2023-10,726.0
maharajalela,2023-11,746.0
maharajalela,2023-12,814.0
maharajalela,2024-01,803.0
maharajalela,2024-02,855.0
maharajalela,2024-03,813.0
maharajalela,2024-04,777.0
maharajalela,2024-05,781.0
maharajalela,2024-06,810.0
maharajalela,2024-07,868.0
maharajalela,2024-08,1011.0
maharajalela,2024-09,887.0
maharajalela,2024-10,942.0
maharajalela,2024-11,995.0
maharajalela,2024-12,1232.0
maharajalela,2025-01,1061.0
maharajalela,2025-02,1074.0
maharajalela,2025-03,1216.0
maharajalela,2025-04,995.0
maharajalela,2025-05,1097.0
maharajalela,2025-06,1102.0
maharajalela,2025-07,1335.0
maharajalela,2025-08,1388.0
maharajalela,2025-09,1220.0
maharajalela,2025-10,1642.0
maharajalela,2025-11,1323.0
maharajalela,2025-12,1451.0
maharajalela,2026-01,1517.0
maharajalela,2026-02,1663.0
maharajalela,2026-03,1956.0
maharajalela,2026-04,1328.0
maharajalela,2026-05,1354.0
maharajalela,2026-06,1432.0
maharajalela,2026-07,1731.0
maharajalela,2026-08,1675.0
maharajalela,2026-09,1546.0
maluri,2023-01,10815.0
maluri,2023-02,11405.0
maluri,2023-03,11733.0
maluri,2023-04,10660.0
maluri,2023-05,11228.0
maluri,2023-06,11582.0
maluri,2023-07,11861.0
maluri,2023-08,12059.0
maluri,2023-09,12228.0
maluri,2023-10,12676.0
maluri,2023-11,13111.0
maluri,2023-12,14168.0
maluri,2024-01,13594.0
maluri,2024-02,13372.0
maluri,2024-03,13917.0
maluri,2024-04,13785.0
maluri,2024-05,14739.0
maluri,2024-06,14728.0
maluri,2024-07,15487.0
maluri,2024-08,15708.0
maluri,2024-09,15367.0
maluri,2024-10,16108.0
maluri,2024-11,16326.0
maluri,2024-12,16785.0
maluri,2025-01,16158.0
maluri,2025-02,16733.0
maluri,2025-03,15929.0
maluri,2025-04,16530.0
maluri,2025-05,16776.0
maluri,2025-06,16767.0
maluri,2025-07,17590.0
maluri,2025-08,17752.0
maluri,2025-09,16462.0
maluri,2025-10,17257.0
maluri,2025-11,17197.0
maluri,2025-12,17838.0
maluri,2026-01,17530.0
maluri,2026-02,16707.0
maluri,2026-03,16611.0
maluri,2026-04,17556.0
maluri,2026-05,16966.0
maluri,2026-06,16961.0
maluri,2026-07,17777.0
maluri,2026-08,17432.0
maluri,2026-09,16891.0
masjidjamek,2023-01,15039.0
masjidjamek,2023-02,15905.0
masjidjamek,2023-03,16589.0
masjidjamek,2023-04,17142.0
masjidjamek,2023-05,15438.0
masjidjamek,2023-06,15673.0
masjidjamek,2023-07,15228.0
masjidjamek,2023-08,16115.0
masjidjamek,2023-09,15907.0
masjidjamek,2023-10,16263.0
masjidjamek,2023-11,15936.0
masjidjamek,2023-12,15264.0
masjidjamek,2024-01,14816.0
masjidjamek,2024-02,16841.0
masjidjamek,2024-03,16940.0
masjidjamek,2024-04,16032.0
masjidjamek,2024-05,16322.0
masjidjamek,2024-06,15555.0
masjidjamek,2024-07,16372.0
masjidjamek,2024-08,16489.0
masjidjamek,2024-09,15225.0
masjidjamek,2024-10,16528.0
masjidjamek,2024-11,15744.0
masjidjamek,2024-12,16222.0
masjidjamek,2025-01,16196.0
masjidjamek,2025-02,16378.0
masjidjamek,2025-03,17226.0
masjidjamek,2025-04,15203.0
masjidjamek,2025-05,15607.0
masjidjamek,2025-06,15547.0
masjidjamek,2025-07,16741.0
masjidjamek,2025-08,17099.0
masjidjamek,2025-09,14677.0
masjidjamek,2025-10,15655.0
masjidjamek,2025-11,15101.0
masjidjamek,2025-12,15518.0
masjidjamek,2026-01,15864.0
masjidjamek,2026-02,17302.0
masjidjamek,2026-03,17878.0
masjidjamek,2026-04,16185.0
masjidjamek,2026-05,15560.0
masjidjamek,2026-06,14684.0
masjidjamek,2026-07,16214.0
masjidjamek,2026-08,16426.0
masjidjamek,2026-09,14508.0
medantuanku,2023-01,2162.0
medantuanku,2023-02,2793.0
medantuanku,2023-03,3542.0
medantuanku,2023-04,3026.0
medantuanku,2023-05,3254.0
medantuanku,2023-06,3209.0
medantuanku,2023-07,3060.0
medantuanku,2023-08,3386.0
medantuanku,2023-09,3212.0
medantuanku,2023-10,3519.0
medantuanku,2023-11,3971.0
medantuanku,2023-12,3762.0
medantuanku,2024-01,3745.0
medantuanku,2024-02,3313.0
medantuanku,2024-03,3129.0
medantuanku,2024-04,2837.0
medantuanku,2024-05,3196.0
medantuanku,2024-06,3033.0
medantuanku,2024-07,3006.0
medantuanku,2024-08,3359.0
medantuanku,2024-09,2854.0
medantuanku,2024-10,3330.0
medantuanku,2024-11,3674.0
medantuanku,2024-12,3685.0
medantuanku,2025-01,3411.0
medantuanku,2025-02,3284.0
medantuanku,2025-03,3090.0
medantuanku,2025-04,3242.0
medantuanku,2025-05,3508.0
medantuanku,2025-06,3295.0
medantuanku,2025-07,3469.0
medantuanku,2025-08,3723.0
medantuanku,2025-09,3146.0
medantuanku,2025-10,3913.0
medantuanku,2025-11,3763.0
medantuanku,2025-12,4133.0
medantuanku,2026-01,3800.0
medantuanku,2026-02,3288.0
medantuanku,2026-03,3289.0
medantuanku,2026-04,3994.0
medantuanku,2026-05,3690.0
medantuanku,2026-06,3417.0
medantuanku,2026-07,3462.0
medantuanku,2026-08,3967.0
medantuanku,2026-09,3511.0
merdeka,2023-01,1644.0
merdeka,2023-02,1632.0
merdeka,2023-03,1881.0
merdeka,2023-04,1613.0
merdeka,2023-05,1911.0
merdeka,2023-06,1850.0
merdeka,2023-07,2125.0
merdeka,2023-08,2041.0
merdeka,2023-09,2052.0
merdeka,2023-10,2103.0
merdeka,2023-11,1952.0
merdeka,2023-12,1557.0
merdeka,2024-01,1983.0
merdeka,2024-02,1467.0
merdeka,2024-03,1930.0
merdeka,2024-04,1879.0
merdeka,2024-05,2041.0
merdeka,2024-06,2135.0
merdeka,2024-07,2452.0
merdeka,2024-08,2500.0
merdeka,2024-09,1994.0
merdeka,2024-10,2321.0
merdeka,2024-11,2245.0
merdeka,2024-12,2001.0
merdeka,2025-01,1809.0
merdeka,2025-02,1981.0
merdeka,2025-03,2158.0
merdeka,2025-04,2202.0
merdeka,2025-05,2244.0
merdeka,2025-06,2119.0
merdeka,2025-07,2681.0
merdeka,2025-08,2744.0
merdeka,2025-09,2230.0
merdeka,2025-10,2501.0
merdeka,2025-11,2217.0
merdeka,2025-12,1888.0
merdeka,2026-01,2387.0
merdeka,2026-02,2171.0
merdeka,2026-03,2247.0
merdeka,2026-04,2570.0
merdeka,2026-05,2568.0
merdeka,2026-06,3280.0
merdeka,2026-07,3940.0
merdeka,2026-08,3544.0
merdeka,2026-09,3220.0
metroprima,2023-01,732.0
metroprima,2023-02,856.0
metroprima,2023-03,1205.0
metroprima,2023-04,1127.0
metroprima,2023-05,1197.0
metroprima,2023-06,1299.0
metroprima,2023-07,1338.0
metroprima,2023-08,1435.0
metroprima,2023-09,1473.0
metroprima,2023-10,1536.0
metroprima,2023-11,1629.0
metroprima,2023-12,1927.0
metroprima,2024-01,1798.0
metroprima,2024-02,1844.0
metroprima,2024-03,1897.0
metroprima,2024-04,1901.0
metroprima,2024-05,2004.0
metroprima,2024-06,1956.0
metroprima,2024-07,2087.0
metroprima,2024-08,2093.0
metroprima,2024-09,2091.0
metroprima,2024-10,2173.0
metroprima,2024-11,2204.0
metroprima,2024-12,2256.0
metroprima,2025-01,2124.0
metroprima,2025-02,2229.0
metroprima,2025-03,2230.0
metroprima,2025-04,2234.0
metroprima,2025-05,2303.0
metroprima,2025-06,2332.0
metroprima,2025-07,2437.0
metroprima,2025-08,2444.0
metroprima,2025-09,2351.0
metroprima,2025-10,2303.0
metroprima,2025-11,2390.0
metroprima,2025-12,2540.0
metroprima,2026-01,2478.0
metroprima,2026-02,2291.0
metroprima,2026-03,2397.0
metroprima,2026-04,2532.0
metroprima,2026-05,2441.0
metroprima,2026-06,2394.0
metroprima,2026-07,2589.0
metroprima,2026-08,2494.0
metroprima,2026-09,2476.0
miharja,2023-01,1203.0
miharja,2023-02,1205.0
miharja,2023-03,1218.0
miharja,2023-04,1106.0
miharja,2023-05,1126.0
miharja,2023-06,1140.0
miharja,2023-07,1103.0
miharja,2023-08,1162.0
miharja,2023-09,1164.0
miharja,2023-10,1183.0
miharja,2023-11,1201.0
miharja,2023-12,1175.0
miharja,2024-01,1171.0
miharja,2024-02,1199.0
miharja,2024-03,1252.0
miharja,2024-04,1278.0
miharja,2024-05,1338.0
miharja,2024-06,1318.0
miharja,2024-07,1381.0
miharja,2024-08,1406.0
miharja,2024-09,1394.0
miharja,2024-10,1460.0
miharja,2024-11,1451.0
miharja,2024-12,1425.0
miharja,2025-01,1366.0
miharja,2025-02,1441.0
miharja,2025-03,1431.0
miharja,2025-04,1403.0
miharja,2025-05,1418.0
miharja,2025-06,1394.0
miharja,2025-07,1482.0
miharja,2025-08,1486.0
miharja,2025-09,1425.0
miharja,2025-10,1495.0
miharja,2025-11,1490.0
miharja,2025-12,1501.0
miharja,2026-01,1536.0
miharja,2026-02,1481.0
miharja,2026-03,1535.0
miharja,2026-04,1587.0
miharja,2026-05,1480.0
miharja,2026-06,1571.0
miharja,2026-07,1701.0
miharja,2026-08,1702.0
miharja,2026-09,1658.0
muhibbah,2023-01,1318.0
muhibbah,2023-02,1347.0
muhibbah,2023-03,1423.0
muhibbah,2023-04,1241.0
muhibbah,2023-05,1355.0
muhibbah,2023-06,1356.0
muhibbah,2023-07,1361.0
muhibbah,2023-08,1452.0
muhibbah,2023-09,1415.0
muhibbah,2023-10,1503.0
muhibbah,2023-11,1522.0
muhibbah,2023-12,1417.0
muhibbah,2024-01,1457.0
muhibbah,2024-02,1408.0
muhibbah,2024-03,1542.0
muhibbah,2024-04,1495.0
muhibbah,2024-05,1586.0
muhibbah,2024-06,1526.0
muhibbah,2024-07,1637.0
muhibbah,2024-08,1671.0
muhibbah,2024-09,1584.0
muhibbah,2024-10,1747.0
muhibbah,2024-11,1689.0
muhibbah,2024-12,1599.0
muhibbah,2025-01,1558.0
muhibbah,2025-02,1703.0
muhibbah,2025-03,1629.0
muhibbah,2025-04,1705.0
muhibbah,2025-05,1730.0
muhibbah,2025-06,1668.0
muhibbah,2025-07,1814.0
muhibbah,2025-08,1818.0
muhibbah,2025-09,1705.0
muhibbah,2025-10,1848.0
muhibbah,2025-11,1784.0
muhibbah,2025-12,1758.0
muhibbah,2026-01,1884.0
muhibbah,2026-02,1645.0
muhibbah,2026-03,1758.0
muhibbah,2026-04,1940.0
muhibbah,2026-05,1755.0
muhibbah,2026-06,1771.0
muhibbah,2026-07,1923.0
muhibbah,2026-08,1815.0
muhibbah,2026-09,1790.0
mutiaradamansara,2023-01,3686.0
mutiaradamansara,2023-02,4012.0
mutiaradamansara,2023-03,4273.0
mutiaradamansara,2023-04,3766.0
mutiaradamansara,2023-05,4175.0
mutiaradamansara,2023-06,4175.0
mutiaradamansara,2023-07,4143.0
mutiaradamansara,2023-08,4335.0
mutiaradamansara,2023-09,4351.0
mutiaradamansara,2023-10,4594.0
mutiaradamansara,2023-11,4615.0
mutiaradamansara,2023-12,4354.0
mutiaradamansara,2024-01,4615.0
mutiaradamansara,2024-02,4615.0
mutiaradamansara,2024-03,4638.0
mutiaradamansara,2024-04,4332.0
mutiaradamansara,2024-05,4696.0
mutiaradamansara,2024-06,4651.0
mutiaradamansara,2024-07,4959.0
mutiaradamansara,2024-08,5066.0
mutiaradamansara,2024-09,4903.0
mutiaradamansara,2024-10,5246.0
mutiaradamansara,2024-11,5196.0
mutiaradamansara,2024-12,5067.0
mutiaradamansara,2025-01,4997.0
mutiaradamansara,2025-02,5310.0
mutiaradamansara,2025-03,5081.0
mutiaradamansara,2025-04,5199.0
mutiaradamansara,2025-05,5305.0
mutiaradamansara,2025-06,5184.0
mutiaradamansara,2025-07,5776.0
mutiaradamansara,2025-08,5769.0
mutiaradamansara,2025-09,5399.0
mutiaradamansara,2025-10,5805.0
mutiaradamansara,2025-11,5702.0
mutiaradamansara,2025-12,5881.0
mutiaradamansara,2026-01,5898.0
mutiaradamansara,2026-02,5548.0
mutiaradamansara,2026-03,5515.0
mutiaradamansara,2026-04,6099.0
mutiaradamansara,2026-05,5666.0
mutiaradamansara,2026-06,5858.0
mutiaradamansara,2026-07,6420.0
mutiaradamansara,2026-08,6054.0
mutiaradamansara,2026-09,5935.0
muziumnegara,2023-01,7443.0
muziumnegara,2023-02,8368.0
muziumnegara,2023-03,8898.0
muziumnegara,2023-04,7321.0
muziumnegara,2023-05,8108.0
muziumnegara,2023-06,8204.0
muziumnegara,2023-07,8390.0
muziumnegara,2023-08,8840.0
muziumnegara,2023-09,8703.0
muziumnegara,2023-10,8954.0
muziumnegara,2023-11,9092.0
muziumnegara,2023-12,8673.0
muziumnegara,2024-01,9004.0
muziumnegara,2024-02,8930.0
muziumnegara,2024-03,8649.0
muziumnegara,2024-04,8330.0
muziumnegara,2024-05,9384.0
muziumnegara,2024-06,8886.0
muziumnegara,2024-07,9924.0
muziumnegara,2024-08,9931.0
muziumnegara,2024-09,9435.0
muziumnegara,2024-10,10071.0
muziumnegara,2024-11,9984.0
muziumnegara,2024-12,9688.0
muziumnegara,2025-01,9834.0
muziumnegara,2025-02,10548.0
muziumnegara,2025-03,8924.0
muziumnegara,2025-04,10062.0
muziumnegara,2025-05,10204.0
muziumnegara,2025-06,9976.0
muziumnegara,2025-07,11176.0
muziumnegara,2025-08,10915.0
muziumnegara,2025-09,10326.0
muziumnegara,2025-10,10830.0
muziumnegara,2025-11,10536.0
muziumnegara,2025-12,10404.0
muziumnegara,2026-01,10616.0
muziumnegara,2026-02,9796.0
muziumnegara,2026-03,9622.0
muziumnegara,2026-04,11229.0
muziumnegara,2026-05,10544.0
muziumnegara,2026-06,10614.0
muziumnegara,2026-07,11555.0
muziumnegara,2026-08,10779.0
muziumnegara,2026-09,10733.0
pandanindah,2023-01,2198.0
pandanindah,2023-02,2141.0
pandanindah,2023-03,2225.0
pandanindah,2023-04,1898.0
pandanindah,2023-05,2068.0
pandanindah,2023-06,2022.0
pandanindah,2023-07,2059.0
pandanindah,2023-08,2192.0
pandanindah,2023-09,2181.0
pandanindah,2023-10,2218.0
pandanindah,2023-11,2217.0
pandanindah,2023-12,2085.0
pandanindah,2024-01,2159.0
pandanindah,2024-02,2183.0
pandanindah,2024-03,2299.0
pandanindah,2024-04,2211.0
pandanindah,2024-05,2381.0
pandanindah,2024-06,2244.0
pandanindah,2024-07,2422.0
pandanindah,2024-08,2479.0
pandanindah,2024-09,2359.0
pandanindah,2024-10,2493.0
pandanindah,2024-11,2476.0
pandanindah,2024-12,2404.0
pandanindah,2025-01,2387.0
pandanindah,2025-02,2498.0
pandanindah,2025-03,2421.0
pandanindah,2025-04,2433.0
pandanindah,2025-05,2518.0
pandanindah,2025-06,2389.0
pandanindah,2025-07,2608.0
pandanindah,2025-08,2673.0
pandanindah,2025-09,2484.0
pandanindah,2025-10,2616.0
pandanindah,2025-11,2571.0
pandanindah,2025-12,2599.0
pandanindah,2026-01,2636.0
pandanindah,2026-02,2465.0
pandanindah,2026-03,2492.0
pandanindah,2026-04,2679.0
pandanindah,2026-05,2483.0
pandanindah,2026-06,2370.0
pandanindah,2026-07,2585.0
pandanindah,2026-08,2496.0
pandanindah,2026-09,2454.0
pandanjaya,2023-01,2873.0
pandanjaya,2023-02,2791.0
pandanjaya,2023-03,2926.0
pandanjaya,2023-04,2387.0
pandanjaya,2023-05,2633.0
pandanjaya,2023-06,2601.0
pandanjaya,2023-07,2510.0
pandanjaya,2023-08,2749.0
pandanjaya,2023-09,2694.0
pandanjaya,2023-10,2801.0
pandanjaya,2023-11,2851.0
pandanjaya,2023-12,2582.0
pandanjaya,2024-01,2830.0
pandanjaya,2024-02,2763.0
pandanjaya,2024-03,2924.0
pandanjaya,2024-04,2675.0
pandanjaya,2024-05,2914.0
pandanjaya,2024-06,2940.0
pandanjaya,2024-07,3027.0
pandanjaya,2024-08,3182.0
pandanjaya,2024-09,3058.0
pandanjaya,2024-10,3241.0
pandanjaya,2024-11,3172.0
pandanjaya,2024-12,2944.0
pandanjaya,2025-01,3013.0
pandanjaya,2025-02,3226.0
pandanjaya,2025-03,2998.0
pandanjaya,2025-04,2998.0
pandanjaya,2025-05,3073.0
pandanjaya,2025-06,3020.0
pandanjaya,2025-07,3143.0
pandanjaya,2025-08,3485.0
pandanjaya,2025-09,3131.0
pandanjaya,2025-10,3370.0
pandanjaya,2025-11,3249.0
pandanjaya,2025-12,3132.0
pandanjaya,2026-01,3485.0
pandanjaya,2026-02,3225.0
pandanjaya,2026-03,3176.0
pandanjaya,2026-04,3354.0
pandanjaya,2026-05,3119.0
pandanjaya,2026-06,3072.0
pandanjaya,2026-07,3237.0
pandanjaya,2026-08,3264.0
pandanjaya,2026-09,3177.0
pasarklang,2026-08,1431.0
pasarklang,2026-09,1265.0
pasarseni,2023-01,13113.0
pasarseni,2023-02,14085.0
pasarseni,2023-03,14227.0
pasarseni,2023-04,13330.0
pasarseni,2023-05,13585.0
pasarseni,2023-06,14786.0
pasarseni,2023-07,14435.0
pasarseni,2023-08,15438.0
pasarseni,2023-09,15240.0
pasarseni,2023-10,14771.0
pasarseni,2023-11,16043.0
pasarseni,2023-12,17295.0
pasarseni,2024-01,15545.0
pasarseni,2024-02,17937.0
pasarseni,2024-03,15088.0
pasarseni,2024-04,15006.0
pasarseni,2024-05,16527.0
pasarseni,2024-06,16977.0
pasarseni,2024-07,17576.0
pasarseni,2024-08,18024.0
pasarseni,2024-09,17384.0
pasarseni,2024-10,17728.0
pasarseni,2024-11,17839.0
pasarseni,2024-12,20075.0
pasarseni,2025-01,20119.0
pasarseni,2025-02,19789.0
pasarseni,2025-03,15976.0
pasarseni,2025-04,17083.0
pasarseni,2025-05,19044.0
pasarseni,2025-06,19652.0
pasarseni,2025-07,19591.0
pasarseni,2025-08,21064.0
pasarseni,2025-09,19538.0
pasarseni,2025-10,19048.0
pasarseni,2025-11,19239.0
pasarseni,2025-12,20592.0
pasarseni,2026-01,19581.0
pasarseni,2026-02,20467.0
pasarseni,2026-03,17901.0
pasarseni,2026-04,18472.0
pasarseni,2026-05,20774.0
pasarseni,2026-06,18693.0
pasarseni,2026-07,19157.0
pasarseni,2026-08,20641.0
pasarseni,2026-09,18547.0
persiaranklcc,2023-03,1847.0
persiaranklcc,2023-04,1306.0
persiaranklcc,2023-05,1720.0
persiaranklcc,2023-06,1844.0
persiaranklcc,2023-07,1928.0
persiaranklcc,2023-08,2238.0
persiaranklcc,2023-09,2168.0
persiaranklcc,2023-10,2441.0
persiaranklcc,2023-11,2383.0
persiaranklcc,2023-12,2394.0
persiaranklcc,2024-01,2712.0
persiaranklcc,2024-02,2503.0
persiaranklcc,2024-03,2581.0
persiaranklcc,2024-04,2474.0
persiaranklcc,2024-05,2726.0
persiaranklcc,2024-06,2557.0
persiaranklcc,2024-07,3034.0
persiaranklcc,2024-08,3012.0
persiaranklcc,2024-09,2721.0
persiaranklcc,2024-10,2991.0
persiaranklcc,2024-11,2982.0
persiaranklcc,2024-12,2952.0
persiaranklcc,2025-01,2967.0
persiaranklcc,2025-02,3169.0
persiaranklcc,2025-03,3019.0
persiaranklcc,2025-04,3201.0
persiaranklcc,2025-05,3155.0
persiaranklcc,2025-06,3167.0
persiaranklcc,2025-07,3728.0
persiaranklcc,2025-08,3558.0
persiaranklcc,2025-09,3181.0
persiaranklcc,2025-10,3326.0
persiaranklcc,2025-11,3369.0
persiaranklcc,2025-12,3526.0
persiaranklcc,2026-01,3515.0
persiaranklcc,2026-02,3131.0
persiaranklcc,2026-03,3306.0
persiaranklcc,2026-04,3813.0
persiaranklcc,2026-05,3422.0
persiaranklcc,2026-06,3643.0
persiaranklcc,2026-07,4261.0
persiaranklcc,2026-08,5536.0
persiaranklcc,2026-09,6808.0
phileodamansara,2023-01,2188.0
phileodamansara,2023-02,2425.0
phileodamansara,2023-03,2724.0
phileodamansara,2023-04,2228.0
phileodamansara,2023-05,2500.0
phileodamansara,2023-06,2447.0
phileodamansara,2023-07,2340.0
phileodamansara,2023-08,2400.0
phileodamansara,2023-09,2309.0
phileodamansara,2023-10,2855.0
phileodamansara,2023-11,2895.0
phileodamansara,2023-12,2811.0
phileodamansara,2024-01,2828.0
phileodamansara,2024-02,2586.0
phileodamansara,2024-03,3015.0
phileodamansara,2024-04,2649.0
phileodamansara,2024-05,3029.0
phileodamansara,2024-06,2749.0
phileodamansara,2024-07,2977.0
phileodamansara,2024-08,2928.0
phileodamansara,2024-09,2701.0
phileodamansara,2024-10,3385.0
phileodamansara,2024-11,3255.0
phileodamansara,2024-12,3104.0
phileodamansara,2025-01,2918.0
phileodamansara,2025-02,3001.0
phileodamansara,2025-03,2762.0
phileodamansara,2025-04,3224.0
phileodamansara,2025-05,3131.0
phileodamansara,2025-06,3080.0
phileodamansara,2025-07,3392.0
phileodamansara,2025-08,3253.0
phileodamansara,2025-09,2941.0
phileodamansara,2025-10,3636.0
phileodamansara,2025-11,3631.0
phileodamansara,2025-12,3707.0
phileodamansara,2026-01,3654.0
phileodamansara,2026-02,3036.0
phileodamansara,2026-03,3162.0
phileodamansara,2026-04,4010.0
phileodamansara,2026-05,3500.0
phileodamansara,2026-06,3527.0
phileodamansara,2026-07,3765.0
phileodamansara,2026-08,3326.0
phileodamansara,2026-09,3274.0
plazarakyat,2023-01,3220.0
plazarakyat,2023-02,2623.0
plazarakyat,2023-03,2749.0
plazarakyat,2023-04,2234.0
plazarakyat,2023-05,2479.0
plazarakyat,2023-06,2538.0
plazarakyat,2023-07,2713.0
plazarakyat,2023-08,2711.0
plazarakyat,2023-09,2686.0
plazarakyat,2023-10,2860.0
plazarakyat,2023-11,2773.0
plazarakyat,2023-12,2323.0
plazarakyat,2024-01,2679.0
plazarakyat,2024-02,2708.0
plazarakyat,2024-03,3158.0
plazarakyat,2024-04,3217.0
plazarakyat,2024-05,3486.0
plazarakyat,2024-06,3570.0
plazarakyat,2024-07,3899.0
plazarakyat,2024-08,4039.0
plazarakyat,2024-09,3671.0
plazarakyat,2024-10,3916.0
plazarakyat,2024-11,3851.0
plazarakyat,2024-12,3584.0
plazarakyat,2025-01,3668.0
plazarakyat,2025-02,3893.0
plazarakyat,2025-03,3960.0
plazarakyat,2025-04,3999.0
plazarakyat,2025-05,3981.0
plazarakyat,2025-06,3896.0
plazarakyat,2025-07,4522.0
plazarakyat,2025-08,4540.0
plazarakyat,2025-09,3889.0
plazarakyat,2025-10,4085.0
plazarakyat,2025-11,4134.0
plazarakyat,2025-12,3698.0
plazarakyat,2026-01,4239.0
plazarakyat,2026-02,4114.0
plazarakyat,2026-03,4002.0
plazarakyat,2026-04,4589.0
plazarakyat,2026-05,3842.0
plazarakyat,2026-06,3450.0
plazarakyat,2026-07,3908.0
plazarakyat,2026-08,3758.0
plazarakyat,2026-09,3482.0
puchongperdana,2023-01,1364.0
puchongperdana,2023-02,1380.0
puchongperdana,2023-03,1467.0
puchongperdana,2023-04,1310.0
puchongperdana,2023-05,1379.0
puchongperdana,2023-06,1378.0
puchongperdana,2023-07,1337.0
puchongperdana,2023-08,1410.0
puchongperdana,2023-09,1398.0
puchongperdana,2023-10,1450.0
puchongperdana,2023-11,1427.0
puchongperdana,2023-12,1398.0
puchongperdana,2024-01,1392.0
puchongperdana,2024-02,1435.0
puchongperdana,2024-03,1471.0
puchongperdana,2024-04,1483.0
puchongperdana,2024-05,1567.0
puchongperdana,2024-06,1512.0
puchongperdana,2024-07,1589.0
puchongperdana,2024-08,1596.0
puchongperdana,2024-09,1536.0
puchongperdana,2024-10,1570.0
puchongperdana,2024-11,1572.0
puchongperdana,2024-12,1535.0
puchongperdana,2025-01,1483.0
puchongperdana,2025-02,1604.0
puchongperdana,2025-03,1543.0
puchongperdana,2025-04,1590.0
puchongperdana,2025-05,1637.0
puchongperdana,2025-06,1642.0
puchongperdana,2025-07,1720.0
puchongperdana,2025-08,1703.0
puchongperdana,2025-09,1635.0
puchongperdana,2025-10,1708.0
puchongperdana,2025-11,1677.0
puchongperdana,2025-12,1697.0
puchongperdana,2026-01,1753.0
puchongperdana,2026-02,1602.0
puchongperdana,2026-03,1633.0
puchongperdana,2026-04,1774.0
puchongperdana,2026-05,1653.0
puchongperdana,2026-06,1632.0
puchongperdana,2026-07,1757.0
puchongperdana,2026-08,1706.0
puchongperdana,2026-09,1671.0
puchongprima,2023-01,2137.0
puchongprima,2023-02,2292.0
puchongprima,2023-03,2493.0
puchongprima,2023-04,2190.0
puchongprima,2023-05,2361.0
puchongprima,2023-06,2342.0
puchongprima,2023-07,2319.0
puchongprima,2023-08,2422.0
puchongprima,2023-09,2420.0
puchongprima,2023-10,2518.0
puchongprima,2023-11,2484.0
puchongprima,2023-12,2325.0
puchongprima,2024-01,2419.0
puchongprima,2024-02,2396.0
puchongprima,2024-03,2558.0
puchongprima,2024-04,2522.0
puchongprima,2024-05,2740.0
puchongprima,2024-06,2587.0
puchongprima,2024-07,2724.0
puchongprima,2024-08,2783.0
puchongprima,2024-09,2648.0
puchongprima,2024-10,2801.0
puchongprima,2024-11,2797.0
puchongprima,2024-12,2700.0
puchongprima,2025-01,2680.0
puchongprima,2025-02,2875.0
puchongprima,2025-03,2793.0
puchongprima,2025-04,2897.0
puchongprima,2025-05,2943.0
puchongprima,2025-06,2860.0
puchongprima,2025-07,3150.0
puchongprima,2025-08,3074.0
puchongprima,2025-09,2882.0
puchongprima,2025-10,3012.0
puchongprima,2025-11,2975.0
puchongprima,2025-12,2905.0
puchongprima,2026-01,3044.0
puchongprima,2026-02,2709.0
puchongprima,2026-03,2832.0
puchongprima,2026-04,3146.0
puchongprima,2026-05,2853.0
puchongprima,2026-06,2865.0
puchongprima,2026-07,3134.0
puchongprima,2026-08,2955.0
puchongprima,2026-09,2894.0
pudu,2023-01,4230.0
pudu,2023-02,3944.0
pudu,2023-03,4039.0
pudu,2023-04,3728.0
pudu,2023-05,3685.0
pudu,2023-06,3747.0
pudu,2023-07,3708.0
pudu,2023-08,3721.0
pudu,2023-09,3731.0
pudu,2023-10,3777.0
pudu,2023-11,3838.0
pudu,2023-12,3872.0
pudu,2024-01,3770.0
pudu,2024-02,4086.0
pudu,2024-03,4296.0
pudu,2024-04,4376.0
pudu,2024-05,4531.0
pudu,2024-06,4594.0
pudu,2024-07,4783.0
pudu,2024-08,4808.0
pudu,2024-09,4620.0
pudu,2024-10,4668.0
pudu,2024-11,4652.0
pudu,2024-12,4777.0
pudu,2025-01,4683.0
pudu,2025-02,4723.0
pudu,2025-03,4584.0
pudu,2025-04,4671.0
pudu,2025-05,4681.0
pudu,2025-06,4666.0
pudu,2025-07,4881.0
pudu,2025-08,4851.0
pudu,2025-09,4544.0
pudu,2025-10,4686.0
pudu,2025-11,4618.0
pudu,2025-12,4722.0
pudu,2026-01,4805.0
pudu,2026-02,4815.0
pudu,2026-03,4860.0
pudu,2026-04,5113.0
pudu,2026-05,5106.0
pudu,2026-06,4994.0
pudu,2026-07,5380.0
pudu,2026-08,5605.0
pudu,2026-09,5433.0
pusatbandardamansara,2023-01,1329.0
pusatbandardamansara,2023-02,1391.0
pusatbandardamansara,2023-03,1437.0
pusatbandardamansara,2023-04,1348.0
pusatbandardamansara,2023-05,1459.0
pusatbandardamansara,2023-06,1455.0
pusatbandardamansara,2023-07,1419.0
pusatbandardamansara,2023-08,1493.0
pusatbandardamansara,2023-09,1692.0
pusatbandardamansara,2023-10,2541.0
pusatbandardamansara,2023-11,2560.0
pusatbandardamansara,2023-12,2389.0
pusatbandardamansara,2024-01,2621.0
pusatbandardamansara,2024-02,2496.0
pusatbandardamansara,2024-03,2613.0
pusatbandardamansara,2024-04,2569.0
pusatbandardamansara,2024-05,2839.0
pusatbandardamansara,2024-06,2775.0
pusatbandardamansara,2024-07,3259.0
pusatbandardamansara,2024-08,3331.0
pusatbandardamansara,2024-09,3146.0
pusatbandardamansara,2024-10,3493.0
pusatbandardamansara,2024-11,3462.0
pusatbandardamansara,2024-12,3276.0
pusatbandardamansara,2025-01,3305.0
pusatbandardamansara,2025-02,3487.0
pusatbandardamansara,2025-03,3397.0
pusatbandardamansara,2025-04,3517.0
pusatbandardamansara,2025-05,3409.0
pusatbandardamansara,2025-06,3394.0
pusatbandardamansara,2025-07,3929.0
pusatbandardamansara,2025-08,3973.0
pusatbandardamansara,2025-09,3885.0
pusatbandardamansara,2025-10,4218.0
pusatbandardamansara,2025-11,4278.0
pusatbandardamansara,2025-12,4336.0
pusatbandardamansara,2026-01,4512.0
pusatbandardamansara,2026-02,4023.0
pusatbandardamansara,2026-03,4285.0
pusatbandardamansara,2026-04,4892.0
pusatbandardamansara,2026-05,4459.0
pusatbandardamansara,2026-06,4640.0
pusatbandardamansara,2026-07,5329.0
pusatbandardamansara,2026-08,5001.0
pusatbandardamansara,2026-09,4875.0
pusatbandarpuchong,2023-01,1993.0
pusatbandarpuchong,2023-02,2070.0
pusatbandarpuchong,2023-03,2155.0
pusatbandarpuchong,2023-04,1983.0
pusatbandarpuchong,2023-05,2033.0
pusatbandarpuchong,2023-06,2079.0
pusatbandarpuchong,2023-07,2120.0
pusatbandarpuchong,2023-08,2192.0
pusatbandarpuchong,2023-09,2203.0
pusatbandarpuchong,2023-10,2272.0
pusatbandarpuchong,2023-11,2266.0
pusatbandarpuchong,2023-12,2220.0
pusatbandarpuchong,2024-01,2220.0
pusatbandarpuchong,2024-02,2245.0
pusatbandarpuchong,2024-03,2352.0
pusatbandarpuchong,2024-04,2386.0
pusatbandarpuchong,2024-05,2421.0
pusatbandarpuchong,2024-06,2407.0
pusatbandarpuchong,2024-07,2521.0
pusatbandarpuchong,2024-08,2513.0
pusatbandarpuchong,2024-09,2404.0
pusatbandarpuchong,2024-10,2557.0
pusatbandarpuchong,2024-11,2507.0
pusatbandarpuchong,2024-12,2455.0
pusatbandarpuchong,2025-01,2490.0
pusatbandarpuchong,2025-02,2529.0
pusatbandarpuchong,2025-03,2501.0
pusatbandarpuchong,2025-04,2568.0
pusatbandarpuchong,2025-05,2566.0
pusatbandarpuchong,2025-06,2477.0
pusatbandarpuchong,2025-07,2694.0
pusatbandarpuchong,2025-08,2673.0
pusatbandarpuchong,2025-09,2532.0
pusatbandarpuchong,2025-10,2643.0
pusatbandarpuchong,2025-11,2592.0
pusatbandarpuchong,2025-12,2519.0
pusatbandarpuchong,2026-01,2678.0
pusatbandarpuchong,2026-02,2503.0
pusatbandarpuchong,2026-03,2605.0
pusatbandarpuchong,2026-04,2692.0
pusatbandarpuchong,2026-05,2548.0
pusatbandarpuchong,2026-06,2493.0
pusatbandarpuchong,2026-07,2692.0
pusatbandarpuchong,2026-08,2637.0
pusatbandarpuchong,2026-09,2554.0
putraheights,2023-01,2197.0
putraheights,2023-02,2255.0
putraheights,2023-03,2474.0
putraheights,2023-04,2027.0
putraheights,2023-05,2369.0
putraheights,2023-06,2374.0
putraheights,2023-07,2262.0
putraheights,2023-08,2407.0
putraheights,2023-09,2409.0
putraheights,2023-10,2576.0
putraheights,2023-11,2637.0
putraheights,2023-12,2515.0
putraheights,2024-01,2432.0
putraheights,2024-02,2470.0
putraheights,2024-03,2496.0
putraheights,2024-04,2472.0
putraheights,2024-05,2788.0
putraheights,2024-06,2607.0
putraheights,2024-07,2743.0
putraheights,2024-08,2899.0
putraheights,2024-09,2711.0
putraheights,2024-10,2845.0
putraheights,2024-11,2799.0
putraheights,2024-12,2703.0
putraheights,2025-01,2672.0
putraheights,2025-02,2912.0
putraheights,2025-03,2684.0
putraheights,2025-04,2817.0
putraheights,2025-05,2989.0
putraheights,2025-06,3034.0
putraheights,2025-07,3171.0
putraheights,2025-08,3174.0
putraheights,2025-09,3034.0
putraheights,2025-10,3152.0
putraheights,2025-11,3107.0
putraheights,2025-12,3063.0
putraheights,2026-01,3139.0
putraheights,2026-02,2838.0
putraheights,2026-03,2783.0
putraheights,2026-04,3186.0
putraheights,2026-05,2914.0
putraheights,2026-06,2942.0
putraheights,2026-07,3136.0
putraheights,2026-08,2978.0
putraheights,2026-09,2941.0
putrajayasentral,2023-03,2660.0
putrajayasentral,2023-04,1245.0
putrajayasentral,2023-05,1511.0
putrajayasentral,2023-06,1580.0
putrajayasentral,2023-07,1541.0
putrajayasentral,2023-08,1990.0
putrajayasentral,2023-09,1735.0
putrajayasentral,2023-10,1782.0
putrajayasentral,2023-11,1880.0
putrajayasentral,2023-12,2090.0
putrajayasentral,2024-01,1953.0
putrajayasentral,2024-02,2220.0
putrajayasentral,2024-03,2099.0
putrajayasentral,2024-04,1952.0
putrajayasentral,2024-05,2428.0
putrajayasentral,2024-06,2276.0
putrajayasentral,2024-07,2340.0
putrajayasentral,2024-08,2843.0
putrajayasentral,2024-09,2588.0
putrajayasentral,2024-10,2707.0
putrajayasentral,2024-11,2737.0
putrajayasentral,2024-12,2737.0
putrajayasentral,2025-01,2829.0
putrajayasentral,2025-02,2935.0
putrajayasentral,2025-03,2547.0
putrajayasentral,2025-04,2762.0
putrajayasentral,2025-05,3154.0
putrajayasentral,2025-06,2904.0
putrajayasentral,2025-07,3088.0
putrajayasentral,2025-08,3413.0
putrajayasentral,2025-09,3089.0
putrajayasentral,2025-10,2984.0
putrajayasentral,2025-11,3240.0
putrajayasentral,2025-12,3232.0
putrajayasentral,2026-01,3268.0
putrajayasentral,2026-02,3144.0
putrajayasentral,2026-03,2913.0
putrajayasentral,2026-04,3307.0
putrajayasentral,2026-05,3104.0
putrajayasentral,2026-06,3152.0
putrajayasentral,2026-07,3227.0
putrajayasentral,2026-08,3419.0
putrajayasentral,2026-09,3194.0
putrapermai,2023-03,384.0
putrapermai,2023-04,263.0
putrapermai,2023-05,322.0
putrapermai,2023-06,328.0
putrapermai,2023-07,340.0
putrapermai,2023-08,385.0
putrapermai,2023-09,388.0
putrapermai,2023-10,416.0
putrapermai,2023-11,422.0
putrapermai,2023-12,463.0
putrapermai,2024-01,439.0
putrapermai,2024-02,459.0
putrapermai,2024-03,449.0
putrapermai,2024-04,460.0
putrapermai,2024-05,535.0
putrapermai,2024-06,523.0
putrapermai,2024-07,552.0
putrapermai,2024-08,577.0
putrapermai,2024-09,567.0
putrapermai,2024-10,614.0
putrapermai,2024-11,641.0
putrapermai,2024-12,650.0
putrapermai,2025-01,666.0
putrapermai,2025-02,740.0
putrapermai,2025-03,711.0
putrapermai,2025-04,772.0
putrapermai,2025-05,839.0
putrapermai,2025-06,862.0
putrapermai,2025-07,928.0
putrapermai,2025-08,933.0
putrapermai,2025-09,890.0
putrapermai,2025-10,898.0
putrapermai,2025-11,954.0
putrapermai,2025-12,975.0
putrapermai,2026-01,965.0
putrapermai,2026-02,878.0
putrapermai,2026-03,906.0
putrapermai,2026-04,1050.0
putrapermai,2026-05,991.0
putrapermai,2026-06,987.0
putrapermai,2026-07,1075.0
putrapermai,2026-08,987.0
putrapermai,2026-09,979.0
pwtc,2023-01,4565.0
pwtc,2023-02,3150.0
pwtc,2023-03,2534.0
pwtc,2023-04,60.0
pwtc,2023-05,3269.0
pwtc,2023-06,4032.0
pwtc,2023-07,2681.0
pwtc,2023-08,2762.0
pwtc,2023-09,2567.0
pwtc,2023-10,2680.0
pwtc,2023-11,2808.0
pwtc,2023-12,3167.0
pwtc,2024-01,2622.0
pwtc,2024-02,3399.0
pwtc,2024-03,4040.0
pwtc,2024-04,3827.0
pwtc,2024-05,7086.0
pwtc,2024-06,5475.0
pwtc,2024-07,4400.0
pwtc,2024-08,4645.0
pwtc,2024-09,4619.0
pwtc,2024-10,4762.0
pwtc,2024-11,4846.0
pwtc,2024-12,5024.0
pwtc,2025-01,4525.0
pwtc,2025-02,4707.0
pwtc,2025-03,4517.0
pwtc,2025-04,4579.0
pwtc,2025-05,7879.0
pwtc,2025-06,5220.0
pwtc,2025-07,4831.0
pwtc,2025-08,5021.0
pwtc,2025-09,4681.0
pwtc,2025-10,4794.0
pwtc,2025-11,4832.0
pwtc,2025-12,5366.0
pwtc,2026-01,4810.0
pwtc,2026-02,4825.0
pwtc,2026-03,4657.0
pwtc,2026-04,5104.0
pwtc,2026-05,6011.0
pwtc,2026-06,6603.0
pwtc,2026-07,4903.0
pwtc,2026-08,4958.0
pwtc,2026-09,5126.0
rajachulan,2023-01,2745.0
rajachulan,2023-02,3040.0
rajachulan,2023-03,3285.0
rajachulan,2023-04,2536.0
rajachulan,2023-05,2862.0
rajachulan,2023-06,2856.0
rajachulan,2023-07,2932.0
rajachulan,2023-08,3117.0
rajachulan,2023-09,2964.0
rajachulan,2023-10,3288.0
rajachulan,2023-11,3347.0
rajachulan,2023-12,3230.0
rajachulan,2024-01,3420.0
rajachulan,2024-02,3261.0
rajachulan,2024-03,3262.0
rajachulan,2024-04,3230.0
rajachulan,2024-05,3213.0
rajachulan,2024-06,3194.0
rajachulan,2024-07,3692.0
rajachulan,2024-08,3775.0
rajachulan,2024-09,3346.0
rajachulan,2024-10,3766.0
rajachulan,2024-11,3733.0
rajachulan,2024-12,3685.0
rajachulan,2025-01,3578.0
rajachulan,2025-02,3872.0
rajachulan,2025-03,3470.0
rajachulan,2025-04,3763.0
rajachulan,2025-05,3741.0
rajachulan,2025-06,3608.0
rajachulan,2025-07,4180.0
rajachulan,2025-08,4084.0
rajachulan,2025-09,3738.0
rajachulan,2025-10,4301.0
rajachulan,2025-11,4024.0
rajachulan,2025-12,4135.0
rajachulan,2026-01,4088.0
rajachulan,2026-02,3744.0
rajachulan,2026-03,3726.0
rajachulan,2026-04,4171.0
rajachulan,2026-05,3620.0
rajachulan,2026-06,3771.0
rajachulan,2026-07,4298.0
rajachulan,2026-08,3913.0
rajachulan,2026-09,4023.0
rajauda,2023-03,509.0
rajauda,2023-04,430.0
rajauda,2023-05,555.0
rajauda,2023-06,612.0
rajauda,2023-07,682.0
rajauda,2023-08,742.0
rajauda,2023-09,743.0
rajauda,2023-10,817.0
rajauda,2023-11,863.0
rajauda,2023-12,921.0
rajauda,2024-01,958.0
rajauda,2024-02,936.0
rajauda,2024-03,985.0
rajauda,2024-04,866.0
rajauda,2024-05,1007.0
rajauda,2024-06,949.0
rajauda,2024-07,1051.0
rajauda,2024-08,1093.0
rajauda,2024-09,1053.0
rajauda,2024-10,1181.0
rajauda,2024-11,1175.0
rajauda,2024-12,1187.0
rajauda,2025-01,1239.0
rajauda,2025-02,1244.0
rajauda,2025-03,1109.0
rajauda,2025-04,1167.0
rajauda,2025-05,1247.0
rajauda,2025-06,1165.0
rajauda,2025-07,1327.0
rajauda,2025-08,1340.0
rajauda,2025-09,1225.0
rajauda,2025-10,1277.0
rajauda,2025-11,1265.0
rajauda,2025-12,1254.0
rajauda,2026-01,1309.0
rajauda,2026-02,1196.0
rajauda,2026-03,1130.0
rajauda,2026-04,1364.0
rajauda,2026-05,1222.0
rajauda,2026-06,1240.0
rajauda,2026-07,1464.0
rajauda,2026-08,1436.0
rajauda,2026-09,1460.0
salakselatan,2023-01,2646.0
salakselatan,2023-02,2618.0
salakselatan,2023-03,2665.0
salakselatan,2023-04,2159.0
salakselatan,2023-05,2420.0
salakselatan,2023-06,2333.0
salakselatan,2023-07,2319.0
salakselatan,2023-08,2417.0
salakselatan,2023-09,2351.0
salakselatan,2023-10,2448.0
salakselatan,2023-11,2518.0
salakselatan,2023-12,2422.0
salakselatan,2024-01,2499.0
salakselatan,2024-02,2644.0
salakselatan,2024-03,2786.0
salakselatan,2024-04,2698.0
salakselatan,2024-05,2958.0
salakselatan,2024-06,2857.0
salakselatan,2024-07,3074.0
salakselatan,2024-08,3124.0
salakselatan,2024-09,3060.0
salakselatan,2024-10,3365.0
salakselatan,2024-11,3376.0
salakselatan,2024-12,3314.0
salakselatan,2025-01,3264.0
salakselatan,2025-02,3457.0
salakselatan,2025-03,3349.0
salakselatan,2025-04,3400.0
salakselatan,2025-05,3550.0
salakselatan,2025-06,3436.0
salakselatan,2025-07,3793.0
salakselatan,2025-08,3843.0
salakselatan,2025-09,3574.0
salakselatan,2025-10,3800.0
salakselatan,2025-11,3731.0
salakselatan,2025-12,3758.0
salakselatan,2026-01,3930.0
salakselatan,2026-02,3633.0
salakselatan,2026-03,3640.0
salakselatan,2026-04,4062.0
salakselatan,2026-05,3646.0
salakselatan,2026-06,3605.0
salakselatan,2026-07,3964.0
salakselatan,2026-08,3776.0
salakselatan,2026-09,3751.0
seksyen7,2026-08,1737.0
seksyen7,2026-09,1618.0
semantan,2023-01,4102.0
semantan,2023-02,4616.0
semantan,2023-03,5036.0
semantan,2023-04,3830.0
semantan,2023-05,4449.0
semantan,2023-06,4492.0
semantan,2023-07,4441.0
semantan,2023-08,4805.0
semantan,2023-09,4748.0
semantan,2023-10,4786.0
semantan,2023-11,4546.0
semantan,2023-12,4024.0
semantan,2024-01,4544.0
semantan,2024-02,4228.0
semantan,2024-03,4464.0
semantan,2024-04,4203.0
semantan,2024-05,4663.0
semantan,2024-06,4391.0
semantan,2024-07,5023.0
semantan,2024-08,4993.0
semantan,2024-09,4693.0
semantan,2024-10,5120.0
semantan,2024-11,4944.0
semantan,2024-12,4538.0
semantan,2025-01,4549.0
semantan,2025-02,4967.0
semantan,2025-03,4603.0
semantan,2025-04,4841.0
semantan,2025-05,4795.0
semantan,2025-06,4742.0
semantan,2025-07,5412.0
semantan,2025-08,5160.0
semantan,2025-09,4722.0
semantan,2025-10,5188.0
semantan,2025-11,5130.0
semantan,2025-12,4926.0
semantan,2026-01,5144.0
semantan,2026-02,4572.0
semantan,2026-03,4734.0
semantan,2026-04,5521.0
semantan,2026-05,4752.0
semantan,2026-06,4991.0
semantan,2026-07,5676.0
semantan,2026-08,5010.0
semantan,2026-09,5199.0
sentul,2023-01,3176.0
sentul,2023-02,2728.0
sentul,2023-03,2214.0
sentul,2023-04,44.0
sentul,2023-05,1322.0
sentul,2023-06,2117.0
sentul,2023-07,2057.0
sentul,2023-08,2050.0
sentul,2023-09,1813.0
sentul,2023-10,1831.0
sentul,2023-11,1871.0
sentul,2023-12,1821.0
sentul,2024-01,1819.0
sentul,2024-02,1922.0
sentul,2024-03,2285.0
sentul,2024-04,2206.0
sentul,2024-05,2411.0
sentul,2024-06,2439.0
sentul,2024-07,2363.0
sentul,2024-08,2446.0
sentul,2024-09,2381.0
sentul,2024-10,2550.0
sentul,2024-11,2544.0
sentul,2024-12,2458.0
sentul,2025-01,2429.0
sentul,2025-02,2450.0
sentul,2025-03,2531.0
sentul,2025-04,2432.0
sentul,2025-05,2611.0
sentul,2025-06,2636.0
sentul,2025-07,2551.0
sentul,2025-08,2631.0
sentul,2025-09,2404.0
sentul,2025-10,2628.0
sentul,2025-11,2651.0
sentul,2025-12,2606.0
sentul,2026-01,2662.0
sentul,2026-02,2498.0
sentul,2026-03,2576.0
sentul,2026-04,2721.0
sentul,2026-05,2519.0
sentul,2026-06,2510.0
sentul,2026-07,2542.0
sentul,2026-08,2532.0
sentul,2026-09,2498.0
sentulbarat,2023-03,681.0
sentulbarat,2023-04,639.0
sentulbarat,2023-05,776.0
sentulbarat,2023-06,847.0
sentulbarat,2023-07,914.0
sentulbarat,2023-08,995.0
sentulbarat,2023-09,1028.0
sentulbarat,2023-10,1108.0
sentulbarat,2023-11,1171.0
sentulbarat,2023-12,1221.0
sentulbarat,2024-01,1257.0
sentulbarat,2024-02,1233.0
sentulbarat,2024-03,1313.0
sentulbarat,2024-04,1284.0
sentulbarat,2024-05,1372.0
sentulbarat,2024-06,1331.0
sentulbarat,2024-07,1414.0
sentulbarat,2024-08,1412.0
sentulbarat,2024-09,1403.0
sentulbarat,2024-10,1498.0
sentulbarat,2024-11,1534.0
sentulbarat,2024-12,1496.0
sentulbarat,2025-01,1403.0
sentulbarat,2025-02,1504.0
sentulbarat,2025-03,1502.0
sentulbarat,2025-04,1584.0
sentulbarat,2025-05,1625.0
sentulbarat,2025-06,1664.0
sentulbarat,2025-07,1762.0
sentulbarat,2025-08,1730.0
sentulbarat,2025-09,1636.0
sentulbarat,2025-10,1643.0
sentulbarat,2025-11,1705.0
sentulbarat,2025-12,1759.0
sentulbarat,2026-01,1798.0
sentulbarat,2026-02,1695.0
sentulbarat,2026-03,1759.0
sentulbarat,2026-04,1916.0
sentulbarat,2026-05,1764.0
sentulbarat,2026-06,1758.0
sentulbarat,2026-07,1900.0
sentulbarat,2026-08,1866.0
sentulbarat,2026-09,1794.0
sentultimur,2023-01,3570.0
sentultimur,2023-02,3084.0
sentultimur,2023-03,2496.0
sentultimur,2023-04,49.0
sentultimur,2023-05,1713.0
sentultimur,2023-06,2669.0
sentultimur,2023-07,2615.0
sentultimur,2023-08,2804.0
sentultimur,2023-09,2647.0
sentultimur,2023-10,2755.0
sentultimur,2023-11,2762.0
sentultimur,2023-12,2674.0
sentultimur,2024-01,2762.0
sentultimur,2024-02,2968.0
sentultimur,2024-03,3438.0
sentultimur,2024-04,3252.0
sentultimur,2024-05,3587.0
sentultimur,2024-06,3602.0
sentultimur,2024-07,3555.0
sentultimur,2024-08,3595.0
sentultimur,2024-09,3486.0
sentultimur,2024-10,3667.0
sentultimur,2024-11,3667.0
sentultimur,2024-12,3540.0
sentultimur,2025-01,3539.0
sentultimur,2025-02,3672.0
sentultimur,2025-03,3694.0
sentultimur,2025-04,3536.0
sentultimur,2025-05,3801.0
sentultimur,2025-06,3987.0
sentultimur,2025-07,3984.0
sentultimur,2025-08,3915.0
sentultimur,2025-09,3646.0
sentultimur,2025-10,3854.0
sentultimur,2025-11,3873.0
sentultimur,2025-12,3848.0
sentultimur,2026-01,3941.0
sentultimur,2026-02,3720.0
sentultimur,2026-03,3780.0
sentultimur,2026-04,4019.0
sentultimur,2026-05,3755.0
sentultimur,2026-06,3732.0
sentultimur,2026-07,3959.0
sentultimur,2026-08,3757.0
sentultimur,2026-09,3752.0
serdangjaya,2023-03,296.0
serdangjaya,2023-04,236.0
serdangjaya,2023-05,289.0
serdangjaya,2023-06,320.0
serdangjaya,2023-07,338.0
serdangjaya,2023-08,406.0
serdangjaya,2023-09,388.0
serdangjaya,2023-10,431.0
serdangjaya,2023-11,459.0
serdangjaya,2023-12,503.0
serdangjaya,2024-01,509.0
serdangjaya,2024-02,492.0
serdangjaya,2024-03,535.0
serdangjaya,2024-04,557.0
serdangjaya,2024-05,593.0
serdangjaya,2024-06,578.0
serdangjaya,2024-07,617.0
serdangjaya,2024-08,670.0
serdangjaya,2024-09,629.0
serdangjaya,2024-10,673.0
serdangjaya,2024-11,661.0
serdangjaya,2024-12,674.0
serdangjaya,2025-01,657.0
serdangjaya,2025-02,683.0
serdangjaya,2025-03,626.0
serdangjaya,2025-04,688.0
serdangjaya,2025-05,718.0
serdangjaya,2025-06,707.0
serdangjaya,2025-07,758.0
serdangjaya,2025-08,783.0
serdangjaya,2025-09,697.0
serdangjaya,2025-10,670.0
serdangjaya,2025-11,724.0
serdangjaya,2025-12,718.0
serdangjaya,2026-01,725.0
serdangjaya,2026-02,655.0
serdangjaya,2026-03,644.0
serdangjaya,2026-04,723.0
serdangjaya,2026-05,707.0
serdangjaya,2026-06,687.0
serdangjaya,2026-07,738.0
serdangjaya,2026-08,767.0
serdangjaya,2026-09,694.0
serdangrayaselatan,2023-03,341.0
serdangrayaselatan,2023-04,279.0
serdangrayaselatan,2023-05,328.0
serdangrayaselatan,2023-06,359.0
serdangrayaselatan,2023-07,358.0
serdangrayaselatan,2023-08,380.0
serdangrayaselatan,2023-09,381.0
serdangrayaselatan,2023-10,420.0
serdangrayaselatan,2023-11,470.0
serdangrayaselatan,2023-12,536.0
serdangrayaselatan,2024-01,497.0
serdangrayaselatan,2024-02,521.0
serdangrayaselatan,2024-03,534.0
serdangrayaselatan,2024-04,520.0
serdangrayaselatan,2024-05,552.0
serdangrayaselatan,2024-06,552.0
serdangrayaselatan,2024-07,595.0
serdangrayaselatan,2024-08,583.0
serdangrayaselatan,2024-09,578.0
serdangrayaselatan,2024-10,611.0
serdangrayaselatan,2024-11,643.0
serdangrayaselatan,2024-12,681.0
serdangrayaselatan,2025-01,638.0
serdangrayaselatan,2025-02,706.0
serdangrayaselatan,2025-03,625.0
serdangrayaselatan,2025-04,687.0
serdangrayaselatan,2025-05,729.0
serdangrayaselatan,2025-06,732.0
serdangrayaselatan,2025-07,776.0
serdangrayaselatan,2025-08,777.0
serdangrayaselatan,2025-09,743.0
serdangrayaselatan,2025-10,744.0
serdangrayaselatan,2025-11,770.0
serdangrayaselatan,2025-12,795.0
serdangrayaselatan,2026-01,788.0
serdangrayaselatan,2026-02,733.0
serdangrayaselatan,2026-03,765.0
serdangrayaselatan,2026-04,856.0
serdangrayaselatan,2026-05,806.0
serdangrayaselatan,2026-06,791.0
serdangrayaselatan,2026-07,880.0
serdangrayaselatan,2026-08,817.0
serdangrayaselatan,2026-09,811.0
serdangrayautara,2023-03,678.0
serdangrayautara,2023-04,565.0
serdangrayautara,2023-05,645.0
serdangrayautara,2023-06,693.0
serdangrayautara,2023-07,698.0
serdangrayautara,2023-08,761.0
serdangrayautara,2023-09,804.0
serdangrayautara,2023-10,840.0
serdangrayautara,2023-11,929.0
serdangrayautara,2023-12,1065.0
serdangrayautara,2024-01,962.0
serdangrayautara,2024-02,1047.0
serdangrayautara,2024-03,1044.0
serdangrayautara,2024-04,1047.0
serdangrayautara,2024-05,1103.0
serdangrayautara,2024-06,1143.0
serdangrayautara,2024-07,1174.0
serdangrayautara,2024-08,1213.0
serdangrayautara,2024-09,1206.0
serdangrayautara,2024-10,1307.0
serdangrayautara,2024-11,1335.0
serdangrayautara,2024-12,1352.0
serdangrayautara,2025-01,1312.0
serdangrayautara,2025-02,1392.0
serdangrayautara,2025-03,1367.0
serdangrayautara,2025-04,1452.0
serdangrayautara,2025-05,1456.0
serdangrayautara,2025-06,1469.0
serdangrayautara,2025-07,1518.0
serdangrayautara,2025-08,1512.0
serdangrayautara,2025-09,1433.0
serdangrayautara,2025-10,1426.0
serdangrayautara,2025-11,1471.0
serdangrayautara,2025-12,1505.0
serdangrayautara,2026-01,1503.0
serdangrayautara,2026-02,1424.0
serdangrayautara,2026-03,1467.0
serdangrayautara,2026-04,1573.0
serdangrayautara,2026-05,1533.0
serdangrayautara,2026-06,1467.0
serdangrayautara,2026-07,1587.0
serdangrayautara,2026-08,1517.0
serdangrayautara,2026-09,1503.0
seriandalas,2026-08,982.0
seriandalas,2026-09,905.0
setiawangsa,2023-01,3304.0
setiawangsa,2023-02,3564.0
setiawangsa,2023-03,3782.0
setiawangsa,2023-04,3106.0
setiawangsa,2023-05,3542.0
setiawangsa,2023-06,3558.0
setiawangsa,2023-07,3586.0
setiawangsa,2023-08,3962.0
setiawangsa,2023-09,3910.0
setiawangsa,2023-10,4143.0
setiawangsa,2023-11,4076.0
setiawangsa,2023-12,3695.0
setiawangsa,2024-01,3895.0
setiawangsa,2024-02,3945.0
setiawangsa,2024-03,3877.0
setiawangsa,2024-04,3531.0
setiawangsa,2024-05,3994.0
setiawangsa,2024-06,3727.0
setiawangsa,2024-07,4088.0
setiawangsa,2024-08,4140.0
setiawangsa,2024-09,3956.0
setiawangsa,2024-10,4130.0
setiawangsa,2024-11,4075.0
setiawangsa,2024-12,3851.0
setiawangsa,2025-01,3825.0
setiawangsa,2025-02,4046.0
setiawangsa,2025-03,3726.0
setiawangsa,2025-04,3732.0
setiawangsa,2025-05,3848.0
setiawangsa,2025-06,3660.0
setiawangsa,2025-07,4058.0
setiawangsa,2025-08,4128.0
setiawangsa,2025-09,3816.0
setiawangsa,2025-10,4009.0
setiawangsa,2025-11,3968.0
setiawangsa,2025-12,3875.0
setiawangsa,2026-01,3960.0
setiawangsa,2026-02,3645.0
setiawangsa,2026-03,3430.0
setiawangsa,2026-04,4021.0
setiawangsa,2026-05,3589.0
setiawangsa,2026-06,3685.0
setiawangsa,2026-07,4043.0
setiawangsa,2026-08,3942.0
setiawangsa,2026-09,3918.0
sridamansarabarat,2023-01,580.0
sridamansarabarat,2023-02,678.0
sridamansarabarat,2023-03,787.0
sridamansarabarat,2023-04,688.0
sridamansarabarat,2023-05,780.0
sridamansarabarat,2023-06,812.0
sridamansarabarat,2023-07,825.0
sridamansarabarat,2023-08,907.0
sridamansarabarat,2023-09,904.0
sridamansarabarat,2023-10,956.0
sridamansarabarat,2023-11,953.0
sridamansarabarat,2023-12,977.0
sridamansarabarat,2024-01,998.0
sridamansarabarat,2024-02,975.0
sridamansarabarat,2024-03,1012.0
sridamansarabarat,2024-04,1001.0
sridamansarabarat,2024-05,1102.0
sridamansarabarat,2024-06,1054.0
sridamansarabarat,2024-07,1128.0
sridamansarabarat,2024-08,1142.0
sridamansarabarat,2024-09,1123.0
sridamansarabarat,2024-10,1185.0
sridamansarabarat,2024-11,1184.0
sridamansarabarat,2024-12,1137.0
sridamansarabarat,2025-01,1127.0
sridamansarabarat,2025-02,1187.0
sridamansarabarat,2025-03,1142.0
sridamansarabarat,2025-04,1179.0
sridamansarabarat,2025-05,1234.0
sridamansarabarat,2025-06,1232.0
sridamansarabarat,2025-07,1328.0
sridamansarabarat,2025-08,1304.0
sridamansarabarat,2025-09,1233.0
sridamansarabarat,2025-10,1231.0
sridamansarabarat,2025-11,1277.0
sridamansarabarat,2025-12,1291.0
sridamansarabarat,2026-01,1294.0
sridamansarabarat,2026-02,1189.0
sridamansarabarat,2026-03,1234.0
sridamansarabarat,2026-04,1363.0
sridamansarabarat,2026-05,1266.0
sridamansarabarat,2026-06,1267.0
sridamansarabarat,2026-07,1430.0
sridamansarabarat,2026-08,1329.0
sridamansarabarat,2026-09,1282.0
sridamansarasentral,2023-01,259.0
sridamansarasentral,2023-02,293.0
sridamansarasentral,2023-03,359.0
sridamansarasentral,2023-04,328.0
sridamansarasentral,2023-05,344.0
sridamansarasentral,2023-06,376.0
sridamansarasentral,2023-07,405.0
sridamansarasentral,2023-08,422.0
sridamansarasentral,2023-09,431.0
sridamansarasentral,2023-10,457.0
sridamansarasentral,2023-11,475.0
sridamansarasentral,2023-12,522.0
sridamansarasentral,2024-01,517.0
sridamansarasentral,2024-02,522.0
sridamansarasentral,2024-03,529.0
sridamansarasentral,2024-04,529.0
sridamansarasentral,2024-05,556.0
sridamansarasentral,2024-06,546.0
sridamansarasentral,2024-07,610.0
sridamansarasentral,2024-08,606.0
sridamansarasentral,2024-09,590.0
sridamansarasentral,2024-10,642.0
sridamansarasentral,2024-11,624.0
sridamansarasentral,2024-12,623.0
sridamansarasentral,2025-01,606.0
sridamansarasentral,2025-02,637.0
sridamansarasentral,2025-03,619.0
sridamansarasentral,2025-04,629.0
sridamansarasentral,2025-05,646.0
sridamansarasentral,2025-06,659.0
sridamansarasentral,2025-07,687.0
sridamansarasentral,2025-08,685.0
sridamansarasentral,2025-09,650.0
sridamansarasentral,2025-10,643.0
sridamansarasentral,2025-11,654.0
sridamansarasentral,2025-12,658.0
sridamansarasentral,2026-01,688.0
sridamansarasentral,2026-02,622.0
sridamansarasentral,2026-03,649.0
sridamansarasentral,2026-04,726.0
sridamansarasentral,2026-05,707.0
sridamansarasentral,2026-06,706.0
sridamansarasentral,2026-07,789.0
sridamansarasentral,2026-08,735.0
sridamansarasentral,2026-09,737.0
sridamansaratimur,2023-01,404.0
sridamansaratimur,2023-02,458.0
sridamansaratimur,2023-03,569.0
sridamansaratimur,2023-04,545.0
sridamansaratimur,2023-05,596.0
sridamansaratimur,2023-06,621.0
sridamansaratimur,2023-07,644.0
sridamansaratimur,2023-08,713.0
sridamansaratimur,2023-09,723.0
sridamansaratimur,2023-10,772.0
sridamansaratimur,2023-11,797.0
sridamansaratimur,2023-12,790.0
sridamansaratimur,2024-01,814.0
sridamansaratimur,2024-02,833.0
sridamansaratimur,2024-03,873.0
sridamansaratimur,2024-04,869.0
sridamansaratimur,2024-05,885.0
sridamansaratimur,2024-06,854.0
sridamansaratimur,2024-07,923.0
sridamansaratimur,2024-08,928.0
sridamansaratimur,2024-09,898.0
sridamansaratimur,2024-10,954.0
sridamansaratimur,2024-11,958.0
sridamansaratimur,2024-12,937.0
sridamansaratimur,2025-01,917.0
sridamansaratimur,2025-02,971.0
sridamansaratimur,2025-03,958.0
sridamansaratimur,2025-04,984.0
sridamansaratimur,2025-05,997.0
sridamansaratimur,2025-06,1032.0
sridamansaratimur,2025-07,1076.0
sridamansaratimur,2025-08,1065.0
sridamansaratimur,2025-09,1000.0
sridamansaratimur,2025-10,979.0
sridamansaratimur,2025-11,1031.0
sridamansaratimur,2025-12,1046.0
sridamansaratimur,2026-01,1063.0
sridamansaratimur,2026-02,977.0
sridamansaratimur,2026-03,1018.0
sridamansaratimur,2026-04,1099.0
sridamansaratimur,2026-05,1059.0
sridamansaratimur,2026-06,1049.0
sridamansaratimur,2026-07,1167.0
sridamansaratimur,2026-08,1110.0
sridamansaratimur,2026-09,1106.0
sridelima,2023-01,124.0
sridelima,2023-02,145.0
sridelima,2023-03,258.0
sridelima,2023-04,304.0
sridelima,2023-05,358.0
sridelima,2023-06,384.0
sridelima,2023-07,403.0
sridelima,2023-08,438.0
sridelima,2023-09,452.0
sridelima,2023-10,460.0
sridelima,2023-11,490.0
sridelima,2023-12,586.0
sridelima,2024-01,572.0
sridelima,2024-02,577.0
sridelima,2024-03,606.0
sridelima,2024-04,597.0
sridelima,2024-05,663.0
sridelima,2024-06,659.0
sridelima,2024-07,688.0
sridelima,2024-08,718.0
sridelima,2024-09,715.0
sridelima,2024-10,744.0
sridelima,2024-11,743.0
sridelima,2024-12,779.0
sridelima,2025-01,732.0
sridelima,2025-02,791.0
sridelima,2025-03,775.0
sridelima,2025-04,788.0
sridelima,2025-05,814.0
sridelima,2025-06,821.0
sridelima,2025-07,878.0
sridelima,2025-08,902.0
sridelima,2025-09,847.0
sridelima,2025-10,825.0
sridelima,2025-11,872.0
sridelima,2025-12,914.0
sridelima,2026-01,907.0
sridelima,2026-02,875.0
sridelima,2026-03,915.0
sridelima,2026-04,975.0
sridelima,2026-05,930.0
sridelima,2026-06,915.0
sridelima,2026-07,1010.0
sridelima,2026-08,975.0
sridelima,2026-09,955.0
sripetaling,2023-01,1358.0
sripetaling,2023-02,1469.0
sripetaling,2023-03,1465.0
sripetaling,2023-04,961.0
sripetaling,2023-05,1091.0
sripetaling,2023-06,1072.0
sripetaling,2023-07,1031.0
sripetaling,2023-08,1109.0
sripetaling,2023-09,1138.0
sripetaling,2023-10,1185.0
sripetaling,2023-11,1240.0
sripetaling,2023-12,1074.0
sripetaling,2024-01,1077.0
sripetaling,2024-02,999.0
sripetaling,2024-03,1127.0
sripetaling,2024-04,1105.0
sripetaling,2024-05,1196.0
sripetaling,2024-06,1127.0
sripetaling,2024-07,1205.0
sripetaling,2024-08,1203.0
sripetaling,2024-09,1242.0
sripetaling,2024-10,1357.0
sripetaling,2024-11,1309.0
sripetaling,2024-12,1083.0
sripetaling,2025-01,1204.0
sripetaling,2025-02,1220.0
sripetaling,2025-03,1124.0
sripetaling,2025-04,1187.0
sripetaling,2025-05,1241.0
sripetaling,2025-06,1149.0
sripetaling,2025-07,1244.0
sripetaling,2025-08,1228.0
sripetaling,2025-09,1154.0
sripetaling,2025-10,1320.0
sripetaling,2025-11,1238.0
sripetaling,2025-12,1141.0
sripetaling,2026-01,1300.0
sripetaling,2026-02,1090.0
sripetaling,2026-03,1174.0
sripetaling,2026-04,1392.0
sripetaling,2026-05,1171.0
sripetaling,2026-06,1196.0
sripetaling,2026-07,1278.0
sripetaling,2026-08,1171.0
sripetaling,2026-09,1178.0
srirampai,2023-01,3658.0
srirampai,2023-02,3970.0
srirampai,2023-03,4357.0
srirampai,2023-04,3649.0
srirampai,2023-05,4094.0
srirampai,2023-06,4061.0
srirampai,2023-07,4104.0
srirampai,2023-08,4328.0
srirampai,2023-09,4258.0
srirampai,2023-10,4423.0
srirampai,2023-11,4444.0
srirampai,2023-12,3999.0
srirampai,2024-01,4223.0
srirampai,2024-02,4130.0
srirampai,2024-03,4280.0
srirampai,2024-04,3997.0
srirampai,2024-05,4470.0
srirampai,2024-06,4161.0
srirampai,2024-07,4595.0
srirampai,2024-08,4622.0
srirampai,2024-09,4386.0
srirampai,2024-10,4746.0
srirampai,2024-11,4614.0
srirampai,2024-12,4442.0
srirampai,2025-01,4352.0
srirampai,2025-02,4669.0
srirampai,2025-03,4401.0
srirampai,2025-04,4510.0
srirampai,2025-05,4643.0
srirampai,2025-06,4433.0
srirampai,2025-07,4952.0
srirampai,2025-08,4967.0
srirampai,2025-09,4586.0
srirampai,2025-10,4884.0
srirampai,2025-11,4954.0
srirampai,2025-12,4983.0
srirampai,2026-01,5069.0
srirampai,2026-02,4490.0
srirampai,2026-03,4524.0
srirampai,2026-04,5243.0
srirampai,2026-05,4639.0
srirampai,2026-06,4809.0
srirampai,2026-07,5272.0
srirampai,2026-08,4870.0
srirampai,2026-09,4840.0
sriraya,2023-01,1772.0
sriraya,2023-02,1895.0
sriraya,2023-03,2015.0
sriraya,2023-04,1710.0
sriraya,2023-05,1928.0
sriraya,2023-06,1924.0
sriraya,2023-07,1884.0
sriraya,2023-08,1942.0
sriraya,2023-09,1916.0
sriraya,2023-10,1954.0
sriraya,2023-11,1931.0
sriraya,2023-12,1854.0
sriraya,2024-01,1895.0
sriraya,2024-02,1776.0
sriraya,2024-03,1844.0
sriraya,2024-04,1783.0
sriraya,2024-05,1912.0
sriraya,2024-06,1866.0
sriraya,2024-07,2014.0
sriraya,2024-08,2036.0
sriraya,2024-09,1944.0
sriraya,2024-10,2074.0
sriraya,2024-11,2037.0
sriraya,2024-12,1964.0
sriraya,2025-01,1919.0
sriraya,2025-02,2062.0
sriraya,2025-03,2041.0
sriraya,2025-04,2159.0
sriraya,2025-05,2187.0
sriraya,2025-06,2163.0
sriraya,2025-07,2351.0
sriraya,2025-08,2396.0
sriraya,2025-09,2208.0
sriraya,2025-10,2296.0
sriraya,2025-11,2257.0
sriraya,2025-12,2276.0
sriraya,2026-01,2327.0
sriraya,2026-02,2114.0
sriraya,2026-03,2189.0
sriraya,2026-04,2451.0
sriraya,2026-05,2237.0
sriraya,2026-06,2274.0
sriraya,2026-07,2464.0
sriraya,2026-08,2348.0
sriraya,2026-09,2315.0
ss15,2023-01,3086.0
ss15,2023-02,3805.0
ss15,2023-03,3731.0
ss15,2023-04,3492.0
ss15,2023-05,3830.0
ss15,2023-06,3827.0
ss15,2023-07,3713.0
ss15,2023-08,3817.0
ss15,2023-09,4215.0
ss15,2023-10,4454.0
ss15,2023-11,4237.0
ss15,2023-12,3554.0
ss15,2024-01,4141.0
ss15,2024-02,3845.0
ss15,2024-03,3978.0
ss15,2024-04,4138.0
ss15,2024-05,4458.0
ss15,2024-06,4201.0
ss15,2024-07,4537.0
ss15,2024-08,4465.0
ss15,2024-09,4416.0
ss15,2024-10,4726.0
ss15,2024-11,4614.0
ss15,2024-12,3993.0
ss15,2025-01,4185.0
ss15,2025-02,4692.0
ss15,2025-03,4102.0
ss15,2025-04,4651.0
ss15,2025-05,4547.0
ss15,2025-06,4512.0
ss15,2025-07,4844.0
ss15,2025-08,4654.0
ss15,2025-09,4506.0
ss15,2025-10,4713.0
ss15,2025-11,4595.0
ss15,2025-12,4052.0
ss15,2026-01,4515.0
ss15,2026-02,4009.0
ss15,2026-03,4086.0
ss15,2026-04,4802.0
ss15,2026-05,4222.0
ss15,2026-06,4333.0
ss15,2026-07,4588.0
ss15,2026-08,4210.0
ss15,2026-09,4362.0
ss18,2023-01,737.0
ss18,2023-02,821.0
ss18,2023-03,859.0
ss18,2023-04,725.0
ss18,2023-05,821.0
ss18,2023-06,847.0
ss18,2023-07,870.0
ss18,2023-08,915.0
ss18,2023-09,901.0
ss18,2023-10,971.0
ss18,2023-11,957.0
ss18,2023-12,843.0
ss18,2024-01,955.0
ss18,2024-02,897.0
ss18,2024-03,961.0
ss18,2024-04,952.0
ss18,2024-05,1017.0
ss18,2024-06,967.0
ss18,2024-07,1099.0
ss18,2024-08,1112.0
ss18,2024-09,1029.0
ss18,2024-10,1114.0
ss18,2024-11,1080.0
ss18,2024-12,984.0
ss18,2025-01,1008.0
ss18,2025-02,1119.0
ss18,2025-03,1024.0
ss18,2025-04,1096.0
ss18,2025-05,1050.0
ss18,2025-06,1015.0
ss18,2025-07,1159.0
ss18,2025-08,1133.0
ss18,2025-09,1048.0
ss18,2025-10,1121.0
ss18,2025-11,1061.0
ss18,2025-12,1017.0
ss18,2026-01,1125.0
ss18,2026-02,996.0
ss18,2026-03,1036.0
ss18,2026-04,1183.0
ss18,2026-05,1052.0
ss18,2026-06,1094.0
ss18,2026-07,1248.0
ss18,2026-08,1111.0
ss18,2026-09,1099.0
stadiumkajang,2023-01,2218.0
stadiumkajang,2023-02,2313.0
stadiumkajang,2023-03,2319.0
stadiumkajang,2023-04,2175.0
stadiumkajang,2023-05,2251.0
stadiumkajang,2023-06,2396.0
stadiumkajang,2023-07,2293.0
stadiumkajang,2023-08,2315.0
stadiumkajang,2023-09,2353.0
stadiumkajang,2023-10,2457.0
stadiumkajang,2023-11,2499.0
stadiumkajang,2023-12,2555.0
stadiumkajang,2024-01,2390.0
stadiumkajang,2024-02,2542.0
stadiumkajang,2024-03,2445.0
stadiumkajang,2024-04,2557.0
stadiumkajang,2024-05,2657.0
stadiumkajang,2024-06,2664.0
stadiumkajang,2024-07,2693.0
stadiumkajang,2024-08,2676.0
stadiumkajang,2024-09,2699.0
stadiumkajang,2024-10,2813.0
stadiumkajang,2024-11,2752.0
stadiumkajang,2024-12,2769.0
stadiumkajang,2025-01,2753.0
stadiumkajang,2025-02,2742.0
stadiumkajang,2025-03,2551.0
stadiumkajang,2025-04,2808.0
stadiumkajang,2025-05,2800.0
stadiumkajang,2025-06,2845.0
stadiumkajang,2025-07,2875.0
stadiumkajang,2025-08,2954.0
stadiumkajang,2025-09,2826.0
stadiumkajang,2025-10,2877.0
stadiumkajang,2025-11,2767.0
stadiumkajang,2025-12,2804.0
stadiumkajang,2026-01,2772.0
stadiumkajang,2026-02,2674.0
stadiumkajang,2026-03,2733.0
stadiumkajang,2026-04,2904.0
stadiumkajang,2026-05,2843.0
stadiumkajang,2026-06,2762.0
stadiumkajang,2026-07,2861.0
stadiumkajang,2026-08,3015.0
stadiumkajang,2026-09,2678.0
stadiumshahalam,2026-08,1756.0
stadiumshahalam,2026-09,1616.0
subang,2026-08,567.0
subang,2026-09,556.0
subangalam,2023-01,351.0
subangalam,2023-02,389.0
subangalam,2023-03,418.0
subangalam,2023-04,370.0
subangalam,2023-05,426.0
subangalam,2023-06,429.0
subangalam,2023-07,426.0
subangalam,2023-08,468.0
subangalam,2023-09,482.0
subangalam,2023-10,506.0
subangalam,2023-11,496.0
subangalam,2023-12,448.0
subangalam,2024-01,473.0
subangalam,2024-02,492.0
subangalam,2024-03,493.0
subangalam,2024-04,504.0
subangalam,2024-05,531.0
subangalam,2024-06,507.0
subangalam,2024-07,546.0
subangalam,2024-08,552.0
subangalam,2024-09,517.0
subangalam,2024-10,561.0
subangalam,2024-11,545.0
subangalam,2024-12,514.0
subangalam,2025-01,532.0
subangalam,2025-02,555.0
subangalam,2025-03,532.0
subangalam,2025-04,540.0
subangalam,2025-05,544.0
subangalam,2025-06,535.0
subangalam,2025-07,583.0
subangalam,2025-08,578.0
subangalam,2025-09,529.0
subangalam,2025-10,544.0
subangalam,2025-11,524.0
subangalam,2025-12,508.0
subangalam,2026-01,545.0
subangalam,2026-02,500.0
subangalam,2026-03,519.0
subangalam,2026-04,604.0
subangalam,2026-05,532.0
subangalam,2026-06,525.0
subangalam,2026-07,596.0
subangalam,2026-08,550.0
subangalam,2026-09,531.0
subangjaya,2023-01,3820.0
subangjaya,2023-02,4422.0
subangjaya,2023-03,4759.0
subangjaya,2023-04,3985.0
subangjaya,2023-05,4597.0
subangjaya,2023-06,4604.0
subangjaya,2023-07,4702.0
subangjaya,2023-08,5004.0
subangjaya,2023-09,5101.0
subangjaya,2023-10,5366.0
subangjaya,2023-11,5222.0
subangjaya,2023-12,4571.0
subangjaya,2024-01,5167.0
subangjaya,2024-02,4997.0
subangjaya,2024-03,5085.0
subangjaya,2024-04,4945.0
subangjaya,2024-05,5399.0
subangjaya,2024-06,5005.0
subangjaya,2024-07,5585.0
subangjaya,2024-08,5530.0
subangjaya,2024-09,5221.0
subangjaya,2024-10,5767.0
subangjaya,2024-11,5592.0
subangjaya,2024-12,5081.0
subangjaya,2025-01,5330.0
subangjaya,2025-02,5942.0
subangjaya,2025-03,5271.0
subangjaya,2025-04,5800.0
subangjaya,2025-05,5875.0
subangjaya,2025-06,5705.0
subangjaya,2025-07,6316.0
subangjaya,2025-08,6026.0
subangjaya,2025-09,5663.0
subangjaya,2025-10,6027.0
subangjaya,2025-11,5846.0
subangjaya,2025-12,5597.0
subangjaya,2026-01,5559.0
subangjaya,2026-02,4910.0
subangjaya,2026-03,4986.0
subangjaya,2026-04,5829.0
subangjaya,2026-05,5111.0
subangjaya,2026-06,5180.0
subangjaya,2026-07,4995.0
subangjaya,2026-08,4304.0
subangjaya,2026-09,4325.0
sultanismail,2023-01,1347.0
sultanismail,2023-02,644.0
sultanismail,2023-03,495.0
sultanismail,2023-04,7.0
sultanismail,2023-05,318.0
sultanismail,2023-06,513.0
sultanismail,2023-07,527.0
sultanismail,2023-08,554.0
sultanismail,2023-09,533.0
sultanismail,2023-10,587.0
sultanismail,2023-11,585.0
sultanismail,2023-12,522.0
sultanismail,2024-01,532.0
sultanismail,2024-02,711.0
sultanismail,2024-03,1128.0
sultanismail,2024-04,1126.0
sultanismail,2024-05,1354.0
sultanismail,2024-06,1299.0
sultanismail,2024-07,1578.0
sultanismail,2024-08,1674.0
sultanismail,2024-09,1489.0
sultanismail,2024-10,1609.0
sultanismail,2024-11,1609.0
sultanismail,2024-12,1455.0
sultanismail,2025-01,1487.0
sultanismail,2025-02,1591.0
sultanismail,2025-03,1518.0
sultanismail,2025-04,1562.0
sultanismail,2025-05,1587.0
sultanismail,2025-06,1510.0
sultanismail,2025-07,1763.0
sultanismail,2025-08,1795.0
sultanismail,2025-09,1587.0
sultanismail,2025-10,1767.0
sultanismail,2025-11,1822.0
sultanismail,2025-12,1729.0
sultanismail,2026-01,1805.0
sultanismail,2026-02,1681.0
sultanismail,2026-03,1687.0
sultanismail,2026-04,1995.0
sultanismail,2026-05,1683.0
sultanismail,2026-06,1662.0
sultanismail,2026-07,1854.0
sultanismail,2026-08,1718.0
sultanismail,2026-09,1611.0
sungaibesi,2023-01,1821.0
sungaibesi,2023-02,1659.0
sungaibesi,2023-03,1998.0
sungaibesi,2023-04,1564.0
sungaibesi,2023-05,1788.0
sungaibesi,2023-06,1803.0
sungaibesi,2023-07,1797.0
sungaibesi,2023-08,1938.0
sungaibesi,2023-09,1902.0
sungaibesi,2023-10,2074.0
sungaibesi,2023-11,2123.0
sungaibesi,2023-12,2254.0
sungaibesi,2024-01,2076.0
sungaibesi,2024-02,2127.0
sungaibesi,2024-03,2246.0
sungaibesi,2024-04,2077.0
sungaibesi,2024-05,2355.0
sungaibesi,2024-06,2229.0
sungaibesi,2024-07,2311.0
sungaibesi,2024-08,2429.0
sungaibesi,2024-09,2285.0
sungaibesi,2024-10,2432.0
sungaibesi,2024-11,2429.0
sungaibesi,2024-12,2343.0
sungaibesi,2025-01,2207.0
sungaibesi,2025-02,2410.0
sungaibesi,2025-03,2188.0
sungaibesi,2025-04,2268.0
sungaibesi,2025-05,2449.0
sungaibesi,2025-06,2329.0
sungaibesi,2025-07,2440.0
sungaibesi,2025-08,2470.0
sungaibesi,2025-09,2262.0
sungaibesi,2025-10,2565.0
sungaibesi,2025-11,2423.0
sungaibesi,2025-12,2529.0
sungaibesi,2026-01,2586.0
sungaibesi,2026-02,2306.0
sungaibesi,2026-03,2229.0
sungaibesi,2026-04,2564.0
sungaibesi,2026-05,2363.0
sungaibesi,2026-06,2454.0
sungaibesi,2026-07,2548.0
sungaibesi,2026-08,2488.0
sungaibesi,2026-09,2435.0
sungaibuloh,2023-01,2324.0
sungaibuloh,2023-02,2490.0
sungaibuloh,2023-03,2670.0
sungaibuloh,2023-04,2391.0
sungaibuloh,2023-05,2708.0
sungaibuloh,2023-06,2701.0
sungaibuloh,2023-07,2648.0
sungaibuloh,2023-08,2829.0
sungaibuloh,2023-09,2836.0
sungaibuloh,2023-10,2862.0
sungaibuloh,2023-11,2980.0
sungaibuloh,2023-12,3037.0
sungaibuloh,2024-01,2907.0
sungaibuloh,2024-02,3087.0
sungaibuloh,2024-03,2963.0
sungaibuloh,2024-04,2923.0
sungaibuloh,2024-05,3045.0
sungaibuloh,2024-06,2867.0
sungaibuloh,2024-07,2877.0
sungaibuloh,2024-08,2839.0
sungaibuloh,2024-09,2823.0
sungaibuloh,2024-10,2926.0
sungaibuloh,2024-11,2982.0
sungaibuloh,2024-12,2988.0
sungaibuloh,2025-01,2942.0
sungaibuloh,2025-02,3081.0
sungaibuloh,2025-03,2750.0
sungaibuloh,2025-04,3016.0
sungaibuloh,2025-05,3214.0
sungaibuloh,2025-06,3177.0
sungaibuloh,2025-07,3179.0
sungaibuloh,2025-08,3187.0
sungaibuloh,2025-09,3138.0
sungaibuloh,2025-10,3063.0
sungaibuloh,2025-11,3162.0
sungaibuloh,2025-12,3283.0
sungaibuloh,2026-01,3186.0
sungaibuloh,2026-02,3035.0
sungaibuloh,2026-03,3028.0
sungaibuloh,2026-04,3358.0
sungaibuloh,2026-05,3279.0
sungaibuloh,2026-06,3153.0
sungaibuloh,2026-07,3380.0
sungaibuloh,2026-08,3239.0
sungaibuloh,2026-09,3166.0
sungaijernih,2023-01,2372.0
sungaijernih,2023-02,2529.0
sungaijernih,2023-03,2768.0
sungaijernih,2023-04,2214.0
sungaijernih,2023-05,2593.0
sungaijernih,2023-06,2584.0
sungaijernih,2023-07,2504.0
sungaijernih,2023-08,2640.0
sungaijernih,2023-09,2628.0
sungaijernih,2023-10,2764.0
sungaijernih,2023-11,2739.0
sungaijernih,2023-12,2568.0
sungaijernih,2024-01,2648.0
sungaijernih,2024-02,2648.0
sungaijernih,2024-03,2694.0
sungaijernih,2024-04,2575.0
sungaijernih,2024-05,2877.0
sungaijernih,2024-06,2677.0
sungaijernih,2024-07,2870.0
sungaijernih,2024-08,2851.0
sungaijernih,2024-09,2740.0
sungaijernih,2024-10,2974.0
sungaijernih,2024-11,2920.0
sungaijernih,2024-12,2771.0
sungaijernih,2025-01,2703.0
sungaijernih,2025-02,2875.0
sungaijernih,2025-03,2667.0
sungaijernih,2025-04,2793.0
sungaijernih,2025-05,2857.0
sungaijernih,2025-06,2798.0
sungaijernih,2025-07,3024.0
sungaijernih,2025-08,2964.0
sungaijernih,2025-09,2790.0
sungaijernih,2025-10,2910.0
sungaijernih,2025-11,2866.0
sungaijernih,2025-12,2848.0
sungaijernih,2026-01,2833.0
sungaijernih,2026-02,2546.0
sungaijernih,2026-03,2547.0
sungaijernih,2026-04,3024.0
sungaijernih,2026-05,2674.0
sungaijernih,2026-06,2747.0
sungaijernih,2026-07,2973.0
sungaijernih,2026-08,2936.0
sungaijernih,2026-09,2837.0
surian,2023-01,4139.0
surian,2023-02,4795.0
surian,2023-03,5044.0
surian,2023-04,4540.0
surian,2023-05,4787.0
surian,2023-06,4916.0
surian,2023-07,4868.0
surian,2023-08,5046.0
surian,2023-09,5143.0
surian,2023-10,5191.0
surian,2023-11,5171.0
surian,2023-12,5222.0
surian,2024-01,5298.0
surian,2024-02,5081.0
surian,2024-03,5388.0
surian,2024-04,5365.0
surian,2024-05,5534.0
surian,2024-06,5310.0
surian,2024-07,5689.0
surian,2024-08,5675.0
surian,2024-09,5501.0
surian,2024-10,5947.0
surian,2024-11,5815.0
surian,2024-12,5598.0
surian,2025-01,5516.0
surian,2025-02,5766.0
surian,2025-03,5509.0
surian,2025-04,5931.0
surian,2025-05,5812.0
surian,2025-06,5638.0
surian,2025-07,5950.0
surian,2025-08,5972.0
surian,2025-09,5712.0
surian,2025-10,5967.0
surian,2025-11,6193.0
surian,2025-12,6041.0
surian,2026-01,6256.0
surian,2026-02,5764.0
surian,2026-03,5847.0
surian,2026-04,6373.0
surian,2026-05,6059.0
surian,2026-06,6115.0
surian,2026-07,6503.0
surian,2026-08,6182.0
surian,2026-09,6216.0
taipan,2023-01,1519.0
taipan,2023-02,1712.0
taipan,2023-03,1810.0
taipan,2023-04,1657.0
taipan,2023-05,1772.0
taipan,2023-06,1794.0
taipan,2023-07,1807.0
taipan,2023-08,1877.0
taipan,2023-09,1904.0
taipan,2023-10,1982.0
taipan,2023-11,1968.0
taipan,2023-12,1805.0
taipan,2024-01,1939.0
taipan,2024-02,1882.0
taipan,2024-03,1980.0
taipan,2024-04,1992.0
taipan,2024-05,2097.0
taipan,2024-06,1976.0
taipan,2024-07,2177.0
taipan,2024-08,2142.0
taipan,2024-09,2049.0
taipan,2024-10,2200.0
taipan,2024-11,2147.0
taipan,2024-12,2045.0
taipan,2025-01,2030.0
taipan,2025-02,2198.0
taipan,2025-03,2148.0
taipan,2025-04,2230.0
taipan,2025-05,2216.0
taipan,2025-06,2122.0
taipan,2025-07,2413.0
taipan,2025-08,2372.0
taipan,2025-09,2237.0
taipan,2025-10,2325.0
taipan,2025-11,2306.0
taipan,2025-12,2172.0
taipan,2026-01,2318.0
taipan,2026-02,2142.0
taipan,2026-03,2224.0
taipan,2026-04,2431.0
taipan,2026-05,2214.0
taipan,2026-06,2228.0
taipan,2026-07,2498.0
taipan,2026-08,2339.0
taipan,2026-09,2290.0
tamanbahagia,2023-01,1974.0
tamanbahagia,2023-02,2255.0
tamanbahagia,2023-03,2414.0
tamanbahagia,2023-04,1974.0
tamanbahagia,2023-05,2209.0
tamanbahagia,2023-06,2318.0
tamanbahagia,2023-07,2324.0
tamanbahagia,2023-08,2343.0
tamanbahagia,2023-09,2378.0
tamanbahagia,2023-10,2523.0
tamanbahagia,2023-11,2447.0
tamanbahagia,2023-12,2116.0
tamanbahagia,2024-01,2343.0
tamanbahagia,2024-02,2250.0
tamanbahagia,2024-03,2433.0
tamanbahagia,2024-04,2206.0
tamanbahagia,2024-05,2385.0
tamanbahagia,2024-06,2333.0
tamanbahagia,2024-07,2622.0
tamanbahagia,2024-08,2497.0
tamanbahagia,2024-09,2368.0
tamanbahagia,2024-10,2625.0
tamanbahagia,2024-11,2583.0
tamanbahagia,2024-12,2285.0
tamanbahagia,2025-01,2234.0
tamanbahagia,2025-02,2560.0
tamanbahagia,2025-03,2377.0
tamanbahagia,2025-04,2355.0
tamanbahagia,2025-05,2367.0
tamanbahagia,2025-06,2384.0
tamanbahagia,2025-07,2764.0
tamanbahagia,2025-08,2562.0
tamanbahagia,2025-09,2316.0
tamanbahagia,2025-10,2536.0
tamanbahagia,2025-11,2481.0
tamanbahagia,2025-12,2308.0
tamanbahagia,2026-01,2480.0
tamanbahagia,2026-02,2308.0
tamanbahagia,2026-03,2306.0
tamanbahagia,2026-04,2567.0
tamanbahagia,2026-05,2239.0
tamanbahagia,2026-06,2430.0
tamanbahagia,2026-07,2682.0
tamanbahagia,2026-08,2329.0
tamanbahagia,2026-09,2283.0
tamanconnaught,2023-01,2808.0
tamanconnaught,2023-02,3232.0
tamanconnaught,2023-03,3561.0
tamanconnaught,2023-04,3149.0
tamanconnaught,2023-05,3704.0
tamanconnaught,2023-06,3677.0
tamanconnaught,2023-07,3840.0
tamanconnaught,2023-08,4073.0
tamanconnaught,2023-09,4214.0
tamanconnaught,2023-10,4340.0
tamanconnaught,2023-11,4317.0
tamanconnaught,2023-12,4186.0
tamanconnaught,2024-01,4511.0
tamanconnaught,2024-02,4172.0
tamanconnaught,2024-03,4558.0
tamanconnaught,2024-04,4373.0
tamanconnaught,2024-05,4767.0
tamanconnaught,2024-06,4658.0
tamanconnaught,2024-07,5154.0
tamanconnaught,2024-08,5036.0
tamanconnaught,2024-09,4865.0
tamanconnaught,2024-10,5224.0
tamanconnaught,2024-11,5122.0
tamanconnaught,2024-12,4807.0
tamanconnaught,2025-01,4589.0
tamanconnaught,2025-02,4936.0
tamanconnaught,2025-03,4797.0
tamanconnaught,2025-04,5025.0
tamanconnaught,2025-05,4914.0
tamanconnaught,2025-06,4970.0
tamanconnaught,2025-07,5409.0
tamanconnaught,2025-08,5278.0
tamanconnaught,2025-09,4799.0
tamanconnaught,2025-10,5129.0
tamanconnaught,2025-11,5092.0
tamanconnaught,2025-12,5105.0
tamanconnaught,2026-01,5080.0
tamanconnaught,2026-02,4628.0
tamanconnaught,2026-03,4855.0
tamanconnaught,2026-04,5331.0
tamanconnaught,2026-05,4842.0
tamanconnaught,2026-06,4960.0
tamanconnaught,2026-07,5312.0
tamanconnaught,2026-08,4974.0
tamanconnaught,2026-09,4844.0
tamanequine,2023-03,788.0
tamanequine,2023-04,680.0
tamanequine,2023-05,798.0
tamanequine,2023-06,846.0
tamanequine,2023-07,857.0
tamanequine,2023-08,952.0
tamanequine,2023-09,970.0
tamanequine,2023-10,1037.0
tamanequine,2023-11,1091.0
tamanequine,2023-12,1225.0
tamanequine,2024-01,1157.0
tamanequine,2024-02,1174.0
tamanequine,2024-03,1197.0
tamanequine,2024-04,1200.0
tamanequine,2024-05,1304.0
tamanequine,2024-06,1262.0
tamanequine,2024-07,1411.0
tamanequine,2024-08,1353.0
tamanequine,2024-09,1305.0
tamanequine,2024-10,1393.0
tamanequine,2024-11,1393.0
tamanequine,2024-12,1370.0
tamanequine,2025-01,1321.0
tamanequine,2025-02,1382.0
tamanequine,2025-03,1333.0
tamanequine,2025-04,1414.0
tamanequine,2025-05,1456.0
tamanequine,2025-06,1444.0
tamanequine,2025-07,1537.0
tamanequine,2025-08,1573.0
tamanequine,2025-09,1460.0
tamanequine,2025-10,1444.0
tamanequine,2025-11,1555.0
tamanequine,2025-12,1567.0
tamanequine,2026-01,1562.0
tamanequine,2026-02,1413.0
tamanequine,2026-03,1501.0
tamanequine,2026-04,1669.0
tamanequine,2026-05,1572.0
tamanequine,2026-06,1547.0
tamanequine,2026-07,1677.0
tamanequine,2026-08,1596.0
tamanequine,2026-09,1587.0
tamanjaya,2023-01,2929.0
tamanjaya,2023-02,3166.0
tamanjaya,2023-03,3468.0
tamanjaya,2023-04,2879.0
tamanjaya,2023-05,3344.0
tamanjaya,2023-06,3259.0
tamanjaya,2023-07,3316.0
tamanjaya,2023-08,3480.0
tamanjaya,2023-09,3448.0
tamanjaya,2023-10,3733.0
tamanjaya,2023-11,3619.0
tamanjaya,2023-12,3100.0
tamanjaya,2024-01,3520.0
tamanjaya,2024-02,3308.0
tamanjaya,2024-03,3642.0
tamanjaya,2024-04,3396.0
tamanjaya,2024-05,3761.0
tamanjaya,2024-06,3446.0
tamanjaya,2024-07,4002.0
tamanjaya,2024-08,4009.0
tamanjaya,2024-09,3723.0
tamanjaya,2024-10,4115.0
tamanjaya,2024-11,4017.0
tamanjaya,2024-12,3656.0
tamanjaya,2025-01,3574.0
tamanjaya,2025-02,4007.0
tamanjaya,2025-03,3808.0
tamanjaya,2025-04,3987.0
tamanjaya,2025-05,3934.0
tamanjaya,2025-06,3831.0
tamanjaya,2025-07,4446.0
tamanjaya,2025-08,4341.0
tamanjaya,2025-09,3888.0
tamanjaya,2025-10,4078.0
tamanjaya,2025-11,3959.0
tamanjaya,2025-12,3696.0
tamanjaya,2026-01,4038.0
tamanjaya,2026-02,3719.0
tamanjaya,2026-03,3781.0
tamanjaya,2026-04,4417.0
tamanjaya,2026-05,3842.0
tamanjaya,2026-06,3930.0
tamanjaya,2026-07,4479.0
tamanjaya,2026-08,4073.0
tamanjaya,2026-09,3874.0
tamanmelati,2023-01,3742.0
tamanmelati,2023-02,4169.0
tamanmelati,2023-03,4841.0
tamanmelati,2023-04,4205.0
tamanmelati,2023-05,4659.0
tamanmelati,2023-06,4577.0
tamanmelati,2023-07,5366.0
tamanmelati,2023-08,5663.0
tamanmelati,2023-09,5528.0
tamanmelati,2023-10,5385.0
tamanmelati,2023-11,5629.0
tamanmelati,2023-12,5621.0
tamanmelati,2024-01,5280.0
tamanmelati,2024-02,4984.0
tamanmelati,2024-03,5753.0
tamanmelati,2024-04,5314.0
tamanmelati,2024-05,5520.0
tamanmelati,2024-06,4760.0
tamanmelati,2024-07,6085.0
tamanmelati,2024-08,5997.0
tamanmelati,2024-09,5551.0
tamanmelati,2024-10,5500.0
tamanmelati,2024-11,5671.0
tamanmelati,2024-12,5756.0
tamanmelati,2025-01,4880.0
tamanmelati,2025-02,5676.0
tamanmelati,2025-03,5688.0
tamanmelati,2025-04,5662.0
tamanmelati,2025-05,5326.0
tamanmelati,2025-06,5063.0
tamanmelati,2025-07,6443.0
tamanmelati,2025-08,6157.0
tamanmelati,2025-09,5293.0
tamanmelati,2025-10,5245.0
tamanmelati,2025-11,5666.0
tamanmelati,2025-12,5785.0
tamanmelati,2026-01,5307.0
tamanmelati,2026-02,5022.0
tamanmelati,2026-03,5281.0
tamanmelati,2026-04,5839.0
tamanmelati,2026-05,4762.0
tamanmelati,2026-06,5250.0
tamanmelati,2026-07,5984.0
tamanmelati,2026-08,5446.0
tamanmelati,2026-09,5071.0
tamanmidah,2023-01,2160.0
tamanmidah,2023-02,2481.0
tamanmidah,2023-03,2678.0
tamanmidah,2023-04,2328.0
tamanmidah,2023-05,2499.0
tamanmidah,2023-06,2579.0
tamanmidah,2023-07,2536.0
tamanmidah,2023-08,2602.0
tamanmidah,2023-09,2656.0
tamanmidah,2023-10,2722.0
tamanmidah,2023-11,2747.0
tamanmidah,2023-12,2874.0
tamanmidah,2024-01,2939.0
tamanmidah,2024-02,2803.0
tamanmidah,2024-03,2917.0
tamanmidah,2024-04,2865.0
tamanmidah,2024-05,3089.0
tamanmidah,2024-06,2995.0
tamanmidah,2024-07,3249.0
tamanmidah,2024-08,3204.0
tamanmidah,2024-09,3091.0
tamanmidah,2024-10,3263.0
tamanmidah,2024-11,3254.0
tamanmidah,2024-12,3252.0
tamanmidah,2025-01,3068.0
tamanmidah,2025-02,3286.0
tamanmidah,2025-03,3150.0
tamanmidah,2025-04,3305.0
tamanmidah,2025-05,3369.0
tamanmidah,2025-06,3292.0
tamanmidah,2025-07,3631.0
tamanmidah,2025-08,3588.0
tamanmidah,2025-09,3301.0
tamanmidah,2025-10,3494.0
tamanmidah,2025-11,3460.0
tamanmidah,2025-12,3540.0
tamanmidah,2026-01,3518.0
tamanmidah,2026-02,3178.0
tamanmidah,2026-03,3187.0
tamanmidah,2026-04,3578.0
tamanmidah,2026-05,3326.0
tamanmidah,2026-06,3409.0
tamanmidah,2026-07,3617.0
tamanmidah,2026-08,3422.0
tamanmidah,2026-09,3332.0
tamanmutiara,2023-01,4399.0
tamanmutiara,2023-02,4845.0
tamanmutiara,2023-03,5166.0
tamanmutiara,2023-04,4673.0
tamanmutiara,2023-05,4973.0
tamanmutiara,2023-06,5032.0
tamanmutiara,2023-07,5061.0
tamanmutiara,2023-08,5314.0
tamanmutiara,2023-09,5274.0
tamanmutiara,2023-10,5369.0
tamanmutiara,2023-11,5329.0
tamanmutiara,2023-12,5750.0
tamanmutiara,2024-01,5670.0
tamanmutiara,2024-02,5487.0
tamanmutiara,2024-03,5743.0
tamanmutiara,2024-04,5496.0
tamanmutiara,2024-05,5859.0
tamanmutiara,2024-06,5860.0
tamanmutiara,2024-07,6148.0
tamanmutiara,2024-08,6150.0
tamanmutiara,2024-09,6069.0
tamanmutiara,2024-10,6283.0
tamanmutiara,2024-11,6326.0
tamanmutiara,2024-12,6393.0
tamanmutiara,2025-01,6039.0
tamanmutiara,2025-02,6323.0
tamanmutiara,2025-03,6199.0
tamanmutiara,2025-04,6396.0
tamanmutiara,2025-05,6420.0
tamanmutiara,2025-06,6375.0
tamanmutiara,2025-07,6804.0
tamanmutiara,2025-08,6819.0
tamanmutiara,2025-09,6310.0
tamanmutiara,2025-10,6519.0
tamanmutiara,2025-11,6482.0
tamanmutiara,2025-12,6796.0
tamanmutiara,2026-01,6609.0
tamanmutiara,2026-02,6167.0
tamanmutiara,2026-03,6377.0
tamanmutiara,2026-04,6643.0
tamanmutiara,2026-05,6399.0
tamanmutiara,2026-06,6407.0
tamanmutiara,2026-07,6758.0
tamanmutiara,2026-08,6602.0
tamanmutiara,2026-09,6496.0
tamannagaemas,2023-01,0.0
tamannagaemas,2023-02,0.0
tamannagaemas,2023-03,237.0
tamannagaemas,2023-04,401.0
tamannagaemas,2023-05,470.0
tamannagaemas,2023-06,532.0
tamannagaemas,2023-07,594.0
tamannagaemas,2023-08,675.0
tamannagaemas,2023-09,681.0
tamannagaemas,2023-10,751.0
tamannagaemas,2023-11,774.0
tamannagaemas,2023-12,943.0
tamannagaemas,2024-01,899.0
tamannagaemas,2024-02,874.0
tamannagaemas,2024-03,918.0
tamannagaemas,2024-04,927.0
tamannagaemas,2024-05,979.0
tamannagaemas,2024-06,979.0
tamannagaemas,2024-07,1055.0
tamannagaemas,2024-08,1074.0
tamannagaemas,2024-09,1068.0
tamannagaemas,2024-10,1158.0
tamannagaemas,2024-11,1155.0
tamannagaemas,2024-12,1160.0
tamannagaemas,2025-01,1097.0
tamannagaemas,2025-02,1188.0
tamannagaemas,2025-03,1127.0
tamannagaemas,2025-04,1218.0
tamannagaemas,2025-05,1229.0
tamannagaemas,2025-06,1245.0
tamannagaemas,2025-07,1385.0
tamannagaemas,2025-08,1356.0
tamannagaemas,2025-09,1283.0
tamannagaemas,2025-10,1251.0
tamannagaemas,2025-11,1311.0
tamannagaemas,2025-12,1345.0
tamannagaemas,2026-01,1381.0
tamannagaemas,2026-02,1212.0
tamannagaemas,2026-03,1295.0
tamannagaemas,2026-04,1417.0
tamannagaemas,2026-05,1313.0
tamannagaemas,2026-06,1302.0
tamannagaemas,2026-07,1441.0
tamannagaemas,2026-08,1340.0
tamannagaemas,2026-09,1349.0
tamanparamount,2023-01,1716.0
tamanparamount,2023-02,1988.0
tamanparamount,2023-03,2133.0
tamanparamount,2023-04,1839.0
tamanparamount,2023-05,2002.0
tamanparamount,2023-06,2045.0
tamanparamount,2023-07,2118.0
tamanparamount,2023-08,2226.0
tamanparamount,2023-09,2153.0
tamanparamount,2023-10,2247.0
tamanparamount,2023-11,2223.0
tamanparamount,2023-12,2059.0
tamanparamount,2024-01,2217.0
tamanparamount,2024-02,2116.0
tamanparamount,2024-03,2260.0
tamanparamount,2024-04,2180.0
tamanparamount,2024-05,2337.0
tamanparamount,2024-06,2156.0
tamanparamount,2024-07,2420.0
tamanparamount,2024-08,2391.0
tamanparamount,2024-09,2240.0
tamanparamount,2024-10,2440.0
tamanparamount,2024-11,2396.0
tamanparamount,2024-12,2271.0
tamanparamount,2025-01,2202.0
tamanparamount,2025-02,2375.0
tamanparamount,2025-03,2242.0
tamanparamount,2025-04,2369.0
tamanparamount,2025-05,2370.0
tamanparamount,2025-06,2299.0
tamanparamount,2025-07,2656.0
tamanparamount,2025-08,2605.0
tamanparamount,2025-09,2403.0
tamanparamount,2025-10,2542.0
tamanparamount,2025-11,2513.0
tamanparamount,2025-12,2463.0
tamanparamount,2026-01,2558.0
tamanparamount,2026-02,2291.0
tamanparamount,2026-03,2424.0
tamanparamount,2026-04,2693.0
tamanparamount,2026-05,2382.0
tamanparamount,2026-06,2396.0
tamanparamount,2026-07,2677.0
tamanparamount,2026-08,2440.0
tamanparamount,2026-09,2429.0
tamanperindustrianpuchong,2023-01,878.0
tamanperindustrianpuchong,2023-02,985.0
tamanperindustrianpuchong,2023-03,998.0
tamanperindustrianpuchong,2023-04,855.0
tamanperindustrianpuchong,2023-05,958.0
tamanperindustrianpuchong,2023-06,972.0
tamanperindustrianpuchong,2023-07,991.0
tamanperindustrianpuchong,2023-08,1033.0
tamanperindustrianpuchong,2023-09,1009.0
tamanperindustrianpuchong,2023-10,1063.0
tamanperindustrianpuchong,2023-11,1081.0
tamanperindustrianpuchong,2023-12,999.0
tamanperindustrianpuchong,2024-01,1065.0
tamanperindustrianpuchong,2024-02,1057.0
tamanperindustrianpuchong,2024-03,1107.0
tamanperindustrianpuchong,2024-04,1080.0
tamanperindustrianpuchong,2024-05,1186.0
tamanperindustrianpuchong,2024-06,1129.0
tamanperindustrianpuchong,2024-07,1218.0
tamanperindustrianpuchong,2024-08,1242.0
tamanperindustrianpuchong,2024-09,1152.0
tamanperindustrianpuchong,2024-10,1250.0
tamanperindustrianpuchong,2024-11,1246.0
tamanperindustrianpuchong,2024-12,1177.0
tamanperindustrianpuchong,2025-01,1178.0
tamanperindustrianpuchong,2025-02,1261.0
tamanperindustrianpuchong,2025-03,1256.0
tamanperindustrianpuchong,2025-04,1280.0
tamanperindustrianpuchong,2025-05,1296.0
tamanperindustrianpuchong,2025-06,1283.0
tamanperindustrianpuchong,2025-07,1408.0
tamanperindustrianpuchong,2025-08,1364.0
tamanperindustrianpuchong,2025-09,1263.0
tamanperindustrianpuchong,2025-10,1478.0
tamanperindustrianpuchong,2025-11,1336.0
tamanperindustrianpuchong,2025-12,1265.0
tamanperindustrianpuchong,2026-01,1385.0
tamanperindustrianpuchong,2026-02,1193.0
tamanperindustrianpuchong,2026-03,1263.0
tamanperindustrianpuchong,2026-04,1458.0
tamanperindustrianpuchong,2026-05,1302.0
tamanperindustrianpuchong,2026-06,1318.0
tamanperindustrianpuchong,2026-07,1477.0
tamanperindustrianpuchong,2026-08,1361.0
tamanperindustrianpuchong,2026-09,1340.0
tamanpertama,2023-01,1917.0
tamanpertama,2023-02,2193.0
tamanpertama,2023-03,2262.0
tamanpertama,2023-04,2030.0
tamanpertama,2023-05,2275.0
tamanpertama,2023-06,2269.0
tamanpertama,2023-07,2423.0
tamanpertama,2023-08,2466.0
tamanpertama,2023-09,2410.0
tamanpertama,2023-10,2456.0
tamanpertama,2023-11,2566.0
tamanpertama,2023-12,2569.0
tamanpertama,2024-01,2667.0
tamanpertama,2024-02,2351.0
tamanpertama,2024-03,2517.0
tamanpertama,2024-04,2535.0
tamanpertama,2024-05,2572.0
tamanpertama,2024-06,2594.0
tamanpertama,2024-07,2868.0
tamanpertama,2024-08,2806.0
tamanpertama,2024-09,2615.0
tamanpertama,2024-10,2868.0
tamanpertama,2024-11,2888.0
tamanpertama,2024-12,2805.0
tamanpertama,2025-01,2652.0
tamanpertama,2025-02,2698.0
tamanpertama,2025-03,2678.0
tamanpertama,2025-04,2823.0
tamanpertama,2025-05,2759.0
tamanpertama,2025-06,2732.0
tamanpertama,2025-07,2900.0
tamanpertama,2025-08,2865.0
tamanpertama,2025-09,2618.0
tamanpertama,2025-10,2770.0
tamanpertama,2025-11,2774.0
tamanpertama,2025-12,2696.0
tamanpertama,2026-01,2736.0
tamanpertama,2026-02,2490.0
tamanpertama,2026-03,2505.0
tamanpertama,2026-04,2884.0
tamanpertama,2026-05,2726.0
tamanpertama,2026-06,2844.0
tamanpertama,2026-07,3129.0
tamanpertama,2026-08,3026.0
tamanpertama,2026-09,2994.0
tamanselatan,2026-08,521.0
tamanselatan,2026-09,460.0
tamansuntex,2023-01,2339.0
tamansuntex,2023-02,2558.0
tamansuntex,2023-03,2739.0
tamansuntex,2023-04,2460.0
tamansuntex,2023-05,2627.0
tamansuntex,2023-06,2605.0
tamansuntex,2023-07,2584.0
tamansuntex,2023-08,2673.0
tamansuntex,2023-09,2618.0
tamansuntex,2023-10,2632.0
tamansuntex,2023-11,2639.0
tamansuntex,2023-12,2610.0
tamansuntex,2024-01,2663.0
tamansuntex,2024-02,2571.0
tamansuntex,2024-03,2784.0
tamansuntex,2024-04,2824.0
tamansuntex,2024-05,3063.0
tamansuntex,2024-06,3107.0
tamansuntex,2024-07,3423.0
tamansuntex,2024-08,3493.0
tamansuntex,2024-09,3636.0
tamansuntex,2024-10,3920.0
tamansuntex,2024-11,3937.0
tamansuntex,2024-12,3918.0
tamansuntex,2025-01,3821.0
tamansuntex,2025-02,4028.0
tamansuntex,2025-03,3997.0
tamansuntex,2025-04,4100.0
tamansuntex,2025-05,4085.0
tamansuntex,2025-06,4100.0
tamansuntex,2025-07,4336.0
tamansuntex,2025-08,4337.0
tamansuntex,2025-09,4028.0
tamansuntex,2025-10,4183.0
tamansuntex,2025-11,4189.0
tamansuntex,2025-12,4211.0
tamansuntex,2026-01,4281.0
tamansuntex,2026-02,3814.0
tamansuntex,2026-03,4153.0
tamansuntex,2026-04,4399.0
tamansuntex,2026-05,4105.0
tamansuntex,2026-06,4106.0
tamansuntex,2026-07,4427.0
tamansuntex,2026-08,4252.0
tamansuntex,2026-09,4225.0
titiwangsa,2023-01,4811.0
titiwangsa,2023-02,4377.0
titiwangsa,2023-03,4787.0
titiwangsa,2023-04,4041.0
titiwangsa,2023-05,4315.0
titiwangsa,2023-06,4305.0
titiwangsa,2023-07,4087.0
titiwangsa,2023-08,4170.0
titiwangsa,2023-09,3978.0
titiwangsa,2023-10,4218.0
titiwangsa,2023-11,4412.0
titiwangsa,2023-12,4555.0
titiwangsa,2024-01,4304.0
titiwangsa,2024-02,4501.0
titiwangsa,2024-03,4733.0
titiwangsa,2024-04,4654.0
titiwangsa,2024-05,5103.0
titiwangsa,2024-06,5007.0
titiwangsa,2024-07,5021.0
titiwangsa,2024-08,5092.0
titiwangsa,2024-09,4949.0
titiwangsa,2024-10,5214.0
titiwangsa,2024-11,5353.0
titiwangsa,2024-12,5380.0
titiwangsa,2025-01,5283.0
titiwangsa,2025-02,5354.0
titiwangsa,2025-03,5042.0
titiwangsa,2025-04,5244.0
titiwangsa,2025-05,5534.0
titiwangsa,2025-06,5422.0
titiwangsa,2025-07,5491.0
titiwangsa,2025-08,5541.0
titiwangsa,2025-09,5150.0
titiwangsa,2025-10,5792.0
titiwangsa,2025-11,5507.0
titiwangsa,2025-12,5685.0
titiwangsa,2026-01,5526.0
titiwangsa,2026-02,5372.0
titiwangsa,2026-03,5216.0
titiwangsa,2026-04,5575.0
titiwangsa,2026-05,5302.0
titiwangsa,2026-06,5000.0
titiwangsa,2026-07,5151.0
titiwangsa,2026-08,5049.0
titiwangsa,2026-09,4958.0
ttdi,2023-01,3263.0
ttdi,2023-02,3603.0
ttdi,2023-03,4042.0
ttdi,2023-04,3332.0
ttdi,2023-05,3580.0
ttdi,2023-06,3646.0
ttdi,2023-07,3667.0
ttdi,2023-08,3841.0
ttdi,2023-09,3782.0
ttdi,2023-10,4091.0
ttdi,2023-11,4126.0
ttdi,2023-12,3830.0
ttdi,2024-01,4127.0
ttdi,2024-02,3895.0
ttdi,2024-03,4166.0
ttdi,2024-04,3902.0
ttdi,2024-05,4223.0
ttdi,2024-06,4060.0
ttdi,2024-07,4509.0
ttdi,2024-08,4526.0
ttdi,2024-09,4332.0
ttdi,2024-10,4651.0
ttdi,2024-11,4599.0
ttdi,2024-12,4352.0
ttdi,2025-01,4360.0
ttdi,2025-02,4710.0
ttdi,2025-03,4595.0
ttdi,2025-04,4615.0
ttdi,2025-05,4594.0
ttdi,2025-06,4562.0
ttdi,2025-07,5089.0
ttdi,2025-08,5015.0
ttdi,2025-09,4594.0
ttdi,2025-10,4953.0
ttdi,2025-11,4914.0
ttdi,2025-12,4648.0
ttdi,2026-01,4954.0
ttdi,2026-02,4519.0
ttdi,2026-03,4671.0
ttdi,2026-04,5294.0
ttdi,2026-05,4712.0
ttdi,2026-06,4810.0
ttdi,2026-07,5367.0
ttdi,2026-08,4908.0
ttdi,2026-09,4827.0
tunrazakexchange,2023-01,4100.0
tunrazakexchange,2023-02,4682.0
tunrazakexchange,2023-03,5627.0
tunrazakexchange,2023-04,4162.0
tunrazakexchange,2023-05,4969.0
tunrazakexchange,2023-06,4957.0
tunrazakexchange,2023-07,4968.0
tunrazakexchange,2023-08,5417.0
tunrazakexchange,2023-09,5134.0
tunrazakexchange,2023-10,5751.0
tunrazakexchange,2023-11,7081.0
tunrazakexchange,2023-12,19717.0
tunrazakexchange,2024-01,13854.0
tunrazakexchange,2024-02,15120.0
tunrazakexchange,2024-03,12740.0
tunrazakexchange,2024-04,12611.0
tunrazakexchange,2024-05,13886.0
tunrazakexchange,2024-06,14663.0
tunrazakexchange,2024-07,14767.0
tunrazakexchange,2024-08,14206.0
tunrazakexchange,2024-09,14699.0
tunrazakexchange,2024-10,14462.0
tunrazakexchange,2024-11,14614.0
tunrazakexchange,2024-12,16834.0
tunrazakexchange,2025-01,14723.0
tunrazakexchange,2025-02,14507.0
tunrazakexchange,2025-03,12768.0
tunrazakexchange,2025-04,13853.0
tunrazakexchange,2025-05,15080.0
tunrazakexchange,2025-06,15586.0
tunrazakexchange,2025-07,15145.0
tunrazakexchange,2025-08,16046.0
tunrazakexchange,2025-09,15947.0
tunrazakexchange,2025-10,15768.0
tunrazakexchange,2025-11,15927.0
tunrazakexchange,2025-12,18001.0
tunrazakexchange,2026-01,15691.0
tunrazakexchange,2026-02,14927.0
tunrazakexchange,2026-03,14698.0
tunrazakexchange,2026-04,15469.0
tunrazakexchange,2026-05,15420.0
tunrazakexchange,2026-06,14787.0
tunrazakexchange,2026-07,15903.0
tunrazakexchange,2026-08,15983.0
tunrazakexchange,2026-09,16371.0
tunsambanthan,2023-01,1039.0
tunsambanthan,2023-02,1216.0
tunsambanthan,2023-03,1301.0
tunsambanthan,2023-04,1167.0
tunsambanthan,2023-05,1319.0
tunsambanthan,2023-06,1312.0
tunsambanthan,2023-07,1555.0
tunsambanthan,2023-08,1542.0
tunsambanthan,2023-09,1724.0
tunsambanthan,2023-10,1646.0
tunsambanthan,2023-11,1456.0
tunsambanthan,2023-12,1091.0
tunsambanthan,2024-01,1597.0
tunsambanthan,2024-02,1303.0
tunsambanthan,2024-03,1628.0
tunsambanthan,2024-04,1564.0
tunsambanthan,2024-05,1470.0
tunsambanthan,2024-06,1548.0
tunsambanthan,2024-07,1785.0
tunsambanthan,2024-08,1819.0
tunsambanthan,2024-09,1640.0
tunsambanthan,2024-10,1751.0
tunsambanthan,2024-11,1564.0
tunsambanthan,2024-12,1204.0
tunsambanthan,2025-01,1401.0
tunsambanthan,2025-02,1736.0
tunsambanthan,2025-03,1850.0
tunsambanthan,2025-04,1846.0
tunsambanthan,2025-05,1888.0
tunsambanthan,2025-06,1622.0
tunsambanthan,2025-07,2198.0
tunsambanthan,2025-08,2072.0
tunsambanthan,2025-09,1822.0
tunsambanthan,2025-10,1912.0
tunsambanthan,2025-11,1782.0
tunsambanthan,2025-12,1255.0
tunsambanthan,2026-01,1880.0
tunsambanthan,2026-02,1879.0
tunsambanthan,2026-03,1807.0
tunsambanthan,2026-04,2112.0
tunsambanthan,2026-05,1822.0
tunsambanthan,2026-06,1806.0
tunsambanthan,2026-07,2232.0
tunsambanthan,2026-08,2063.0
tunsambanthan,2026-09,2030.0
uitmshahalam,2026-08,607.0
uitmshahalam,2026-09,579.0
universiti,2023-01,5283.0
universiti,2023-02,5617.0
universiti,2023-03,6177.0
universiti,2023-04,5290.0
universiti,2023-05,5913.0
universiti,2023-06,5822.0
universiti,2023-07,5750.0
universiti,2023-08,5903.0
universiti,2023-09,5782.0
universiti,2023-10,6645.0
universiti,2023-11,6615.0
universiti,2023-12,6067.0
universiti,2024-01,6222.0
universiti,2024-02,5759.0
universiti,2024-03,6463.0
universiti,2024-04,5767.0
universiti,2024-05,6513.0
universiti,2024-06,5940.0
universiti,2024-07,6386.0
universiti,2024-08,6360.0
universiti,2024-09,5857.0
universiti,2024-10,7133.0
universiti,2024-11,6979.0
universiti,2024-12,6693.0
universiti,2025-01,6339.0
universiti,2025-02,6540.0
universiti,2025-03,6031.0
universiti,2025-04,6828.0
universiti,2025-05,6753.0
universiti,2025-06,6485.0
universiti,2025-07,7134.0
universiti,2025-08,6823.0
universiti,2025-09,6095.0
universiti,2025-10,7091.0
universiti,2025-11,6934.0
universiti,2025-12,6960.0
universiti,2026-01,6913.0
universiti,2026-02,6082.0
universiti,2026-03,6094.0
universiti,2026-04,7389.0
universiti,2026-05,6492.0
universiti,2026-06,6458.0
universiti,2026-07,7158.0
universiti,2026-08,6543.0
universiti,2026-09,6412.0
upm,2023-01,0.0
upm,2023-02,0.0
upm,2023-03,443.0
upm,2023-04,578.0
upm,2023-05,746.0
upm,2023-06,739.0
upm,2023-07,710.0
upm,2023-08,715.0
upm,2023-09,723.0
upm,2023-10,947.0
upm,2023-11,1142.0
upm,2023-12,1236.0
upm,2024-01,1065.0
upm,2024-02,993.0
upm,2024-03,1062.0
upm,2024-04,1068.0
upm,2024-05,1335.0
upm,2024-06,1214.0
upm,2024-07,1220.0
upm,2024-08,1081.0
upm,2024-09,1164.0
upm,2024-10,1352.0
upm,2024-11,1430.0
upm,2024-12,1495.0
upm,2025-01,1311.0
upm,2025-02,1341.0
upm,2025-03,1058.0
upm,2025-04,1342.0
upm,2025-05,1527.0
upm,2025-06,1419.0
upm,2025-07,1467.0
upm,2025-08,1253.0
upm,2025-09,1202.0
upm,2025-10,1381.0
upm,2025-11,1611.0
upm,2025-12,1609.0
upm,2026-01,1495.0
upm,2026-02,1239.0
upm,2026-03,1139.0
upm,2026-04,1718.0
upm,2026-05,1571.0
upm,2026-06,1533.0
upm,2026-07,1583.0
upm,2026-08,1386.0
upm,2026-09,1379.0
usj21,2023-01,1000.0
usj21,2023-02,1118.0
usj21,2023-03,1221.0
usj21,2023-04,1068.0
usj21,2023-05,1211.0
usj21,2023-06,1219.0
usj21,2023-07,1228.0
usj21,2023-08,1272.0
usj21,2023-09,1273.0
usj21,2023-10,1309.0
usj21,2023-11,1313.0
usj21,2023-12,1206.0
usj21,2024-01,1324.0
usj21,2024-02,1265.0
usj21,2024-03,1302.0
usj21,2024-04,1275.0
usj21,2024-05,1395.0
usj21,2024-06,1307.0
usj21,2024-07,1470.0
usj21,2024-08,1474.0
usj21,2024-09,1413.0
usj21,2024-10,1510.0
usj21,2024-11,1485.0
usj21,2024-12,1379.0
usj21,2025-01,1395.0
usj21,2025-02,1530.0
usj21,2025-03,1468.0
usj21,2025-04,1544.0
usj21,2025-05,1515.0
usj21,2025-06,1462.0
usj21,2025-07,1643.0
usj21,2025-08,1598.0
usj21,2025-09,1492.0
usj21,2025-10,1546.0
usj21,2025-11,1536.0
usj21,2025-12,1483.0
usj21,2026-01,1590.0
usj21,2026-02,1406.0
usj21,2026-03,1457.0
usj21,2026-04,1629.0
usj21,2026-05,1444.0
usj21,2026-06,1470.0
usj21,2026-07,1622.0
usj21,2026-08,1470.0
usj21,2026-09,1456.0
usj7,2023-01,1640.0
usj7,2023-02,1898.0
usj7,2023-03,2011.0
usj7,2023-04,1764.0
usj7,2023-05,1920.0
usj7,2023-06,1930.0
usj7,2023-07,1951.0
usj7,2023-08,1981.0
usj7,2023-09,2019.0
usj7,2023-10,2054.0
usj7,2023-11,2019.0
usj7,2023-12,1890.0
usj7,2024-01,1866.0
usj7,2024-02,1864.0
usj7,2024-03,1915.0
usj7,2024-04,1904.0
usj7,2024-05,1966.0
usj7,2024-06,1857.0
usj7,2024-07,2052.0
usj7,2024-08,2012.0
usj7,2024-09,1933.0
usj7,2024-10,2039.0
usj7,2024-11,2010.0
usj7,2024-12,1877.0
usj7,2025-01,1843.0
usj7,2025-02,1989.0
usj7,2025-03,1838.0
usj7,2025-04,1953.0
usj7,2025-05,2104.0
usj7,2025-06,2005.0
usj7,2025-07,2201.0
usj7,2025-08,2204.0
usj7,2025-09,2123.0
usj7,2025-10,2215.0
usj7,2025-11,2190.0
usj7,2025-12,2139.0
usj7,2026-01,2170.0
usj7,2026-02,2068.0
usj7,2026-03,2047.0
usj7,2026-04,2208.0
usj7,2026-05,2079.0
usj7,2026-06,2090.0
usj7,2026-07,2321.0
usj7,2026-08,2180.0
usj7,2026-09,2243.0
wangsamaju,2023-01,6319.0
wangsamaju,2023-02,7434.0
wangsamaju,2023-03,8582.0
wangsamaju,2023-04,7549.0
wangsamaju,2023-05,7461.0
wangsamaju,2023-06,7116.0
wangsamaju,2023-07,8319.0
wangsamaju,2023-08,8627.0
wangsamaju,2023-09,8451.0
wangsamaju,2023-10,8073.0
wangsamaju,2023-11,8327.0
wangsamaju,2023-12,8381.0
wangsamaju,2024-01,7977.0
wangsamaju,2024-02,7346.0
wangsamaju,2024-03,8991.0
wangsamaju,2024-04,8126.0
wangsamaju,2024-05,8060.0
wangsamaju,2024-06,7079.0
wangsamaju,2024-07,9114.0
wangsamaju,2024-08,8986.0
wangsamaju,2024-09,8254.0
wangsamaju,2024-10,8054.0
wangsamaju,2024-11,8403.0
wangsamaju,2024-12,8718.0
wangsamaju,2025-01,7181.0
wangsamaju,2025-02,8390.0
wangsamaju,2025-03,9362.0
wangsamaju,2025-04,8598.0
wangsamaju,2025-05,8009.0
wangsamaju,2025-06,7647.0
wangsamaju,2025-07,9546.0
wangsamaju,2025-08,9182.0
wangsamaju,2025-09,7969.0
wangsamaju,2025-10,7792.0
wangsamaju,2025-11,8514.0
wangsamaju,2025-12,8664.0
wangsamaju,2026-01,8001.0
wangsamaju,2026-02,7884.0
wangsamaju,2026-03,8636.0
wangsamaju,2026-04,8793.0
wangsamaju,2026-05,7160.0
wangsamaju,2026-06,8133.0
wangsamaju,2026-07,9331.0
wangsamaju,2026-08,8487.0
wangsamaju,2026-09,7931.0
wawasan,2023-01,1061.0
wawasan,2023-02,1163.0
wawasan,2023-03,1234.0
wawasan,2023-04,1117.0
wawasan,2023-05,1199.0
wawasan,2023-06,1230.0
wawasan,2023-07,1250.0
wawasan,2023-08,1280.0
wawasan,2023-09,1312.0
wawasan,2023-10,1338.0
wawasan,2023-11,1330.0
wawasan,2023-12,1231.0
wawasan,2024-01,1341.0
wawasan,2024-02,1308.0
wawasan,2024-03,1351.0
wawasan,2024-04,1372.0
wawasan,2024-05,1463.0
wawasan,2024-06,1378.0
wawasan,2024-07,1509.0
wawasan,2024-08,1454.0
wawasan,2024-09,1384.0
wawasan,2024-10,1490.0
wawasan,2024-11,1468.0
wawasan,2024-12,1371.0
wawasan,2025-01,1373.0
wawasan,2025-02,1474.0
wawasan,2025-03,1416.0
wawasan,2025-04,1500.0
wawasan,2025-05,1485.0
wawasan,2025-06,1462.0
wawasan,2025-07,1632.0
wawasan,2025-08,1598.0
wawasan,2025-09,1485.0
wawasan,2025-10,1545.0
wawasan,2025-11,1468.0
wawasan,2025-12,1403.0
wawasan,2026-01,1523.0
wawasan,2026-02,1405.0
wawasan,2026-03,1440.0
wawasan,2026-04,1598.0
wawasan,2026-05,1456.0
wawasan,2026-06,1465.0
wawasan,2026-07,1653.0
wawasan,2026-08,1521.0
wawasan,2026-09,1526.0
